source_csv_line,bp (Diastolic),bp limit,sg,al,class,rbc,su,pc,pcc,ba,bgr,bu,sod,sc,pot,hemo,pcv,rbcc,wbcc,htn,dm,cad,appet,pe,ane,grf,stage,affected,age,target
4,0,0,1.019 - 1.021,1 - 1,ckd,0,< 0,0,0,0,< 112,< 48.1,138 - 143,< 3.65,< 7.31,11.3 - 12.6,33.5 - 37.4,4.46 - 5.05,7360 - 9740,0,0,0,0,0,0,>= 227.944,s1,1,< 12,1
5,0,0,1.009 - 1.011,< 0,ckd,0,< 0,0,0,0,112 - 154,< 48.1,133 - 138,< 3.65,< 7.31,11.3 - 12.6,33.5 - 37.4,4.46 - 5.05,12120 - 14500,0,0,0,0,0,0,>= 227.944,s1,1,< 12,1
6,0,0,1.009 - 1.011,>= 4,ckd,1,< 0,1,0,1,< 112,48.1 - 86.2,133 - 138,< 3.65,< 7.31,8.7 - 10,29.6 - 33.5,4.46 - 5.05,14500 - 16880,0,0,0,1,0,0,127.281 - 152.446,s1,1,< 12,1
7,1,1,1.009 - 1.011,3 - 3,ckd,0,< 0,0,0,0,112 - 154,< 48.1,133 - 138,< 3.65,< 7.31,13.9 - 15.2,41.3 - 45.2,4.46 - 5.05,7360 - 9740,0,0,0,0,0,0,127.281 - 152.446,s1,1,< 12,1
8,0,0,1.015 - 1.017,< 0,ckd,0,< 0,0,0,0,154 - 196,< 48.1,133 - 138,< 3.65,< 7.31,13.9 - 15.2,37.4 - 41.3,5.05 - 5.64,7360 - 9740,0,1,0,1,1,0,127.281 - 152.446,s1,1,12 - 20,1
9,1,1,>= 1.023,< 0,notckd,0,< 0,0,0,0,< 112,< 48.1,133 - 138,< 3.65,< 7.31,>= 16.5,>= 49.1,5.05 - 5.64,4980 - 7360,0,0,0,0,0,0,102.115 - 127.281,s1,0,12 - 20,0
10,0,0,1.019 - 1.021,3 - 3,ckd,0,< 0,0,0,0,< 112,< 48.1,138 - 143,< 3.65,< 7.31,10 - 11.3,29.6 - 33.5,3.28 - 3.87,7360 - 9740,1,1,0,0,0,0,177.612 - 202.778,s1,1,12 - 20,1
11,0,0,1.019 - 1.021,< 0,ckd,0,< 0,0,0,0,112 - 154,48.1 - 86.2,133 - 138,< 3.65,< 7.31,11.3 - 12.6,37.4 - 41.3,4.46 - 5.05,4980 - 7360,0,0,0,0,0,0,26.6175 - 51.7832,s4,1,12 - 20,1
12,0,0,>= 1.023,< 0,notckd,0,< 0,0,0,0,112 - 154,48.1 - 86.2,133 - 138,< 3.65,< 7.31,13.9 - 15.2,37.4 - 41.3,5.05 - 5.64,< 4980,0,0,0,0,0,0,26.6175 - 51.7832,s4,0,20 - 27,0
13,1,2,1.009 - 1.011,>= 4,ckd,0,< 0,1,1,1,< 112,< 48.1,123 - 128,< 3.65,< 7.31,7.4 - 8.7,21.8 - 25.7,3.87 - 4.46,12120 - 14500,0,0,0,0,0,1,51.7832 - 76.949,s3,1,20 - 27,1
14,0,0,>= 1.023,< 0,notckd,0,< 0,0,0,0,< 112,< 48.1,138 - 143,< 3.65,< 7.31,12.6 - 13.9,41.3 - 45.2,6.23 - 6.82,7360 - 9740,0,0,0,0,0,0,76.949 - 102.115,s2,0,20 - 27,0
15,0,0,>= 1.023,< 0,notckd,0,< 0,0,0,0,112 - 154,< 48.1,138 - 143,< 3.65,< 7.31,15.2 - 16.5,45.2 - 49.1,5.05 - 5.64,4980 - 7360,0,0,0,0,0,0,152.446 - 177.612,s1,0,20 - 27,0
16,1,1,1.019 - 1.021,< 0,notckd,0,< 0,0,0,0,< 112,< 48.1,143 - 148,< 3.65,< 7.31,11.3 - 12.6,37.4 - 41.3,6.23 - 6.82,9740 - 12120,0,0,0,0,0,0,76.949 - 102.115,s1,0,20 - 27,0
17,0,0,1.015 - 1.017,2 - 2,ckd,0,4 - 4,1,0,0,406 - 448,< 48.1,133 - 138,< 3.65,< 7.31,11.3 - 12.6,41.3 - 45.2,4.46 - 5.05,4980 - 7360,0,1,0,0,1,0,76.949 - 102.115,s2,1,20 - 27,1
18,1,1,>= 1.023,< 0,notckd,0,< 0,0,0,0,112 - 154,48.1 - 86.2,133 - 138,< 3.65,< 7.31,15.2 - 16.5,41.3 - 45.2,4.46 - 5.05,4980 - 7360,0,0,0,0,0,0,26.6175 - 51.7832,s4,0,20 - 27,0
19,0,0,1.019 - 1.021,< 0,notckd,0,< 0,0,0,0,< 112,< 48.1,133 - 138,< 3.65,< 7.31,12.6 - 13.9,45.2 - 49.1,4.46 - 5.05,4980 - 7360,0,0,0,0,0,0,202.778 - 227.944,s1,0,20 - 27,0
20,0,0,1.019 - 1.021,< 0,notckd,0,< 0,0,0,0,112 - 154,< 48.1,133 - 138,< 3.65,< 7.31,15.2 - 16.5,37.4 - 41.3,5.05 - 5.64,7360 - 9740,0,0,0,0,0,0,202.778 - 227.944,s1,0,20 - 27,0
21,0,0,1.019 - 1.021,< 0,ckd,0,< 0,0,0,0,< 112,< 48.1,123 - 128,3.65 - 6.8,< 7.31,11.3 - 12.6,37.4 - 41.3,4.46 - 5.05,7360 - 9740,0,0,0,1,1,1,< 26.6175,s4,1,20 - 27,1
22,0,0,1.019 - 1.021,< 0,notckd,0,< 0,0,0,0,112 - 154,< 48.1,143 - 148,< 3.65,< 7.31,11.3 - 12.6,41.3 - 45.2,6.23 - 6.82,7360 - 9740,0,0,0,0,0,0,152.446 - 177.612,s1,0,27 - 35,0
23,1,1,1.019 - 1.021,< 0,notckd,0,< 0,0,0,0,112 - 154,< 48.1,143 - 148,< 3.65,< 7.31,13.9 - 15.2,41.3 - 45.2,5.05 - 5.64,7360 - 9740,0,0,0,0,0,0,76.949 - 102.115,s1,0,27 - 35,0
24,1,1,1.019 - 1.021,< 0,notckd,0,< 0,0,0,0,< 112,< 48.1,138 - 143,< 3.65,< 7.31,>= 16.5,>= 49.1,4.46 - 5.05,9740 - 12120,0,0,0,0,0,0,202.778 - 227.944,s1,0,27 - 35,0
25,1,1,>= 1.023,< 0,notckd,0,< 0,0,0,0,< 112,< 48.1,143 - 148,< 3.65,< 7.31,13.9 - 15.2,41.3 - 45.2,5.64 - 6.23,7360 - 9740,0,0,0,0,0,0,127.281 - 152.446,s1,0,27 - 35,0
26,0,0,>= 1.023,< 0,notckd,0,< 0,0,0,0,112 - 154,< 48.1,148 - 153,< 3.65,< 7.31,12.6 - 13.9,41.3 - 45.2,5.64 - 6.23,9740 - 12120,0,0,0,0,0,0,102.115 - 127.281,s1,0,27 - 35,0
27,1,2,>= 1.023,1 - 1,ckd,1,< 0,1,0,0,112 - 154,200.5 - 238.6,< 118,16.25 - 19.4,< 7.31,< 6.1,< 17.9,2.69 - 3.28,< 4980,1,1,0,1,1,1,< 26.6175,s5,1,27 - 35,1
28,1,1,>= 1.023,< 0,notckd,0,< 0,0,0,0,< 112,< 48.1,138 - 143,< 3.65,< 7.31,>= 16.5,>= 49.1,5.64 - 6.23,4980 - 7360,0,0,0,0,0,0,51.7832 - 76.949,s2,0,27 - 35,0
29,0,0,1.019 - 1.021,< 0,notckd,0,< 0,0,0,0,112 - 154,< 48.1,138 - 143,< 3.65,< 7.31,15.2 - 16.5,>= 49.1,5.64 - 6.23,< 4980,0,0,0,0,0,0,102.115 - 127.281,s1,0,27 - 35,0
30,1,2,1.015 - 1.017,< 0,ckd,0,< 0,0,0,0,< 112,< 48.1,133 - 138,< 3.65,< 7.31,11.3 - 12.6,33.5 - 37.4,4.46 - 5.05,4980 - 7360,0,0,0,0,0,0,102.115 - 127.281,s1,1,27 - 35,1
31,1,1,>= 1.023,< 0,notckd,0,< 0,0,0,0,112 - 154,< 48.1,133 - 138,< 3.65,< 7.31,12.6 - 13.9,41.3 - 45.2,4.46 - 5.05,4980 - 7360,0,0,0,0,0,0,152.446 - 177.612,s1,0,27 - 35,0
32,0,0,>= 1.023,< 0,notckd,0,< 0,0,0,0,< 112,< 48.1,143 - 148,< 3.65,< 7.31,>= 16.5,45.2 - 49.1,5.64 - 6.23,7360 - 9740,0,0,0,0,0,0,177.612 - 202.778,s1,0,27 - 35,0
33,1,1,>= 1.023,< 0,notckd,0,< 0,0,0,0,112 - 154,< 48.1,143 - 148,< 3.65,< 7.31,12.6 - 13.9,>= 49.1,6.23 - 6.82,7360 - 9740,0,0,0,0,0,0,51.7832 - 76.949,s2,0,27 - 35,0
34,0,0,1.019 - 1.021,< 0,notckd,0,< 0,0,0,0,< 112,< 48.1,133 - 138,< 3.65,< 7.31,15.2 - 16.5,45.2 - 49.1,5.05 - 5.64,4980 - 7360,0,0,0,0,0,0,177.612 - 202.778,s1,0,27 - 35,0
35,1,1,< 1.007,3 - 3,ckd,1,< 0,0,0,0,112 - 154,48.1 - 86.2,133 - 138,< 3.65,< 7.31,8.7 - 10,25.7 - 29.6,4.46 - 5.05,7360 - 9740,0,0,0,0,1,0,< 26.6175,s4,1,27 - 35,1
36,1,1,1.009 - 1.011,< 0,ckd,0,< 0,0,0,0,< 112,48.1 - 86.2,133 - 138,< 3.65,< 7.31,11.3 - 12.6,33.5 - 37.4,4.46 - 5.05,7360 - 9740,0,0,0,0,0,0,< 26.6175,s4,1,35 - 43,1
37,1,0,>= 1.023,< 0,notckd,0,< 0,0,0,0,< 112,< 48.1,133 - 138,< 3.65,< 7.31,15.2 - 16.5,>= 49.1,5.64 - 6.23,4980 - 7360,0,0,0,0,0,0,102.115 - 127.281,s1,0,35 - 43,0
38,1,2,1.009 - 1.011,< 0,ckd,1,< 0,0,0,0,112 - 154,< 48.1,133 - 138,< 3.65,< 7.31,13.9 - 15.2,41.3 - 45.2,5.05 - 5.64,< 4980,1,0,0,0,0,0,51.7832 - 76.949,s2,1,35 - 43,1
39,1,1,1.019 - 1.021,< 0,notckd,0,< 0,0,0,0,< 112,< 48.1,143 - 148,< 3.65,< 7.31,12.6 - 13.9,41.3 - 45.2,6.23 - 6.82,4980 - 7360,0,0,0,0,0,0,177.612 - 202.778,s1,0,35 - 43,0
40,0,0,>= 1.023,< 0,notckd,0,< 0,0,0,0,112 - 154,< 48.1,143 - 148,< 3.65,< 7.31,15.2 - 16.5,37.4 - 41.3,4.46 - 5.05,7360 - 9740,0,0,0,0,0,0,152.446 - 177.612,s1,0,35 - 43,0
41,0,0,1.009 - 1.011,< 0,ckd,0,< 0,0,0,0,112 - 154,< 48.1,133 - 138,< 3.65,< 7.31,10 - 11.3,29.6 - 33.5,4.46 - 5.05,7360 - 9740,0,1,0,0,0,0,102.115 - 127.281,s1,1,35 - 43,1
42,1,1,1.019 - 1.021,< 0,notckd,0,< 0,0,0,0,112 - 154,< 48.1,148 - 153,< 3.65,< 7.31,11.3 - 12.6,37.4 - 41.3,4.46 - 5.05,7360 - 9740,0,0,0,0,0,0,127.281 - 152.446,s1,0,35 - 43,0
43,0,0,1.019 - 1.021,< 0,notckd,0,< 0,0,0,0,112 - 154,< 48.1,138 - 143,< 3.65,< 7.31,>= 16.5,37.4 - 41.3,5.64 - 6.23,4980 - 7360,0,0,0,0,0,0,152.446 - 177.612,s1,0,35 - 43,0
44,1,1,>= 1.023,< 0,notckd,0,< 0,0,0,0,112 - 154,< 48.1,138 - 143,< 3.65,< 7.31,>= 16.5,>= 49.1,5.64 - 6.23,4980 - 7360,0,0,0,0,0,0,127.281 - 152.446,s1,0,35 - 43,0
45,1,2,1.015 - 1.017,>= 4,ckd,0,< 0,1,0,1,112 - 154,48.1 - 86.2,128 - 133,< 3.65,< 7.31,10 - 11.3,37.4 - 41.3,4.46 - 5.05,7360 - 9740,1,0,0,1,0,0,51.7832 - 76.949,s3,1,35 - 43,1
46,1,1,1.019 - 1.021,< 0,notckd,0,< 0,0,0,0,112 - 154,< 48.1,138 - 143,< 3.65,< 7.31,13.9 - 15.2,>= 49.1,4.46 - 5.05,4980 - 7360,0,0,0,0,0,0,127.281 - 152.446,s1,0,35 - 43,0
47,1,2,1.019 - 1.021,2 - 2,ckd,1,< 0,1,1,0,< 112,124.3 - 162.4,138 - 143,< 3.65,< 7.31,8.7 - 10,33.5 - 37.4,4.46 - 5.05,9740 - 12120,0,0,0,1,1,1,26.6175 - 51.7832,s4,1,35 - 43,1
48,1,1,>= 1.023,< 0,notckd,0,< 0,0,0,0,< 112,< 48.1,133 - 138,< 3.65,< 7.31,13.9 - 15.2,45.2 - 49.1,4.46 - 5.05,4980 - 7360,0,0,0,0,0,0,152.446 - 177.612,s1,0,43 - 51,0
49,1,1,1.019 - 1.021,< 0,notckd,0,< 0,0,0,0,112 - 154,< 48.1,133 - 138,< 3.65,< 7.31,11.3 - 12.6,41.3 - 45.2,4.46 - 5.05,7360 - 9740,0,0,0,0,0,0,76.949 - 102.115,s2,0,43 - 51,0
50,0,0,1.019 - 1.021,< 0,notckd,0,< 0,0,0,0,< 112,< 48.1,148 - 153,< 3.65,< 7.31,13.9 - 15.2,>= 49.1,6.23 - 6.82,7360 - 9740,0,0,0,0,0,0,76.949 - 102.115,s1,0,43 - 51,0
51,1,2,1.009 - 1.011,1 - 1,ckd,0,< 0,0,0,0,112 - 154,< 48.1,133 - 138,< 3.65,< 7.31,13.9 - 15.2,45.2 - 49.1,4.46 - 5.05,7360 - 9740,0,0,0,0,0,0,76.949 - 102.115,s2,1,43 - 51,1
52,0,0,>= 1.023,< 0,notckd,0,< 0,0,0,0,112 - 154,48.1 - 86.2,133 - 138,< 3.65,< 7.31,12.6 - 13.9,45.2 - 49.1,3.87 - 4.46,7360 - 9740,0,0,0,0,0,0,< 26.6175,s4,0,43 - 51,0
53,1,1,1.019 - 1.021,< 0,notckd,0,< 0,0,0,0,112 - 154,< 48.1,133 - 138,< 3.65,< 7.31,15.2 - 16.5,41.3 - 45.2,5.05 - 5.64,7360 - 9740,0,0,0,0,0,0,51.7832 - 76.949,s2,0,43 - 51,0
54,0,0,1.009 - 1.011,2 - 2,ckd,0,< 0,1,1,0,238 - 280,48.1 - 86.2,133 - 138,3.65 - 6.8,< 7.31,10 - 11.3,25.7 - 29.6,4.46 - 5.05,7360 - 9740,1,1,0,0,0,0,< 26.6175,s4,1,43 - 51,1
55,1,1,1.019 - 1.021,3 - 3,ckd,0,< 0,1,0,0,406 - 448,48.1 - 86.2,133 - 138,< 3.65,< 7.31,11.3 - 12.6,37.4 - 41.3,4.46 - 5.05,7360 - 9740,0,0,0,1,0,0,< 26.6175,s4,1,43 - 51,1
56,0,0,>= 1.023,2 - 2,ckd,0,< 0,1,1,0,112 - 154,48.1 - 86.2,133 - 138,< 3.65,< 7.31,10 - 11.3,29.6 - 33.5,3.28 - 3.87,16880 - 19260,0,0,0,0,0,0,26.6175 - 51.7832,s3,1,43 - 51,1
57,0,0,1.009 - 1.011,2 - 2,ckd,0,< 0,0,0,0,112 - 154,86.2 - 124.3,133 - 138,< 3.65,< 7.31,7.4 - 8.7,25.7 - 29.6,4.46 - 5.05,4980 - 7360,0,0,1,0,0,1,26.6175 - 51.7832,s3,1,43 - 51,1
58,0,0,1.019 - 1.021,< 0,notckd,0,< 0,0,0,0,112 - 154,< 48.1,138 - 143,< 3.65,< 7.31,13.9 - 15.2,41.3 - 45.2,5.64 - 6.23,7360 - 9740,0,0,0,0,0,0,127.281 - 152.446,s1,0,43 - 51,0
59,0,0,>= 1.023,< 0,notckd,0,< 0,0,0,0,112 - 154,< 48.1,133 - 138,< 3.65,< 7.31,15.2 - 16.5,>= 49.1,4.46 - 5.05,4980 - 7360,0,0,0,0,0,0,76.949 - 102.115,s2,0,43 - 51,0
60,0,0,1.015 - 1.017,1 - 1,ckd,1,< 0,0,0,0,112 - 154,86.2 - 124.3,128 - 133,3.65 - 6.8,< 7.31,7.4 - 8.7,25.7 - 29.6,4.46 - 5.05,7360 - 9740,0,0,0,0,0,1,< 26.6175,s5,1,43 - 51,1
61,0,0,1.009 - 1.011,1 - 1,ckd,0,< 0,0,0,0,154 - 196,86.2 - 124.3,138 - 143,< 3.65,< 7.31,8.7 - 10,25.7 - 29.6,2.69 - 3.28,14500 - 16880,1,1,0,0,0,0,< 26.6175,s4,1,43 - 51,1
62,1,2,1.019 - 1.021,< 0,ckd,0,< 0,0,0,0,196 - 238,48.1 - 86.2,143 - 148,< 3.65,< 7.31,8.7 - 10,37.4 - 41.3,4.46 - 5.05,7360 - 9740,1,1,0,0,0,0,< 26.6175,s4,1,43 - 51,1
63,1,1,1.019 - 1.021,< 0,ckd,0,< 0,0,0,0,112 - 154,86.2 - 124.3,138 - 143,3.65 - 6.8,< 7.31,11.3 - 12.6,37.4 - 41.3,4.46 - 5.05,7360 - 9740,1,0,0,1,0,0,< 26.6175,s5,1,43 - 51,1
64,0,0,1.019 - 1.021,< 0,notckd,0,< 0,0,0,0,112 - 154,< 48.1,148 - 153,< 3.65,< 7.31,12.6 - 13.9,41.3 - 45.2,4.46 - 5.05,7360 - 9740,0,0,0,0,0,0,177.612 - 202.778,s1,0,43 - 51,0
65,0,0,1.019 - 1.021,< 0,notckd,0,< 0,0,0,0,< 112,< 48.1,138 - 143,< 3.65,< 7.31,15.2 - 16.5,37.4 - 41.3,5.05 - 5.64,7360 - 9740,0,0,0,0,0,0,51.7832 - 76.949,s2,0,43 - 51,0
66,1,1,1.019 - 1.021,< 0,notckd,0,< 0,0,0,0,< 112,< 48.1,143 - 148,< 3.65,< 7.31,12.6 - 13.9,>= 49.1,5.05 - 5.64,7360 - 9740,0,0,0,0,0,0,76.949 - 102.115,s1,0,43 - 51,0
67,1,1,>= 1.023,>= 4,ckd,0,< 0,1,0,0,< 112,162.4 - 200.5,133 - 138,6.8 - 9.95,< 7.31,8.7 - 10,29.6 - 33.5,3.28 - 3.87,4980 - 7360,1,0,0,0,0,1,< 26.6175,s5,1,43 - 51,1
68,1,1,1.015 - 1.017,< 0,ckd,0,2 - 2,0,0,0,196 - 238,< 48.1,138 - 143,< 3.65,< 7.31,12.6 - 13.9,37.4 - 41.3,4.46 - 5.05,7360 - 9740,0,1,0,1,0,0,51.7832 - 76.949,s2,1,43 - 51,1
69,1,2,1.015 - 1.017,3 - 3,ckd,1,< 0,0,1,0,< 112,200.5 - 238.6,118 - 123,13.1 - 16.25,< 7.31,7.4 - 8.7,25.7 - 29.6,< 2.69,4980 - 7360,1,0,1,0,0,1,< 26.6175,s5,1,43 - 51,1
70,1,1,>= 1.023,< 0,notckd,0,< 0,0,0,0,112 - 154,< 48.1,143 - 148,< 3.65,< 7.31,13.9 - 15.2,45.2 - 49.1,4.46 - 5.05,7360 - 9740,0,0,0,0,0,0,76.949 - 102.115,s1,0,43 - 51,0
71,1,1,>= 1.023,< 0,notckd,0,< 0,0,0,0,< 112,< 48.1,133 - 138,< 3.65,< 7.31,>= 16.5,>= 49.1,6.23 - 6.82,4980 - 7360,0,0,0,0,0,0,102.115 - 127.281,s1,0,43 - 51,0
72,1,2,1.019 - 1.021,< 0,ckd,0,< 0,0,0,0,< 112,48.1 - 86.2,133 - 138,3.65 - 6.8,< 7.31,6.1 - 7.4,17.9 - 21.8,< 2.69,4980 - 7360,1,0,1,1,0,0,< 26.6175,s5,1,43 - 51,1
73,1,2,1.009 - 1.011,3 - 3,ckd,1,< 0,1,0,0,112 - 154,124.3 - 162.4,118 - 123,9.95 - 13.1,< 7.31,7.4 - 8.7,21.8 - 25.7,3.28 - 3.87,7360 - 9740,1,1,0,1,1,1,< 26.6175,s5,1,43 - 51,1
74,1,1,1.019 - 1.021,< 0,notckd,0,< 0,0,0,0,< 112,< 48.1,148 - 153,< 3.65,< 7.31,13.9 - 15.2,45.2 - 49.1,4.46 - 5.05,9740 - 12120,0,0,0,0,0,0,127.281 - 152.446,s1,0,43 - 51,0
75,0,0,1.009 - 1.011,2 - 2,ckd,0,4 - 4,1,1,0,>= 448,48.1 - 86.2,133 - 138,3.65 - 6.8,< 7.31,8.7 - 10,25.7 - 29.6,4.46 - 5.05,7360 - 9740,1,1,0,0,0,1,< 26.6175,s4,1,43 - 51,1
76,1,2,1.015 - 1.017,1 - 1,ckd,1,< 0,1,0,0,112 - 154,48.1 - 86.2,133 - 138,< 3.65,< 7.31,11.3 - 12.6,37.4 - 41.3,4.46 - 5.05,7360 - 9740,0,0,0,0,1,0,< 26.6175,s4,1,43 - 51,1
77,1,2,1.019 - 1.021,< 0,ckd,0,< 0,0,0,0,< 112,86.2 - 124.3,123 - 128,3.65 - 6.8,< 7.31,< 6.1,< 17.9,4.46 - 5.05,4980 - 7360,1,1,0,0,1,1,< 26.6175,s5,1,43 - 51,1
78,1,2,1.009 - 1.011,2 - 2,ckd,0,< 0,1,1,1,112 - 154,200.5 - 238.6,133 - 138,6.8 - 9.95,< 7.31,7.4 - 8.7,21.8 - 25.7,2.69 - 3.28,14500 - 16880,0,0,0,1,1,1,< 26.6175,s5,1,43 - 51,1
79,0,0,1.019 - 1.021,< 0,ckd,0,< 0,0,0,0,196 - 238,< 48.1,138 - 143,< 3.65,< 7.31,11.3 - 12.6,33.5 - 37.4,3.87 - 4.46,9740 - 12120,0,0,0,0,0,0,51.7832 - 76.949,s2,1,51 - 59,1
80,1,2,1.015 - 1.017,2 - 2,ckd,1,< 0,1,0,0,112 - 154,86.2 - 124.3,128 - 133,3.65 - 6.8,< 7.31,< 6.1,< 17.9,4.46 - 5.05,4980 - 7360,1,0,0,0,1,1,< 26.6175,s5,1,51 - 59,1
81,1,1,1.019 - 1.021,< 0,notckd,0,< 0,0,0,0,< 112,< 48.1,143 - 148,< 3.65,< 7.31,15.2 - 16.5,45.2 - 49.1,6.23 - 6.82,7360 - 9740,0,0,0,0,0,0,51.7832 - 76.949,s2,0,51 - 59,0
82,0,0,1.019 - 1.021,< 0,ckd,0,< 0,0,0,0,< 112,124.3 - 162.4,128 - 133,6.8 - 9.95,< 7.31,11.3 - 12.6,37.4 - 41.3,4.46 - 5.05,7360 - 9740,1,1,0,0,0,0,< 26.6175,s5,1,51 - 59,1
83,1,2,1.015 - 1.017,2 - 2,ckd,0,< 0,0,0,1,< 112,< 48.1,143 - 148,< 3.65,< 7.31,11.3 - 12.6,37.4 - 41.3,4.46 - 5.05,7360 - 9740,0,0,0,1,0,0,26.6175 - 51.7832,s3,1,51 - 59,1
84,0,0,>= 1.023,< 0,notckd,0,< 0,0,0,0,< 112,< 48.1,133 - 138,< 3.65,< 7.31,12.6 - 13.9,45.2 - 49.1,5.05 - 5.64,7360 - 9740,0,0,0,0,0,0,102.115 - 127.281,s1,0,51 - 59,0
85,0,0,1.019 - 1.021,< 0,notckd,0,< 0,0,0,0,112 - 154,< 48.1,138 - 143,< 3.65,< 7.31,>= 16.5,37.4 - 41.3,5.64 - 6.23,7360 - 9740,0,0,0,0,0,0,51.7832 - 76.949,s2,0,51 - 59,0
86,1,2,1.015 - 1.017,>= 4,ckd,0,3 - 4,1,0,0,196 - 238,162.4 - 200.5,133 - 138,3.65 - 6.8,>= 42.59,7.4 - 8.7,21.8 - 25.7,2.69 - 3.28,4980 - 7360,1,1,0,0,0,1,< 26.6175,s5,1,51 - 59,1
87,1,2,1.015 - 1.017,3 - 3,ckd,0,< 0,1,1,0,112 - 154,48.1 - 86.2,133 - 138,< 3.65,< 7.31,10 - 11.3,29.6 - 33.5,3.87 - 4.46,7360 - 9740,1,1,0,0,0,1,26.6175 - 51.7832,s3,1,51 - 59,1
88,1,1,>= 1.023,< 0,notckd,0,< 0,0,0,0,< 112,< 48.1,133 - 138,< 3.65,< 7.31,13.9 - 15.2,>= 49.1,5.05 - 5.64,4980 - 7360,0,0,0,0,0,0,102.115 - 127.281,s1,0,51 - 59,0
89,1,1,1.019 - 1.021,< 0,notckd,0,< 0,0,0,0,112 - 154,< 48.1,138 - 143,< 3.65,< 7.31,>= 16.5,41.3 - 45.2,4.46 - 5.05,< 4980,0,0,0,0,0,0,51.7832 - 76.949,s2,0,51 - 59,0
90,1,2,1.009 - 1.011,1 - 1,ckd,1,3 - 4,0,0,0,196 - 238,< 48.1,138 - 143,< 3.65,< 7.31,11.3 - 12.6,37.4 - 41.3,4.46 - 5.05,7360 - 9740,0,1,0,0,0,0,76.949 - 102.115,s2,1,51 - 59,1
91,1,2,1.019 - 1.021,2 - 2,ckd,1,< 0,1,1,0,< 112,86.2 - 124.3,< 118,6.8 - 9.95,< 7.31,8.7 - 10,25.7 - 29.6,3.28 - 3.87,9740 - 12120,1,1,0,1,0,1,< 26.6175,s5,1,51 - 59,1
92,0,0,>= 1.023,< 0,notckd,0,< 0,0,0,0,112 - 154,< 48.1,143 - 148,< 3.65,< 7.31,15.2 - 16.5,41.3 - 45.2,5.05 - 5.64,7360 - 9740,0,0,0,0,0,0,76.949 - 102.115,s2,0,51 - 59,0
93,1,2,1.015 - 1.017,< 0,ckd,0,< 0,0,0,0,112 - 154,< 48.1,133 - 138,< 3.65,< 7.31,10 - 11.3,33.5 - 37.4,3.28 - 3.87,< 4980,0,0,0,1,0,1,26.6175 - 51.7832,s3,1,51 - 59,1
94,1,2,1.015 - 1.017,< 0,ckd,0,< 0,0,0,0,< 112,< 48.1,133 - 138,< 3.65,< 7.31,11.3 - 12.6,37.4 - 41.3,4.46 - 5.05,7360 - 9740,0,0,0,0,0,0,51.7832 - 76.949,s2,1,51 - 59,1
95,0,0,1.019 - 1.021,< 0,ckd,0,< 0,0,0,0,< 112,124.3 - 162.4,138 - 143,6.8 - 9.95,< 7.31,10 - 11.3,33.5 - 37.4,4.46 - 5.05,7360 - 9740,0,0,0,0,0,0,< 26.6175,s5,1,51 - 59,1
96,1,1,1.019 - 1.021,3 - 3,ckd,0,< 0,1,0,0,196 - 238,86.2 - 124.3,128 - 133,3.65 - 6.8,< 7.31,8.7 - 10,37.4 - 41.3,4.46 - 5.05,7360 - 9740,1,1,0,1,1,0,< 26.6175,s5,1,51 - 59,1
97,1,2,>= 1.023,1 - 1,ckd,0,< 0,1,0,0,112 - 154,< 48.1,138 - 143,< 3.65,< 7.31,11.3 - 12.6,37.4 - 41.3,4.46 - 5.05,7360 - 9740,0,0,0,1,1,1,51.7832 - 76.949,s2,1,51 - 59,1
98,1,2,1.015 - 1.017,1 - 1,ckd,0,4 - 4,0,0,0,280 - 322,48.1 - 86.2,138 - 143,< 3.65,< 7.31,10 - 11.3,33.5 - 37.4,3.87 - 4.46,12120 - 14500,1,1,0,0,0,0,< 26.6175,s4,1,51 - 59,1
99,1,1,1.009 - 1.011,< 0,ckd,0,< 0,0,0,0,112 - 154,48.1 - 86.2,133 - 138,< 3.65,< 7.31,8.7 - 10,37.4 - 41.3,4.46 - 5.05,7360 - 9740,0,0,0,0,0,0,< 26.6175,s4,1,51 - 59,1
100,1,1,1.019 - 1.021,< 0,notckd,0,< 0,0,0,0,112 - 154,48.1 - 86.2,148 - 153,< 3.65,< 7.31,15.2 - 16.5,45.2 - 49.1,4.46 - 5.05,4980 - 7360,0,0,0,0,0,0,177.612 - 202.778,s1,0,51 - 59,0
101,0,0,1.019 - 1.021,< 0,notckd,0,< 0,0,0,0,< 112,< 48.1,133 - 138,< 3.65,< 7.31,>= 16.5,>= 49.1,5.64 - 6.23,4980 - 7360,0,0,0,0,0,0,51.7832 - 76.949,s2,0,51 - 59,0
102,1,2,1.009 - 1.011,2 - 2,ckd,1,1 - 2,1,0,0,238 - 280,200.5 - 238.6,128 - 133,13.1 - 16.25,< 7.31,7.4 - 8.7,21.8 - 25.7,2.69 - 3.28,14500 - 16880,1,1,0,1,1,1,< 26.6175,s5,1,51 - 59,1
103,0,0,1.009 - 1.011,3 - 3,ckd,0,< 0,0,0,0,< 112,< 48.1,133 - 138,< 3.65,< 7.31,11.3 - 12.6,37.4 - 41.3,4.46 - 5.05,7360 - 9740,0,0,0,1,1,0,51.7832 - 76.949,s2,1,51 - 59,1
104,1,1,>= 1.023,< 0,notckd,0,< 0,0,0,0,112 - 154,< 48.1,133 - 138,< 3.65,< 7.31,13.9 - 15.2,41.3 - 45.2,5.05 - 5.64,4980 - 7360,0,0,0,0,0,0,51.7832 - 76.949,s2,0,51 - 59,0
105,1,2,1.015 - 1.017,2 - 2,ckd,1,< 0,1,0,0,112 - 154,86.2 - 124.3,128 - 133,3.65 - 6.8,< 7.31,8.7 - 10,25.7 - 29.6,3.28 - 3.87,4980 - 7360,1,0,0,0,0,0,< 26.6175,s5,1,51 - 59,1
106,0,0,>= 1.023,< 0,notckd,0,< 0,0,0,0,112 - 154,< 48.1,143 - 148,< 3.65,< 7.31,12.6 - 13.9,41.3 - 45.2,5.05 - 5.64,7360 - 9740,0,0,0,0,0,0,51.7832 - 76.949,s2,0,51 - 59,0
107,0,0,1.019 - 1.021,< 0,notckd,0,< 0,0,0,0,< 112,48.1 - 86.2,148 - 153,< 3.65,< 7.31,15.2 - 16.5,41.3 - 45.2,5.64 - 6.23,9740 - 12120,0,0,0,0,0,0,51.7832 - 76.949,s2,0,51 - 59,0
108,1,1,1.015 - 1.017,< 0,ckd,0,< 0,0,0,0,112 - 154,< 48.1,133 - 138,< 3.65,< 7.31,11.3 - 12.6,33.5 - 37.4,3.28 - 3.87,4980 - 7360,1,1,0,0,0,0,26.6175 - 51.7832,s3,1,51 - 59,1
109,1,1,1.019 - 1.021,< 0,notckd,0,< 0,0,0,0,112 - 154,< 48.1,143 - 148,< 3.65,< 7.31,13.9 - 15.2,45.2 - 49.1,5.05 - 5.64,4980 - 7360,0,0,0,0,0,0,51.7832 - 76.949,s2,0,51 - 59,0
110,0,0,1.019 - 1.021,< 0,notckd,0,< 0,0,0,0,< 112,< 48.1,138 - 143,< 3.65,< 7.31,13.9 - 15.2,37.4 - 41.3,4.46 - 5.05,7360 - 9740,0,0,0,0,0,0,51.7832 - 76.949,s2,0,51 - 59,0
111,1,0,1.009 - 1.011,>= 4,ckd,0,< 0,0,0,0,238 - 280,48.1 - 86.2,133 - 138,< 3.65,< 7.31,11.3 - 12.6,37.4 - 41.3,4.46 - 5.05,12120 - 14500,1,1,0,0,0,0,26.6175 - 51.7832,s3,1,51 - 59,1
112,0,0,1.009 - 1.011,3 - 3,ckd,0,< 0,1,0,0,238 - 280,162.4 - 200.5,< 118,9.95 - 13.1,< 7.31,8.7 - 10,29.6 - 33.5,3.28 - 3.87,14500 - 16880,0,1,0,0,1,0,< 26.6175,s5,1,59 - 66,1
113,1,2,1.019 - 1.021,< 0,ckd,0,< 0,0,0,0,112 - 154,86.2 - 124.3,133 - 138,3.65 - 6.8,< 7.31,6.1 - 7.4,37.4 - 41.3,4.46 - 5.05,7360 - 9740,1,1,0,0,0,1,< 26.6175,s5,1,59 - 66,1
114,0,0,1.019 - 1.021,< 0,ckd,0,< 0,0,0,0,196 - 238,< 48.1,123 - 128,< 3.65,< 7.31,8.7 - 10,33.5 - 37.4,4.46 - 5.05,4980 - 7360,0,1,0,0,0,0,26.6175 - 51.7832,s3,1,59 - 66,1
115,0,0,1.009 - 1.011,3 - 3,ckd,0,< 0,1,0,0,< 112,162.4 - 200.5,133 - 138,13.1 - 16.25,7.31 - 11.72,6.1 - 7.4,21.8 - 25.7,< 2.69,< 4980,1,0,0,1,1,1,< 26.6175,s5,1,59 - 66,1
116,0,0,1.009 - 1.011,1 - 1,ckd,1,3 - 4,1,0,0,406 - 448,48.1 - 86.2,138 - 143,< 3.65,< 7.31,11.3 - 12.6,33.5 - 37.4,3.87 - 4.46,9740 - 12120,1,1,1,0,0,0,26.6175 - 51.7832,s3,1,59 - 66,1
117,1,2,1.015 - 1.017,>= 4,ckd,0,2 - 2,0,0,0,238 - 280,124.3 - 162.4,133 - 138,9.95 - 13.1,< 7.31,6.1 - 7.4,17.9 - 21.8,3.87 - 4.46,9740 - 12120,1,1,1,0,0,1,< 26.6175,s5,1,59 - 66,1
118,1,2,1.019 - 1.021,>= 4,ckd,0,2 - 2,0,0,0,238 - 280,< 48.1,133 - 138,< 3.65,< 7.31,10 - 11.3,29.6 - 33.5,3.87 - 4.46,>= 24020,1,1,0,1,1,0,< 26.6175,s4,1,59 - 66,1
119,1,1,>= 1.023,< 0,notckd,0,< 0,0,0,0,< 112,< 48.1,138 - 143,< 3.65,< 7.31,13.9 - 15.2,45.2 - 49.1,5.05 - 5.64,9740 - 12120,0,0,0,0,0,0,177.612 - 202.778,s1,0,59 - 66,0
120,1,2,1.019 - 1.021,2 - 2,ckd,1,< 0,1,0,0,112 - 154,48.1 - 86.2,133 - 138,< 3.65,< 7.31,10 - 11.3,25.7 - 29.6,4.46 - 5.05,7360 - 9740,1,0,0,1,0,0,26.6175 - 51.7832,s4,1,59 - 66,1
121,0,0,1.009 - 1.011,1 - 1,ckd,0,< 0,0,0,0,< 112,86.2 - 124.3,133 - 138,3.65 - 6.8,< 7.31,12.6 - 13.9,37.4 - 41.3,4.46 - 5.05,7360 - 9740,1,0,0,0,0,0,< 26.6175,s4,1,59 - 66,1
122,1,1,1.019 - 1.021,< 0,ckd,0,2 - 2,0,0,0,112 - 154,48.1 - 86.2,133 - 138,< 3.65,< 7.31,11.3 - 12.6,37.4 - 41.3,4.46 - 5.05,7360 - 9740,0,1,0,0,0,0,< 26.6175,s4,1,59 - 66,1
123,0,0,1.019 - 1.021,< 0,notckd,0,< 0,0,0,0,112 - 154,48.1 - 86.2,133 - 138,< 3.65,< 7.31,15.2 - 16.5,41.3 - 45.2,5.64 - 6.23,9740 - 12120,0,0,0,0,0,0,< 26.6175,s4,0,59 - 66,0
124,0,0,1.009 - 1.011,< 0,ckd,0,< 0,0,0,0,238 - 280,48.1 - 86.2,< 118,< 3.65,< 7.31,11.3 - 12.6,37.4 - 41.3,3.28 - 3.87,< 4980,1,0,0,0,0,0,26.6175 - 51.7832,s3,1,59 - 66,1
125,0,0,1.019 - 1.021,< 0,ckd,0,< 0,0,0,0,112 - 154,48.1 - 86.2,133 - 138,< 3.65,< 7.31,11.3 - 12.6,37.4 - 41.3,4.46 - 5.05,7360 - 9740,1,0,0,0,0,0,26.6175 - 51.7832,s4,1,59 - 66,1
126,1,2,1.009 - 1.011,3 - 3,ckd,1,>= 4,0,0,1,>= 448,86.2 - 124.3,128 - 133,< 3.65,< 7.31,11.3 - 12.6,33.5 - 37.4,4.46 - 5.05,9740 - 12120,1,1,0,0,0,0,< 26.6175,s4,1,59 - 66,1
127,1,2,1.009 - 1.011,2 - 2,ckd,1,< 0,0,0,0,< 112,48.1 - 86.2,133 - 138,< 3.65,< 7.31,10 - 11.3,29.6 - 33.5,3.87 - 4.46,9740 - 12120,0,0,0,0,0,0,26.6175 - 51.7832,s3,1,59 - 66,1
128,1,1,>= 1.023,< 0,notckd,0,< 0,0,0,0,112 - 154,< 48.1,143 - 148,< 3.65,< 7.31,13.9 - 15.2,37.4 - 41.3,5.05 - 5.64,9740 - 12120,0,0,0,0,0,0,177.612 - 202.778,s1,0,59 - 66,0
129,0,0,1.009 - 1.011,< 0,ckd,0,< 0,0,0,0,112 - 154,< 48.1,133 - 138,< 3.65,< 7.31,11.3 - 12.6,37.4 - 41.3,4.46 - 5.05,7360 - 9740,0,0,0,0,0,0,51.7832 - 76.949,s2,1,59 - 66,1
130,1,1,1.009 - 1.011,1 - 1,ckd,0,1 - 2,0,0,0,154 - 196,< 48.1,133 - 138,< 3.65,< 7.31,10 - 11.3,33.5 - 37.4,4.46 - 5.05,7360 - 9740,0,1,1,1,0,0,< 26.6175,s4,1,59 - 66,1
131,0,0,1.009 - 1.011,2 - 2,ckd,0,< 0,1,1,0,112 - 154,48.1 - 86.2,133 - 138,< 3.65,< 7.31,8.7 - 10,25.7 - 29.6,3.28 - 3.87,19260 - 21640,1,1,0,1,0,1,< 26.6175,s4,1,59 - 66,1
132,1,1,1.015 - 1.017,2 - 2,ckd,1,< 0,1,0,0,154 - 196,124.3 - 162.4,133 - 138,3.65 - 6.8,< 7.31,7.4 - 8.7,21.8 - 25.7,2.69 - 3.28,7360 - 9740,1,1,1,1,1,1,< 26.6175,s4,1,59 - 66,1
133,1,1,1.019 - 1.021,< 0,ckd,0,< 0,0,0,0,112 - 154,< 48.1,138 - 143,< 3.65,< 7.31,11.3 - 12.6,33.5 - 37.4,4.46 - 5.05,7360 - 9740,0,0,0,0,0,0,102.115 - 127.281,s1,1,59 - 66,1
134,0,0,>= 1.023,< 0,notckd,0,< 0,0,0,0,112 - 154,< 48.1,133 - 138,< 3.65,< 7.31,>= 16.5,>= 49.1,5.05 - 5.64,4980 - 7360,0,0,0,0,0,0,102.115 - 127.281,s1,0,59 - 66,0
135,0,0,1.015 - 1.017,3 - 3,ckd,1,< 0,0,0,0,112 - 154,48.1 - 86.2,133 - 138,< 3.65,< 7.31,13.9 - 15.2,41.3 - 45.2,4.46 - 5.05,9740 - 12120,1,1,0,0,0,0,< 26.6175,s4,1,59 - 66,1
136,0,0,>= 1.023,3 - 3,ckd,0,< 0,1,0,0,112 - 154,< 48.1,133 - 138,< 3.65,< 7.31,11.3 - 12.6,37.4 - 41.3,3.87 - 4.46,7360 - 9740,1,1,0,0,0,0,26.6175 - 51.7832,s3,1,59 - 66,1
137,1,1,1.019 - 1.021,< 0,notckd,0,< 0,0,0,0,112 - 154,< 48.1,143 - 148,< 3.65,< 7.31,>= 16.5,41.3 - 45.2,4.46 - 5.05,< 4980,0,0,0,0,0,0,102.115 - 127.281,s1,0,59 - 66,0
138,1,1,>= 1.023,< 0,notckd,0,< 0,0,0,0,< 112,< 48.1,138 - 143,< 3.65,< 7.31,15.2 - 16.5,>= 49.1,5.64 - 6.23,4980 - 7360,0,0,0,0,0,0,127.281 - 152.446,s1,0,59 - 66,0
139,0,0,1.015 - 1.017,1 - 1,ckd,0,< 0,1,1,0,< 112,< 48.1,133 - 138,< 3.65,< 7.31,10 - 11.3,29.6 - 33.5,3.28 - 3.87,4980 - 7360,1,0,1,0,0,0,26.6175 - 51.7832,s3,1,59 - 66,1
140,1,2,1.019 - 1.021,2 - 2,ckd,0,1 - 2,0,0,0,154 - 196,< 48.1,138 - 143,< 3.65,< 7.31,12.6 - 13.9,45.2 - 49.1,5.64 - 6.23,9740 - 12120,1,0,0,0,0,0,26.6175 - 51.7832,s4,1,59 - 66,1
141,0,0,1.009 - 1.011,3 - 3,ckd,1,< 0,1,1,0,364 - 406,48.1 - 86.2,128 - 133,< 3.65,< 7.31,10 - 11.3,29.6 - 33.5,3.28 - 3.87,< 4980,1,1,0,1,1,0,< 26.6175,s4,1,59 - 66,1
142,1,1,1.009 - 1.011,2 - 2,ckd,0,2 - 2,0,0,0,112 - 154,48.1 - 86.2,133 - 138,< 3.65,< 7.31,12.6 - 13.9,37.4 - 41.3,3.87 - 4.46,9740 - 12120,1,0,1,0,0,0,< 26.6175,s4,1,59 - 66,1
143,1,2,1.015 - 1.017,3 - 3,ckd,0,2 - 2,1,1,0,>= 448,48.1 - 86.2,133 - 138,< 3.65,< 7.31,11.3 - 12.6,37.4 - 41.3,4.46 - 5.05,9740 - 12120,1,1,0,0,0,1,< 26.6175,s4,1,59 - 66,1
144,1,2,1.015 - 1.017,>= 4,ckd,1,2 - 2,1,0,1,154 - 196,48.1 - 86.2,138 - 143,6.8 - 9.95,< 7.31,7.4 - 8.7,25.7 - 29.6,3.28 - 3.87,7360 - 9740,1,1,0,0,1,0,< 26.6175,s5,1,59 - 66,1
145,0,0,1.019 - 1.021,< 0,ckd,0,< 0,0,0,0,112 - 154,86.2 - 124.3,133 - 138,6.8 - 9.95,< 7.31,7.4 - 8.7,17.9 - 21.8,4.46 - 5.05,7360 - 9740,1,1,1,0,1,1,< 26.6175,s5,1,59 - 66,1
146,0,0,1.019 - 1.021,< 0,notckd,0,< 0,0,0,0,< 112,< 48.1,148 - 153,< 3.65,< 7.31,13.9 - 15.2,41.3 - 45.2,4.46 - 5.05,7360 - 9740,0,0,0,0,0,0,102.115 - 127.281,s1,0,59 - 66,0
147,0,0,1.019 - 1.021,< 0,notckd,0,< 0,0,0,0,< 112,< 48.1,143 - 148,< 3.65,< 7.31,13.9 - 15.2,45.2 - 49.1,4.46 - 5.05,7360 - 9740,0,0,0,0,0,0,76.949 - 102.115,s2,0,59 - 66,0
148,0,0,1.009 - 1.011,< 0,ckd,0,< 0,0,0,0,< 112,48.1 - 86.2,133 - 138,< 3.65,< 7.31,11.3 - 12.6,33.5 - 37.4,3.87 - 4.46,9740 - 12120,0,1,0,0,0,0,26.6175 - 51.7832,s3,1,59 - 66,1
149,0,0,1.015 - 1.017,>= 4,ckd,0,4 - 4,0,1,0,280 - 322,< 48.1,133 - 138,< 3.65,< 7.31,10 - 11.3,37.4 - 41.3,4.46 - 5.05,4980 - 7360,1,1,0,0,0,0,26.6175 - 51.7832,s3,1,59 - 66,1
150,1,1,1.009 - 1.011,3 - 3,ckd,0,3 - 4,0,0,0,280 - 322,48.1 - 86.2,128 - 133,3.65 - 6.8,< 7.31,10 - 11.3,29.6 - 33.5,3.87 - 4.46,7360 - 9740,1,1,1,0,0,0,< 26.6175,s5,1,59 - 66,1
151,0,0,1.009 - 1.011,2 - 2,ckd,0,< 0,1,1,0,154 - 196,< 48.1,128 - 133,< 3.65,< 7.31,11.3 - 12.6,37.4 - 41.3,4.46 - 5.05,7360 - 9740,1,1,0,1,0,0,26.6175 - 51.7832,s3,1,59 - 66,1
152,0,0,1.009 - 1.011,2 - 2,ckd,0,< 0,0,1,0,112 - 154,48.1 - 86.2,133 - 138,< 3.65,< 7.31,10 - 11.3,33.5 - 37.4,4.46 - 5.05,7360 - 9740,0,0,0,0,0,0,< 26.6175,s4,1,59 - 66,1
153,0,0,1.015 - 1.017,1 - 1,ckd,0,< 0,0,0,0,196 - 238,< 48.1,133 - 138,< 3.65,< 7.31,11.3 - 12.6,33.5 - 37.4,3.87 - 4.46,4980 - 7360,1,1,0,1,1,0,51.7832 - 76.949,s3,1,59 - 66,1
154,1,1,1.015 - 1.017,2 - 2,ckd,0,1 - 2,0,1,0,196 - 238,124.3 - 162.4,133 - 138,< 3.65,< 7.31,12.6 - 13.9,37.4 - 41.3,4.46 - 5.05,7360 - 9740,0,1,0,0,0,0,26.6175 - 51.7832,s4,1,59 - 66,1
155,1,1,1.019 - 1.021,< 0,ckd,0,< 0,0,0,0,< 112,48.1 - 86.2,133 - 138,< 3.65,< 7.31,8.7 - 10,21.8 - 25.7,4.46 - 5.05,7360 - 9740,1,1,1,0,1,0,26.6175 - 51.7832,s3,1,59 - 66,1
156,1,1,1.015 - 1.017,< 0,ckd,0,< 0,0,0,0,< 112,< 48.1,138 - 143,< 3.65,< 7.31,8.7 - 10,21.8 - 25.7,2.69 - 3.28,9740 - 12120,1,0,1,0,1,0,26.6175 - 51.7832,s3,1,59 - 66,1
157,0,0,>= 1.023,< 0,notckd,0,< 0,0,0,0,< 112,< 48.1,138 - 143,< 3.65,< 7.31,15.2 - 16.5,41.3 - 45.2,4.46 - 5.05,7360 - 9740,0,0,0,0,0,0,76.949 - 102.115,s2,0,59 - 66,0
158,0,0,>= 1.023,< 0,notckd,0,< 0,0,0,0,< 112,< 48.1,138 - 143,< 3.65,< 7.31,12.6 - 13.9,41.3 - 45.2,4.46 - 5.05,9740 - 12120,0,0,0,0,0,0,51.7832 - 76.949,s2,0,59 - 66,0
159,0,0,1.019 - 1.021,1 - 1,ckd,0,< 0,0,0,0,238 - 280,< 48.1,138 - 143,< 3.65,< 7.31,11.3 - 12.6,37.4 - 41.3,4.46 - 5.05,7360 - 9740,1,1,0,0,0,0,26.6175 - 51.7832,s3,1,59 - 66,1
160,1,1,1.009 - 1.011,1 - 1,ckd,0,3 - 4,1,0,0,154 - 196,>= 352.9,>= 158,>= 28.85,38.18 - 42.59,11.3 - 12.6,37.4 - 41.3,4.46 - 5.05,7360 - 9740,0,0,0,0,1,0,< 26.6175,s5,1,66 - 74,1
161,0,0,1.009 - 1.011,1 - 1,ckd,0,< 0,0,0,0,< 112,< 48.1,133 - 138,< 3.65,< 7.31,11.3 - 12.6,33.5 - 37.4,3.28 - 3.87,4980 - 7360,1,1,0,0,1,0,< 26.6175,s4,1,66 - 74,1
162,1,1,>= 1.023,< 0,notckd,0,< 0,0,0,0,< 112,< 48.1,133 - 138,< 3.65,< 7.31,>= 16.5,41.3 - 45.2,5.05 - 5.64,4980 - 7360,0,0,0,0,0,0,152.446 - 177.612,s1,0,66 - 74,0
163,1,2,1.009 - 1.011,< 0,ckd,0,< 0,0,0,0,238 - 280,48.1 - 86.2,133 - 138,< 3.65,< 7.31,8.7 - 10,25.7 - 29.6,3.28 - 3.87,7360 - 9740,1,1,0,1,0,0,26.6175 - 51.7832,s4,1,66 - 74,1
164,0,0,1.019 - 1.021,< 0,ckd,0,< 0,0,0,0,< 112,48.1 - 86.2,133 - 138,3.65 - 6.8,< 7.31,8.7 - 10,37.4 - 41.3,4.46 - 5.05,7360 - 9740,1,1,1,1,1,0,< 26.6175,s5,1,66 - 74,1
165,0,0,1.015 - 1.017,3 - 3,ckd,0,1 - 2,0,1,0,196 - 238,48.1 - 86.2,138 - 143,< 3.65,< 7.31,8.7 - 10,25.7 - 29.6,3.28 - 3.87,12120 - 14500,1,1,1,1,1,0,26.6175 - 51.7832,s3,1,66 - 74,1
166,0,0,1.009 - 1.011,< 0,ckd,0,4 - 4,0,0,0,238 - 280,< 48.1,138 - 143,< 3.65,< 7.31,11.3 - 12.6,37.4 - 41.3,4.46 - 5.05,7360 - 9740,0,0,0,0,0,0,51.7832 - 76.949,s2,1,66 - 74,1
167,0,0,1.009 - 1.011,>= 4,ckd,0,3 - 4,1,1,1,196 - 238,86.2 - 124.3,118 - 123,3.65 - 6.8,< 7.31,8.7 - 10,25.7 - 29.6,3.28 - 3.87,9740 - 12120,1,1,1,0,1,1,< 26.6175,s5,1,66 - 74,1
168,0,0,1.019 - 1.021,< 0,notckd,0,< 0,0,0,0,< 112,< 48.1,138 - 143,< 3.65,< 7.31,15.2 - 16.5,>= 49.1,5.05 - 5.64,7360 - 9740,0,0,0,0,0,0,51.7832 - 76.949,s2,0,66 - 74,0
169,1,1,1.019 - 1.021,3 - 3,ckd,1,< 0,0,0,0,112 - 154,86.2 - 124.3,128 - 133,3.65 - 6.8,< 7.31,11.3 - 12.6,37.4 - 41.3,4.46 - 5.05,7360 - 9740,1,0,0,0,0,0,< 26.6175,s4,1,66 - 74,1
170,1,1,1.019 - 1.021,< 0,ckd,0,< 0,0,0,0,154 - 196,48.1 - 86.2,138 - 143,< 3.65,< 7.31,10 - 11.3,29.6 - 33.5,4.46 - 5.05,7360 - 9740,1,0,0,0,1,0,< 26.6175,s4,1,66 - 74,1
171,1,2,1.019 - 1.021,2 - 2,ckd,1,1 - 2,1,0,1,154 - 196,86.2 - 124.3,138 - 143,< 3.65,< 7.31,< 6.1,37.4 - 41.3,4.46 - 5.05,7360 - 9740,1,1,1,1,0,0,< 26.6175,s4,1,66 - 74,1
172,1,0,1.015 - 1.017,>= 4,ckd,0,< 0,0,0,0,112 - 154,124.3 - 162.4,133 - 138,3.65 - 6.8,< 7.31,11.3 - 12.6,33.5 - 37.4,>= 7.41,7360 - 9740,1,0,0,0,0,0,< 26.6175,s5,1,66 - 74,1
173,1,2,< 1.007,1 - 1,ckd,0,< 0,1,1,0,154 - 196,< 48.1,133 - 138,< 3.65,< 7.31,10 - 11.3,29.6 - 33.5,4.46 - 5.05,4980 - 7360,1,1,0,1,0,0,< 26.6175,s4,1,66 - 74,1
174,0,0,1.009 - 1.011,3 - 3,ckd,0,< 0,1,1,1,196 - 238,48.1 - 86.2,133 - 138,< 3.65,< 7.31,10 - 11.3,29.6 - 33.5,3.28 - 3.87,4980 - 7360,1,1,1,0,0,0,< 26.6175,s4,1,66 - 74,1
175,0,0,1.019 - 1.021,3 - 3,ckd,0,2 - 2,0,1,0,406 - 448,< 48.1,128 - 133,< 3.65,< 7.31,10 - 11.3,29.6 - 33.5,4.46 - 5.05,7360 - 9740,1,1,1,0,0,0,26.6175 - 51.7832,s3,1,66 - 74,1
176,0,0,>= 1.023,< 0,notckd,0,< 0,0,0,0,112 - 154,48.1 - 86.2,138 - 143,< 3.65,< 7.31,15.2 - 16.5,41.3 - 45.2,5.05 - 5.64,7360 - 9740,0,0,0,0,0,0,76.949 - 102.115,s2,0,66 - 74,0
177,1,2,1.009 - 1.011,< 0,ckd,0,3 - 4,0,0,0,280 - 322,< 48.1,133 - 138,< 3.65,< 7.31,12.6 - 13.9,37.4 - 41.3,4.46 - 5.05,7360 - 9740,1,1,0,0,0,0,51.7832 - 76.949,s3,1,66 - 74,1
178,1,2,1.015 - 1.017,2 - 2,ckd,0,< 0,1,1,1,< 112,48.1 - 86.2,138 - 143,3.65 - 6.8,< 7.31,11.3 - 12.6,29.6 - 33.5,3.87 - 4.46,9740 - 12120,0,0,0,0,0,0,< 26.6175,s5,1,66 - 74,1
179,0,0,1.015 - 1.017,>= 4,ckd,0,< 0,0,0,0,112 - 154,124.3 - 162.4,133 - 138,3.65 - 6.8,< 7.31,11.3 - 12.6,33.5 - 37.4,3.87 - 4.46,14500 - 16880,1,1,0,1,1,0,< 26.6175,s5,1,66 - 74,1
180,0,0,1.019 - 1.021,< 0,notckd,0,< 0,0,0,0,< 112,< 48.1,143 - 148,< 3.65,< 7.31,13.9 - 15.2,41.3 - 45.2,5.64 - 6.23,9740 - 12120,0,0,0,0,0,0,76.949 - 102.115,s1,0,66 - 74,0
181,0,0,>= 1.023,< 0,notckd,0,< 0,0,0,0,< 112,< 48.1,138 - 143,< 3.65,< 7.31,>= 16.5,37.4 - 41.3,5.64 - 6.23,4980 - 7360,0,0,0,0,0,0,152.446 - 177.612,s1,0,66 - 74,0
182,1,2,1.019 - 1.021,< 0,ckd,0,< 0,0,0,0,196 - 238,238.6 - 276.7,123 - 128,13.1 - 16.25,< 7.31,8.7 - 10,25.7 - 29.6,4.46 - 5.05,7360 - 9740,1,1,0,0,0,1,< 26.6175,s5,1,66 - 74,1
183,1,2,1.019 - 1.021,< 0,ckd,0,< 0,0,0,0,< 112,124.3 - 162.4,133 - 138,6.8 - 9.95,< 7.31,11.3 - 12.6,37.4 - 41.3,4.46 - 5.05,7360 - 9740,0,1,0,0,0,0,,s5,1,66 - 74,1
184,1,1,1.019 - 1.021,< 0,ckd,0,< 0,0,0,0,112 - 154,48.1 - 86.2,138 - 143,< 3.65,< 7.31,8.7 - 10,25.7 - 29.6,< 2.69,4980 - 7360,1,1,0,1,0,1,< 26.6175,s4,1,66 - 74,1
185,1,2,1.009 - 1.011,2 - 2,ckd,0,< 0,1,1,0,112 - 154,48.1 - 86.2,133 - 138,< 3.65,< 7.31,11.3 - 12.6,37.4 - 41.3,4.46 - 5.05,7360 - 9740,0,0,0,0,0,0,26.6175 - 51.7832,s4,1,66 - 74,1
186,1,2,>= 1.023,1 - 1,ckd,0,3 - 4,0,0,0,322 - 364,< 48.1,133 - 138,< 3.65,< 7.31,11.3 - 12.6,37.4 - 41.3,4.46 - 5.05,7360 - 9740,0,1,1,1,0,0,26.6175 - 51.7832,s3,1,66 - 74,1
187,0,0,1.009 - 1.011,1 - 1,ckd,0,< 0,0,0,0,< 112,48.1 - 86.2,138 - 143,< 3.65,< 7.31,11.3 - 12.6,37.4 - 41.3,4.46 - 5.05,7360 - 9740,0,0,0,0,0,0,26.6175 - 51.7832,s3,1,66 - 74,1
188,1,1,1.019 - 1.021,2 - 2,ckd,1,< 0,1,0,0,238 - 280,124.3 - 162.4,138 - 143,3.65 - 6.8,< 7.31,10 - 11.3,29.6 - 33.5,3.87 - 4.46,4980 - 7360,1,1,1,0,0,0,< 26.6175,s5,1,66 - 74,1
189,0,0,< 1.007,< 0,ckd,0,< 0,0,0,0,< 112,< 48.1,123 - 128,< 3.65,< 7.31,10 - 11.3,25.7 - 29.6,3.28 - 3.87,16880 - 19260,1,1,0,0,1,0,76.949 - 102.115,s2,1,66 - 74,1
190,1,2,1.015 - 1.017,3 - 3,ckd,0,< 0,1,1,0,< 112,< 48.1,138 - 143,< 3.65,< 7.31,10 - 11.3,29.6 - 33.5,3.87 - 4.46,7360 - 9740,0,0,0,1,0,0,26.6175 - 51.7832,s3,1,66 - 74,1
191,0,0,1.019 - 1.021,< 0,notckd,0,< 0,0,0,0,112 - 154,< 48.1,148 - 153,< 3.65,< 7.31,13.9 - 15.2,>= 49.1,4.46 - 5.05,9740 - 12120,0,0,0,0,0,0,152.446 - 177.612,s1,0,66 - 74,0
192,0,0,1.019 - 1.021,< 0,notckd,0,< 0,0,0,0,< 112,48.1 - 86.2,143 - 148,< 3.65,< 7.31,>= 16.5,>= 49.1,4.46 - 5.05,4980 - 7360,0,0,0,0,0,0,127.281 - 152.446,s1,0,66 - 74,0
193,0,0,1.019 - 1.021,< 0,ckd,0,< 0,0,0,0,< 112,48.1 - 86.2,133 - 138,< 3.65,< 7.31,11.3 - 12.6,37.4 - 41.3,4.46 - 5.05,7360 - 9740,1,1,0,0,0,0,26.6175 - 51.7832,s3,1,66 - 74,1
194,1,1,1.015 - 1.017,< 0,ckd,0,< 0,0,0,0,154 - 196,< 48.1,138 - 143,< 3.65,< 7.31,11.3 - 12.6,33.5 - 37.4,3.87 - 4.46,9740 - 12120,1,1,0,1,0,0,26.6175 - 51.7832,s4,1,>= 74,1
195,0,0,1.019 - 1.021,< 0,notckd,0,< 0,0,0,0,< 112,48.1 - 86.2,133 - 138,< 3.65,< 7.31,13.9 - 15.2,37.4 - 41.3,5.64 - 6.23,7360 - 9740,0,0,0,0,0,0,102.115 - 127.281,s1,0,>= 74,0
196,0,0,1.015 - 1.017,3 - 3,ckd,0,4 - 4,1,1,0,112 - 154,162.4 - 200.5,128 - 133,6.8 - 9.95,< 7.31,10 - 11.3,29.6 - 33.5,3.28 - 3.87,9740 - 12120,1,1,1,1,1,0,< 26.6175,s5,1,>= 74,1
197,0,0,1.015 - 1.017,1 - 1,ckd,0,< 0,0,0,0,< 112,< 48.1,133 - 138,< 3.65,< 7.31,10 - 11.3,29.6 - 33.5,4.46 - 5.05,7360 - 9740,1,0,0,0,0,0,26.6175 - 51.7832,s3,1,>= 74,1
198,0,0,1.015 - 1.017,2 - 2,ckd,0,< 0,1,1,0,196 - 238,200.5 - 238.6,133 - 138,9.95 - 13.1,< 7.31,10 - 11.3,33.5 - 37.4,3.87 - 4.46,12120 - 14500,1,0,0,1,1,1,< 26.6175,s5,1,>= 74,1
199,1,2,1.019 - 1.021,< 0,ckd,0,< 0,0,0,0,154 - 196,< 48.1,138 - 143,< 3.65,< 7.31,8.7 - 10,29.6 - 33.5,4.46 - 5.05,7360 - 9740,1,1,0,0,0,1,26.6175 - 51.7832,s3,1,>= 74,1
200,0,0,1.019 - 1.021,< 0,ckd,0,< 0,0,0,0,112 - 154,48.1 - 86.2,133 - 138,< 3.65,< 7.31,7.4 - 8.7,21.8 - 25.7,4.46 - 5.05,7360 - 9740,0,1,0,0,0,1,< 26.6175,s4,1,>= 74,1
201,1,1,>= 1.023,< 0,notckd,0,< 0,0,0,0,< 112,< 48.1,143 - 148,< 3.65,< 7.31,15.2 - 16.5,37.4 - 41.3,6.23 - 6.82,7360 - 9740,0,0,0,0,0,0,51.7832 - 76.949,s2,0,>= 74,0
202,1,1,>= 1.023,< 0,notckd,0,< 0,0,0,0,112 - 154,< 48.1,138 - 143,< 3.65,< 7.31,13.9 - 15.2,45.2 - 49.1,4.46 - 5.05,4980 - 7360,0,0,0,0,0,0,102.115 - 127.281,s1,0,>= 74,0
203,1,1,1.009 - 1.011,2 - 2,ckd,0,2 - 2,0,0,0,112 - 154,48.1 - 86.2,133 - 138,< 3.65,< 7.31,12.6 - 13.9,37.4 - 41.3,3.87 - 4.46,9740 - 12120,1,1,0,0,0,0,< 26.6175,s4,1,>= 74,1
