source_csv_line,age,sg,al,su,bgr,bu,sc,sod,pot,hemo,pcv,wbcc,rbcc,target,age__provenance,sg__provenance,al__provenance,su__provenance,bgr__provenance,bu__provenance,sc__provenance,sod__provenance,pot__provenance,hemo__provenance,pcv__provenance,wbcc__provenance,rbcc__provenance
4,4.0,1.02,1.0,0.0,99.0,23.0,0.6,138.0,4.4,12.0,34.0,,,1,observed,observed,observed,observed,observed,observed,observed,observed,observed,observed,observed,imputed_in_v2,imputed_in_v2
5,5.0,1.01,0.0,0.0,,25.0,0.6,,,11.8,36.0,12400.0,,1,observed,observed,observed,observed,imputed_in_v2,observed,observed,imputed_in_v2,imputed_in_v2,observed,observed,observed,imputed_in_v2
6,6.0,1.01,4.0,0.0,94.0,67.0,1.0,135.0,4.9,9.9,30.0,16700.0,4.8,1,observed,observed,observed,observed,observed,observed,observed,observed,observed,observed,observed,observed,observed
8,14.0,1.015,0.0,0.0,192.0,15.0,0.8,137.0,4.2,14.3,40.0,9500.0,5.4,1,observed,observed,observed,observed,observed,observed,observed,observed,observed,observed,observed,observed,observed
9,15.0,1.025,0.0,0.0,93.0,17.0,0.9,136.0,3.9,16.7,50.0,6200.0,5.2,0,observed,observed,observed,observed,observed,observed,observed,observed,observed,observed,observed,observed,observed
10,15.0,1.02,3.0,0.0,86.0,15.0,0.6,138.0,4.0,11.0,33.0,7700.0,3.8,1,observed,observed,observed,observed,observed,observed,observed,observed,observed,observed,observed,observed,observed
11,19.0,1.02,0.0,0.0,,,,,,11.5,,6900.0,,1,observed,observed,observed,observed,imputed_in_v2,imputed_in_v2,imputed_in_v2,imputed_in_v2,imputed_in_v2,observed,imputed_in_v2,observed,imputed_in_v2
12,20.0,1.025,0.0,0.0,,,,137.0,4.7,14.0,41.0,4500.0,5.5,0,observed,observed,observed,observed,imputed_in_v2,imputed_in_v2,imputed_in_v2,observed,observed,observed,observed,observed,observed
13,21.0,1.01,4.0,0.0,107.0,40.0,1.7,125.0,3.5,8.3,23.0,12400.0,3.9,1,observed,observed,observed,observed,observed,observed,observed,observed,observed,observed,observed,observed,observed
14,22.0,1.025,0.0,0.0,97.0,18.0,1.2,138.0,4.3,13.5,42.0,7900.0,6.4,0,observed,observed,observed,observed,observed,observed,observed,observed,observed,observed,observed,observed,observed
15,24.0,1.025,0.0,0.0,140.0,23.0,0.6,140.0,4.7,16.3,48.0,5800.0,5.6,0,observed,observed,observed,observed,observed,observed,observed,observed,observed,observed,observed,observed,observed
16,24.0,1.02,0.0,0.0,93.0,46.0,1.0,145.0,3.5,,,10700.0,6.3,0,observed,observed,observed,observed,observed,observed,observed,observed,observed,imputed_in_v2,imputed_in_v2,observed,observed
17,24.0,1.015,2.0,4.0,410.0,31.0,1.1,,,12.4,44.0,6900.0,5.0,1,observed,observed,observed,observed,observed,observed,observed,imputed_in_v2,imputed_in_v2,observed,observed,observed,observed
18,24.0,1.025,0.0,0.0,125.0,,,136.0,3.5,15.4,43.0,5600.0,4.5,0,observed,observed,observed,observed,observed,imputed_in_v2,imputed_in_v2,observed,observed,observed,observed,observed,observed
19,25.0,1.02,0.0,0.0,88.0,42.0,0.5,136.0,3.5,13.3,48.0,7000.0,4.9,0,observed,observed,observed,observed,observed,observed,observed,observed,observed,observed,observed,observed,observed
20,25.0,1.02,0.0,0.0,119.0,27.0,0.5,,,15.2,40.0,9200.0,5.2,0,observed,observed,observed,observed,observed,observed,observed,imputed_in_v2,imputed_in_v2,observed,observed,observed,observed
21,27.0,,,,76.0,44.0,3.9,127.0,4.3,,,,,1,observed,imputed_in_v2,imputed_in_v2,imputed_in_v2,observed,observed,observed,observed,observed,imputed_in_v2,imputed_in_v2,imputed_in_v2,imputed_in_v2
22,28.0,1.02,0.0,0.0,131.0,29.0,0.6,145.0,4.9,,45.0,8600.0,6.5,0,observed,observed,observed,observed,observed,observed,observed,observed,observed,imputed_in_v2,observed,observed,observed
23,30.0,1.02,0.0,0.0,131.0,38.0,1.0,147.0,3.8,14.1,45.0,9400.0,5.3,0,observed,observed,observed,observed,observed,observed,observed,observed,observed,observed,observed,observed,observed
24,30.0,1.02,0.0,0.0,89.0,42.0,0.5,139.0,5.0,16.7,52.0,10200.0,5.0,0,observed,observed,observed,observed,observed,observed,observed,observed,observed,observed,observed,observed,observed
25,30.0,1.025,0.0,0.0,82.0,42.0,0.7,146.0,5.0,14.9,45.0,9400.0,5.9,0,observed,observed,observed,observed,observed,observed,observed,observed,observed,observed,observed,observed,observed
26,30.0,1.025,0.0,0.0,120.0,31.0,0.8,150.0,4.6,13.4,44.0,10700.0,5.8,0,observed,observed,observed,observed,observed,observed,observed,observed,observed,observed,observed,observed,observed
27,32.0,1.025,1.0,0.0,,223.0,18.1,113.0,6.5,5.5,15.0,2600.0,2.8,1,observed,observed,observed,observed,imputed_in_v2,observed,observed,observed,observed,observed,observed,observed,observed
28,33.0,1.025,0.0,0.0,100.0,37.0,1.2,142.0,4.0,16.9,52.0,6700.0,6.0,0,observed,observed,observed,observed,observed,observed,observed,observed,observed,observed,observed,observed,observed
29,33.0,,,,130.0,41.0,0.9,141.0,4.4,15.5,52.0,4300.0,5.8,0,observed,imputed_in_v2,imputed_in_v2,imputed_in_v2,observed,observed,observed,observed,observed,observed,observed,observed,observed
30,33.0,1.015,0.0,0.0,92.0,19.0,0.8,,,11.8,34.0,7000.0,,1,observed,observed,observed,observed,observed,observed,observed,imputed_in_v2,imputed_in_v2,observed,observed,observed,imputed_in_v2
31,33.0,1.025,0.0,0.0,128.0,38.0,0.6,135.0,3.9,13.1,45.0,6200.0,4.5,0,observed,observed,observed,observed,observed,observed,observed,observed,observed,observed,observed,observed,observed
32,34.0,1.025,0.0,0.0,87.0,38.0,0.5,144.0,4.8,17.1,47.0,7400.0,6.1,0,observed,observed,observed,observed,observed,observed,observed,observed,observed,observed,observed,observed,observed
33,34.0,1.025,0.0,0.0,121.0,27.0,1.2,144.0,3.9,13.6,52.0,9200.0,6.3,0,observed,observed,observed,observed,observed,observed,observed,observed,observed,observed,observed,observed,observed
34,35.0,1.02,0.0,0.0,99.0,30.0,0.5,135.0,4.9,15.4,48.0,5000.0,5.2,0,observed,observed,observed,observed,observed,observed,observed,observed,observed,observed,observed,observed,observed
35,35.0,1.005,3.0,0.0,,,,,,9.5,28.0,,,1,observed,observed,observed,observed,imputed_in_v2,imputed_in_v2,imputed_in_v2,imputed_in_v2,imputed_in_v2,observed,observed,imputed_in_v2,imputed_in_v2
36,36.0,1.01,0.0,0.0,103.0,,,,,11.9,36.0,8800.0,,1,observed,observed,observed,observed,observed,imputed_in_v2,imputed_in_v2,imputed_in_v2,imputed_in_v2,observed,observed,observed,imputed_in_v2
37,37.0,1.025,0.0,0.0,111.0,35.0,0.8,135.0,4.1,16.2,50.0,5500.0,5.7,0,observed,observed,observed,observed,observed,observed,observed,observed,observed,observed,observed,observed,observed
38,37.0,1.01,0.0,0.0,,19.0,1.3,,,15.0,44.0,4100.0,5.2,1,observed,observed,observed,observed,imputed_in_v2,observed,observed,imputed_in_v2,imputed_in_v2,observed,observed,observed,observed
39,38.0,1.02,0.0,0.0,99.0,19.0,0.5,147.0,3.5,13.6,44.0,7300.0,6.4,0,observed,observed,observed,observed,observed,observed,observed,observed,observed,observed,observed,observed,observed
40,39.0,1.025,0.0,0.0,131.0,46.0,0.6,145.0,5.0,15.6,41.0,9400.0,4.7,0,observed,observed,observed,observed,observed,observed,observed,observed,observed,observed,observed,observed,observed
41,39.0,1.01,0.0,0.0,121.0,20.0,0.8,133.0,3.5,10.9,32.0,,,1,observed,observed,observed,observed,observed,observed,observed,observed,observed,observed,observed,imputed_in_v2,imputed_in_v2
42,40.0,1.02,0.0,0.0,119.0,15.0,0.7,150.0,4.9,,,,,0,observed,observed,observed,observed,observed,observed,observed,observed,observed,imputed_in_v2,imputed_in_v2,imputed_in_v2,imputed_in_v2
43,41.0,1.02,0.0,0.0,125.0,38.0,0.6,140.0,5.0,16.8,41.0,6300.0,5.9,0,observed,observed,observed,observed,observed,observed,observed,observed,observed,observed,observed,observed,observed
44,41.0,1.025,0.0,0.0,112.0,48.0,0.7,140.0,5.0,17.0,52.0,7200.0,5.8,0,observed,observed,observed,observed,observed,observed,observed,observed,observed,observed,observed,observed,observed
45,42.0,1.015,4.0,0.0,,50.0,1.4,129.0,4.0,11.1,39.0,8300.0,4.6,1,observed,observed,observed,observed,imputed_in_v2,observed,observed,observed,observed,observed,observed,observed,observed
46,42.0,1.02,0.0,0.0,132.0,24.0,0.7,140.0,4.1,14.4,50.0,5000.0,4.5,0,observed,observed,observed,observed,observed,observed,observed,observed,observed,observed,observed,observed,observed
47,42.0,1.02,2.0,0.0,93.0,153.0,2.7,139.0,4.3,9.8,34.0,9800.0,,1,observed,observed,observed,observed,observed,observed,observed,observed,observed,observed,observed,observed,imputed_in_v2
48,43.0,1.025,0.0,0.0,81.0,46.0,0.6,135.0,4.9,13.9,48.0,6900.0,4.9,0,observed,observed,observed,observed,observed,observed,observed,observed,observed,observed,observed,observed,observed
49,43.0,1.02,0.0,0.0,114.0,32.0,1.1,135.0,3.9,,42.0,,,0,observed,observed,observed,observed,observed,observed,observed,observed,observed,imputed_in_v2,observed,imputed_in_v2,imputed_in_v2
50,44.0,,,,106.0,25.0,0.9,150.0,3.6,15.0,50.0,9600.0,6.5,0,observed,imputed_in_v2,imputed_in_v2,imputed_in_v2,observed,observed,observed,observed,observed,observed,observed,observed,observed
51,44.0,1.01,1.0,0.0,,20.0,1.1,,,15.0,48.0,,,1,observed,observed,observed,observed,imputed_in_v2,observed,observed,imputed_in_v2,imputed_in_v2,observed,observed,imputed_in_v2,imputed_in_v2
52,44.0,1.025,0.0,0.0,,,,,,13.8,48.0,7800.0,4.4,0,observed,observed,observed,observed,imputed_in_v2,imputed_in_v2,imputed_in_v2,imputed_in_v2,imputed_in_v2,observed,observed,observed,observed
54,45.0,1.01,2.0,0.0,268.0,86.0,4.0,134.0,5.1,10.0,29.0,9200.0,,1,observed,observed,observed,observed,observed,observed,observed,observed,observed,observed,observed,observed,imputed_in_v2
55,45.0,1.02,3.0,0.0,425.0,,,,,,,,,1,observed,observed,observed,observed,observed,imputed_in_v2,imputed_in_v2,imputed_in_v2,imputed_in_v2,imputed_in_v2,imputed_in_v2,imputed_in_v2,imputed_in_v2
56,45.0,1.025,2.0,0.0,117.0,52.0,2.2,136.0,3.8,10.0,30.0,19100.0,3.7,1,observed,observed,observed,observed,observed,observed,observed,observed,observed,observed,observed,observed,observed
57,45.0,1.01,2.0,0.0,113.0,93.0,2.3,,,7.9,26.0,5700.0,,1,observed,observed,observed,observed,observed,observed,observed,imputed_in_v2,imputed_in_v2,observed,observed,observed,imputed_in_v2
58,45.0,1.02,0.0,0.0,114.0,26.0,0.7,141.0,4.2,15.0,43.0,9200.0,5.8,0,observed,observed,observed,observed,observed,observed,observed,observed,observed,observed,observed,observed,observed
59,46.0,1.025,0.0,0.0,123.0,46.0,1.0,135.0,5.0,15.7,50.0,6300.0,4.8,0,observed,observed,observed,observed,observed,observed,observed,observed,observed,observed,observed,observed,observed
61,46.0,1.01,1.0,0.0,163.0,92.0,3.3,141.0,4.0,9.8,28.0,14600.0,3.2,1,observed,observed,observed,observed,observed,observed,observed,observed,observed,observed,observed,observed,observed
62,46.0,1.02,,,213.0,68.0,2.8,146.0,6.3,9.3,,,,1,observed,observed,imputed_in_v2,imputed_in_v2,observed,observed,observed,observed,observed,observed,imputed_in_v2,imputed_in_v2,imputed_in_v2
63,47.0,,,,114.0,87.0,5.2,139.0,3.7,12.1,,,,1,observed,imputed_in_v2,imputed_in_v2,imputed_in_v2,observed,observed,observed,observed,observed,observed,imputed_in_v2,imputed_in_v2,imputed_in_v2
64,47.0,1.02,0.0,0.0,137.0,17.0,0.5,150.0,3.5,13.6,44.0,7900.0,4.5,0,observed,observed,observed,observed,observed,observed,observed,observed,observed,observed,observed,observed,observed
66,47.0,,,,93.0,33.0,0.9,144.0,4.5,13.3,52.0,8100.0,5.2,0,observed,imputed_in_v2,imputed_in_v2,imputed_in_v2,observed,observed,observed,observed,observed,observed,observed,observed,observed
67,48.0,1.025,4.0,0.0,95.0,163.0,7.7,136.0,3.8,9.8,32.0,6900.0,3.4,1,observed,observed,observed,observed,observed,observed,observed,observed,observed,observed,observed,observed,observed
68,48.0,1.015,0.0,2.0,214.0,24.0,1.3,140.0,4.0,13.2,39.0,,,1,observed,observed,observed,observed,observed,observed,observed,observed,observed,observed,observed,imputed_in_v2,imputed_in_v2
69,48.0,1.015,3.0,0.0,106.0,215.0,15.2,120.0,5.7,8.6,26.0,5000.0,2.5,1,observed,observed,observed,observed,observed,observed,observed,observed,observed,observed,observed,observed,observed
70,48.0,1.025,0.0,0.0,122.0,33.0,0.9,146.0,3.9,13.9,48.0,9500.0,4.8,0,observed,observed,observed,observed,observed,observed,observed,observed,observed,observed,observed,observed,observed
71,48.0,1.025,0.0,0.0,75.0,22.0,0.8,137.0,5.0,16.8,51.0,6000.0,6.5,0,observed,observed,observed,observed,observed,observed,observed,observed,observed,observed,observed,observed,observed
72,48.0,,,,103.0,79.0,5.3,135.0,6.3,6.3,19.0,7200.0,2.6,1,observed,imputed_in_v2,imputed_in_v2,imputed_in_v2,observed,observed,observed,observed,observed,observed,observed,observed,observed
73,49.0,1.01,3.0,0.0,129.0,158.0,11.8,122.0,3.2,8.1,24.0,9600.0,3.5,1,observed,observed,observed,observed,observed,observed,observed,observed,observed,observed,observed,observed,observed
74,50.0,1.02,0.0,0.0,97.0,40.0,0.6,150.0,4.5,14.2,48.0,10500.0,5.0,0,observed,observed,observed,observed,observed,observed,observed,observed,observed,observed,observed,observed,observed
75,50.0,1.01,2.0,4.0,490.0,55.0,4.0,,,9.4,28.0,,,1,observed,observed,observed,observed,observed,observed,observed,imputed_in_v2,imputed_in_v2,observed,observed,imputed_in_v2,imputed_in_v2
76,50.0,1.015,1.0,0.0,,,,,,,,,,1,observed,observed,observed,observed,imputed_in_v2,imputed_in_v2,imputed_in_v2,imputed_in_v2,imputed_in_v2,imputed_in_v2,imputed_in_v2,imputed_in_v2,imputed_in_v2
77,50.0,,,,89.0,118.0,6.1,127.0,4.4,6.0,17.0,6500.0,,1,observed,imputed_in_v2,imputed_in_v2,imputed_in_v2,observed,observed,observed,observed,observed,observed,observed,observed,imputed_in_v2
78,50.0,1.01,2.0,0.0,128.0,208.0,9.2,134.0,4.8,8.2,22.0,16300.0,2.7,1,observed,observed,observed,observed,observed,observed,observed,observed,observed,observed,observed,observed,observed
79,,1.02,0.0,0.0,219.0,36.0,1.3,139.0,3.7,12.5,37.0,9800.0,4.4,1,imputed_in_v2,observed,observed,observed,observed,observed,observed,observed,observed,observed,observed,observed,observed
80,,1.015,2.0,0.0,129.0,107.0,6.7,132.0,4.4,4.8,14.0,6300.0,,1,imputed_in_v2,observed,observed,observed,observed,observed,observed,observed,observed,observed,observed,observed,imputed_in_v2
81,51.0,1.02,0.0,0.0,94.0,15.0,1.2,144.0,3.7,15.5,46.0,9500.0,6.4,0,observed,observed,observed,observed,observed,observed,observed,observed,observed,observed,observed,observed,observed
82,,,,,93.0,155.0,7.3,132.0,4.9,,,,,1,imputed_in_v2,imputed_in_v2,imputed_in_v2,imputed_in_v2,observed,observed,observed,observed,observed,imputed_in_v2,imputed_in_v2,imputed_in_v2,imputed_in_v2
83,51.0,1.015,2.0,0.0,93.0,20.0,1.6,146.0,4.5,,,,,1,observed,observed,observed,observed,observed,observed,observed,observed,observed,imputed_in_v2,imputed_in_v2,imputed_in_v2,imputed_in_v2
84,51.0,1.025,0.0,0.0,99.0,38.0,0.8,135.0,3.7,13.0,49.0,8300.0,5.2,0,observed,observed,observed,observed,observed,observed,observed,observed,observed,observed,observed,observed,observed
85,51.0,1.02,0.0,0.0,129.0,25.0,1.2,139.0,5.0,17.2,40.0,8100.0,5.9,0,observed,observed,observed,observed,observed,observed,observed,observed,observed,observed,observed,observed,observed
86,52.0,1.015,4.0,3.0,224.0,166.0,5.6,133.0,47.0,8.1,23.0,5000.0,2.9,1,observed,observed,observed,observed,observed,observed,observed,observed,observed,observed,observed,observed,observed
87,52.0,1.015,3.0,0.0,138.0,60.0,1.9,,,10.8,33.0,9600.0,4.0,1,observed,observed,observed,observed,observed,observed,observed,imputed_in_v2,imputed_in_v2,observed,observed,observed,observed
88,52.0,1.025,0.0,0.0,99.0,25.0,0.8,135.0,3.7,15.0,52.0,6300.0,5.3,0,observed,observed,observed,observed,observed,observed,observed,observed,observed,observed,observed,observed,observed
89,52.0,1.02,0.0,0.0,125.0,22.0,1.2,139.0,4.6,16.5,43.0,4700.0,4.6,0,observed,observed,observed,observed,observed,observed,observed,observed,observed,observed,observed,observed,observed
90,53.0,1.01,1.0,3.0,213.0,23.0,1.0,139.0,4.0,,,,,1,observed,observed,observed,observed,observed,observed,observed,observed,observed,imputed_in_v2,imputed_in_v2,imputed_in_v2,imputed_in_v2
91,53.0,1.02,2.0,0.0,70.0,107.0,7.2,114.0,3.7,9.5,29.0,12100.0,3.7,1,observed,observed,observed,observed,observed,observed,observed,observed,observed,observed,observed,observed,observed
92,53.0,1.025,0.0,0.0,116.0,26.0,1.0,146.0,4.9,15.8,45.0,7700.0,5.2,0,observed,observed,observed,observed,observed,observed,observed,observed,observed,observed,observed,observed,observed
93,53.0,1.015,0.0,0.0,,38.0,2.2,,,10.9,34.0,4300.0,3.7,1,observed,observed,observed,observed,imputed_in_v2,observed,observed,imputed_in_v2,imputed_in_v2,observed,observed,observed,observed
94,54.0,1.015,0.0,0.0,103.0,18.0,1.2,,,,,,,1,observed,observed,observed,observed,observed,observed,observed,imputed_in_v2,imputed_in_v2,imputed_in_v2,imputed_in_v2,imputed_in_v2,imputed_in_v2
95,54.0,,,,111.0,146.0,7.5,141.0,4.7,11.0,35.0,8600.0,4.6,1,observed,imputed_in_v2,imputed_in_v2,imputed_in_v2,observed,observed,observed,observed,observed,observed,observed,observed,observed
96,54.0,1.02,3.0,0.0,208.0,89.0,5.9,130.0,4.9,9.3,,,,1,observed,observed,observed,observed,observed,observed,observed,observed,observed,observed,imputed_in_v2,imputed_in_v2,imputed_in_v2
97,54.0,1.025,1.0,0.0,150.0,18.0,1.2,140.0,4.2,,,,,1,observed,observed,observed,observed,observed,observed,observed,observed,observed,imputed_in_v2,imputed_in_v2,imputed_in_v2,imputed_in_v2
98,55.0,1.015,1.0,4.0,297.0,53.0,2.8,139.0,4.5,11.2,34.0,13600.0,4.4,1,observed,observed,observed,observed,observed,observed,observed,observed,observed,observed,observed,observed,observed
99,55.0,1.01,0.0,0.0,146.0,,,,,9.8,,,,1,observed,observed,observed,observed,observed,imputed_in_v2,imputed_in_v2,imputed_in_v2,imputed_in_v2,observed,imputed_in_v2,imputed_in_v2,imputed_in_v2
100,55.0,1.02,0.0,0.0,140.0,49.0,0.5,150.0,4.9,15.7,47.0,6700.0,4.9,0,observed,observed,observed,observed,observed,observed,observed,observed,observed,observed,observed,observed,observed
101,55.0,1.02,0.0,0.0,107.0,26.0,1.1,,,17.0,50.0,6700.0,6.1,0,observed,observed,observed,observed,observed,observed,observed,imputed_in_v2,imputed_in_v2,observed,observed,observed,observed
102,55.0,1.01,2.0,1.0,273.0,235.0,14.2,132.0,3.4,8.3,22.0,14600.0,2.9,1,observed,observed,observed,observed,observed,observed,observed,observed,observed,observed,observed,observed,observed
103,55.0,1.01,3.0,0.0,99.0,25.0,1.2,,,11.4,,,,1,observed,observed,observed,observed,observed,observed,observed,imputed_in_v2,imputed_in_v2,observed,imputed_in_v2,imputed_in_v2,imputed_in_v2
104,56.0,1.025,0.0,0.0,139.0,15.0,1.2,135.0,5.0,14.8,42.0,5600.0,5.5,0,observed,observed,observed,observed,observed,observed,observed,observed,observed,observed,observed,observed,observed
105,56.0,1.015,2.0,0.0,129.0,107.0,6.7,131.0,4.8,9.1,29.0,6400.0,3.4,1,observed,observed,observed,observed,observed,observed,observed,observed,observed,observed,observed,observed,observed
106,56.0,1.025,0.0,0.0,132.0,18.0,1.1,147.0,4.7,13.7,45.0,7500.0,5.6,0,observed,observed,observed,observed,observed,observed,observed,observed,observed,observed,observed,observed,observed
107,57.0,1.02,0.0,0.0,105.0,49.0,1.2,150.0,4.7,15.7,44.0,10400.0,6.2,0,observed,observed,observed,observed,observed,observed,observed,observed,observed,observed,observed,observed,observed
108,57.0,1.015,0.0,0.0,120.0,48.0,1.6,,,11.3,36.0,7200.0,3.8,1,observed,observed,observed,observed,observed,observed,observed,imputed_in_v2,imputed_in_v2,observed,observed,observed,observed
109,57.0,1.02,0.0,0.0,133.0,48.0,1.2,147.0,4.3,14.8,46.0,6600.0,5.5,0,observed,observed,observed,observed,observed,observed,observed,observed,observed,observed,observed,observed,observed
110,58.0,1.02,0.0,0.0,102.0,48.0,1.2,139.0,4.3,15.0,40.0,8100.0,4.9,0,observed,observed,observed,observed,observed,observed,observed,observed,observed,observed,observed,observed,observed
111,58.0,1.01,4.0,0.0,251.0,52.0,2.2,,,,,13200.0,4.7,1,observed,observed,observed,observed,observed,observed,observed,imputed_in_v2,imputed_in_v2,imputed_in_v2,imputed_in_v2,observed,observed
112,59.0,1.01,3.0,0.0,241.0,191.0,12.0,114.0,2.9,9.6,31.0,15700.0,3.8,1,observed,observed,observed,observed,observed,observed,observed,observed,observed,observed,observed,observed,observed
113,59.0,,,,,96.0,6.4,,,6.6,,,,1,observed,imputed_in_v2,imputed_in_v2,imputed_in_v2,imputed_in_v2,observed,observed,imputed_in_v2,imputed_in_v2,observed,imputed_in_v2,imputed_in_v2,imputed_in_v2
114,59.0,,,,204.0,34.0,1.5,124.0,4.1,9.8,37.0,6000.0,,1,observed,imputed_in_v2,imputed_in_v2,imputed_in_v2,observed,observed,observed,observed,observed,observed,observed,observed,imputed_in_v2
115,59.0,1.01,3.0,0.0,76.0,186.0,15.0,135.0,7.6,7.1,22.0,3800.0,2.1,1,observed,observed,observed,observed,observed,observed,observed,observed,observed,observed,observed,observed,observed
116,59.0,1.01,1.0,3.0,424.0,55.0,1.7,138.0,4.5,12.6,37.0,10200.0,4.1,1,observed,observed,observed,observed,observed,observed,observed,observed,observed,observed,observed,observed,observed
117,59.0,1.015,4.0,2.0,255.0,132.0,12.8,135.0,5.7,7.3,20.0,9800.0,3.9,1,observed,observed,observed,observed,observed,observed,observed,observed,observed,observed,observed,observed,observed
118,59.0,1.02,4.0,2.0,252.0,40.0,3.2,137.0,4.7,11.2,30.0,26400.0,3.9,1,observed,observed,observed,observed,observed,observed,observed,observed,observed,observed,observed,observed,observed
119,60.0,1.025,0.0,0.0,81.0,15.0,0.5,141.0,3.6,15.0,46.0,10500.0,5.3,0,observed,observed,observed,observed,observed,observed,observed,observed,observed,observed,observed,observed,observed
121,60.0,1.01,1.0,0.0,109.0,96.0,3.9,135.0,4.0,13.8,41.0,,,1,observed,observed,observed,observed,observed,observed,observed,observed,observed,observed,observed,imputed_in_v2,imputed_in_v2
123,60.0,1.02,0.0,0.0,,,,,,16.4,43.0,10800.0,5.7,0,observed,observed,observed,observed,imputed_in_v2,imputed_in_v2,imputed_in_v2,imputed_in_v2,imputed_in_v2,observed,observed,observed,observed
124,60.0,1.01,0.0,0.0,261.0,58.0,2.2,113.0,3.0,,,4200.0,3.4,1,observed,observed,observed,observed,observed,observed,observed,observed,observed,imputed_in_v2,imputed_in_v2,observed,observed
125,60.0,,,,124.0,52.0,2.5,,,,,,,1,observed,imputed_in_v2,imputed_in_v2,imputed_in_v2,observed,observed,observed,imputed_in_v2,imputed_in_v2,imputed_in_v2,imputed_in_v2,imputed_in_v2,imputed_in_v2
126,60.0,1.01,3.0,5.0,490.0,95.0,2.7,131.0,3.8,11.5,35.0,12000.0,4.5,1,observed,observed,observed,observed,observed,observed,observed,observed,observed,observed,observed,observed,observed
127,60.0,1.01,2.0,0.0,105.0,53.0,2.3,136.0,5.2,11.1,33.0,10500.0,4.1,1,observed,observed,observed,observed,observed,observed,observed,observed,observed,observed,observed,observed,observed
128,60.0,1.025,0.0,0.0,131.0,10.0,0.5,146.0,5.0,14.5,41.0,10700.0,5.1,0,observed,observed,observed,observed,observed,observed,observed,observed,observed,observed,observed,observed,observed
129,60.0,1.01,0.0,0.0,140.0,27.0,1.2,,,,,,,1,observed,observed,observed,observed,observed,observed,observed,imputed_in_v2,imputed_in_v2,imputed_in_v2,imputed_in_v2,imputed_in_v2,imputed_in_v2
130,60.0,1.01,1.0,1.0,172.0,32.0,2.7,,,11.2,36.0,,,1,observed,observed,observed,observed,observed,observed,observed,imputed_in_v2,imputed_in_v2,observed,observed,imputed_in_v2,imputed_in_v2
132,61.0,1.015,2.0,0.0,173.0,148.0,3.9,135.0,5.2,7.7,24.0,9200.0,3.2,1,observed,observed,observed,observed,observed,observed,observed,observed,observed,observed,observed,observed,observed
133,61.0,1.02,0.0,0.0,131.0,23.0,0.8,140.0,4.1,11.3,35.0,,,1,observed,observed,observed,observed,observed,observed,observed,observed,observed,observed,observed,imputed_in_v2,imputed_in_v2
134,61.0,1.025,0.0,0.0,120.0,29.0,0.7,137.0,3.5,17.4,52.0,7000.0,5.3,0,observed,observed,observed,observed,observed,observed,observed,observed,observed,observed,observed,observed,observed
136,62.0,1.025,3.0,0.0,122.0,42.0,1.7,136.0,4.7,12.6,39.0,7900.0,3.9,1,observed,observed,observed,observed,observed,observed,observed,observed,observed,observed,observed,observed,observed
137,62.0,1.02,0.0,0.0,132.0,34.0,0.8,147.0,3.5,17.8,44.0,4700.0,4.5,0,observed,observed,observed,observed,observed,observed,observed,observed,observed,observed,observed,observed,observed
138,62.0,1.025,0.0,0.0,78.0,45.0,0.6,138.0,3.5,16.1,50.0,5400.0,5.7,0,observed,observed,observed,observed,observed,observed,observed,observed,observed,observed,observed,observed,observed
139,62.0,1.015,1.0,0.0,100.0,31.0,1.6,,,10.3,30.0,5300.0,3.7,1,observed,observed,observed,observed,observed,observed,observed,imputed_in_v2,imputed_in_v2,observed,observed,observed,observed
140,62.0,1.02,2.0,1.0,169.0,48.0,2.4,138.0,2.9,13.4,47.0,11000.0,6.1,1,observed,observed,observed,observed,observed,observed,observed,observed,observed,observed,observed,observed,observed
141,63.0,1.01,3.0,0.0,380.0,60.0,2.7,131.0,4.2,10.8,32.0,4500.0,3.8,1,observed,observed,observed,observed,observed,observed,observed,observed,observed,observed,observed,observed,observed
143,64.0,1.015,3.0,2.0,463.0,64.0,2.8,135.0,4.1,12.2,40.0,9800.0,4.6,1,observed,observed,observed,observed,observed,observed,observed,observed,observed,observed,observed,observed,observed
144,64.0,1.015,4.0,2.0,163.0,54.0,7.2,140.0,4.6,7.9,26.0,7500.0,3.4,1,observed,observed,observed,observed,observed,observed,observed,observed,observed,observed,observed,observed,observed
145,64.0,,,,113.0,94.0,7.3,137.0,4.3,7.9,21.0,,,1,observed,imputed_in_v2,imputed_in_v2,imputed_in_v2,observed,observed,observed,observed,observed,observed,observed,imputed_in_v2,imputed_in_v2
146,64.0,1.02,0.0,0.0,106.0,27.0,0.7,150.0,3.3,14.4,42.0,8100.0,4.7,0,observed,observed,observed,observed,observed,observed,observed,observed,observed,observed,observed,observed,observed
147,65.0,1.02,0.0,0.0,109.0,39.0,1.0,144.0,3.5,13.9,48.0,9600.0,4.8,0,observed,observed,observed,observed,observed,observed,observed,observed,observed,observed,observed,observed,observed
148,65.0,1.01,0.0,0.0,93.0,66.0,1.6,137.0,4.5,11.6,36.0,11900.0,3.9,1,observed,observed,observed,observed,observed,observed,observed,observed,observed,observed,observed,observed,observed
149,65.0,1.015,4.0,4.0,307.0,28.0,1.5,,,11.0,39.0,6700.0,,1,observed,observed,observed,observed,observed,observed,observed,imputed_in_v2,imputed_in_v2,observed,observed,observed,imputed_in_v2
150,65.0,1.01,3.0,3.0,294.0,71.0,4.4,128.0,5.4,10.0,32.0,9000.0,3.9,1,observed,observed,observed,observed,observed,observed,observed,observed,observed,observed,observed,observed,observed
151,65.0,1.01,2.0,0.0,192.0,17.0,1.7,130.0,4.3,,,9500.0,,1,observed,observed,observed,observed,observed,observed,observed,observed,observed,imputed_in_v2,imputed_in_v2,observed,imputed_in_v2
153,65.0,1.015,1.0,0.0,203.0,46.0,1.4,,,11.4,36.0,5000.0,4.1,1,observed,observed,observed,observed,observed,observed,observed,imputed_in_v2,imputed_in_v2,observed,observed,observed,observed
154,65.0,1.015,2.0,1.0,215.0,133.0,2.5,,,13.2,41.0,,,1,observed,observed,observed,observed,observed,observed,observed,imputed_in_v2,imputed_in_v2,observed,observed,imputed_in_v2,imputed_in_v2
155,65.0,,,,74.0,66.0,2.0,136.0,5.4,9.1,25.0,,,1,observed,imputed_in_v2,imputed_in_v2,imputed_in_v2,observed,observed,observed,observed,observed,observed,observed,imputed_in_v2,imputed_in_v2
156,65.0,1.015,0.0,0.0,92.0,37.0,1.5,140.0,5.2,8.8,25.0,10700.0,3.2,1,observed,observed,observed,observed,observed,observed,observed,observed,observed,observed,observed,observed,observed
157,65.0,1.025,0.0,0.0,85.0,20.0,1.0,142.0,4.8,16.1,43.0,9600.0,4.5,0,observed,observed,observed,observed,observed,observed,observed,observed,observed,observed,observed,observed,observed
158,66.0,1.025,0.0,0.0,107.0,16.0,1.1,140.0,3.6,13.6,42.0,11000.0,4.9,0,observed,observed,observed,observed,observed,observed,observed,observed,observed,observed,observed,observed,observed
159,66.0,1.02,1.0,0.0,248.0,30.0,1.7,138.0,5.3,,,,,1,observed,observed,observed,observed,observed,observed,observed,observed,observed,imputed_in_v2,imputed_in_v2,imputed_in_v2,imputed_in_v2
160,67.0,1.01,1.0,3.0,182.0,391.0,32.0,163.0,39.0,,,,,1,observed,observed,observed,observed,observed,observed,observed,observed,observed,imputed_in_v2,imputed_in_v2,imputed_in_v2,imputed_in_v2
161,67.0,1.01,1.0,0.0,102.0,48.0,3.2,137.0,5.0,11.9,34.0,7100.0,3.7,1,observed,observed,observed,observed,observed,observed,observed,observed,observed,observed,observed,observed,observed
162,67.0,1.025,0.0,0.0,99.0,40.0,0.5,,,17.8,44.0,5900.0,5.2,0,observed,observed,observed,observed,observed,observed,observed,imputed_in_v2,imputed_in_v2,observed,observed,observed,observed
163,68.0,1.01,0.0,0.0,238.0,57.0,2.5,,,9.8,28.0,8000.0,3.3,1,observed,observed,observed,observed,observed,observed,observed,imputed_in_v2,imputed_in_v2,observed,observed,observed,observed
164,68.0,,,,98.0,86.0,4.6,135.0,3.4,9.8,,,,1,observed,imputed_in_v2,imputed_in_v2,imputed_in_v2,observed,observed,observed,observed,observed,observed,imputed_in_v2,imputed_in_v2,imputed_in_v2
165,68.0,1.015,3.0,1.0,208.0,72.0,2.1,138.0,5.8,9.7,28.0,12200.0,3.4,1,observed,observed,observed,observed,observed,observed,observed,observed,observed,observed,observed,observed,observed
166,69.0,1.01,0.0,4.0,256.0,40.0,1.2,142.0,5.6,,,,,1,observed,observed,observed,observed,observed,observed,observed,observed,observed,imputed_in_v2,imputed_in_v2,imputed_in_v2,imputed_in_v2
167,69.0,1.01,4.0,3.0,214.0,96.0,6.3,120.0,3.9,9.4,28.0,11500.0,3.3,1,observed,observed,observed,observed,observed,observed,observed,observed,observed,observed,observed,observed,observed
168,69.0,1.02,0.0,0.0,83.0,42.0,1.2,139.0,3.7,16.2,50.0,9300.0,5.4,0,observed,observed,observed,observed,observed,observed,observed,observed,observed,observed,observed,observed,observed
169,69.0,1.02,3.0,0.0,,103.0,4.1,132.0,5.9,12.5,,,,1,observed,observed,observed,observed,imputed_in_v2,observed,observed,observed,observed,observed,imputed_in_v2,imputed_in_v2,imputed_in_v2
170,70.0,,,,158.0,85.0,3.2,141.0,3.5,10.1,30.0,,,1,observed,imputed_in_v2,imputed_in_v2,imputed_in_v2,observed,observed,observed,observed,observed,observed,observed,imputed_in_v2,imputed_in_v2
171,70.0,1.02,2.0,1.0,184.0,98.6,3.3,138.0,3.9,5.8,,,,1,observed,observed,observed,observed,observed,observed,observed,observed,observed,observed,imputed_in_v2,imputed_in_v2,imputed_in_v2
172,70.0,1.015,4.0,0.0,118.0,125.0,5.3,136.0,4.9,12.0,37.0,8400.0,8.0,1,observed,observed,observed,observed,observed,observed,observed,observed,observed,observed,observed,observed,observed
173,70.0,1.005,1.0,0.0,169.0,47.0,2.9,,,11.1,32.0,5800.0,5.0,1,observed,observed,observed,observed,observed,observed,observed,imputed_in_v2,imputed_in_v2,observed,observed,observed,observed
174,71.0,1.01,3.0,0.0,219.0,82.0,3.6,133.0,4.4,10.4,33.0,5600.0,3.6,1,observed,observed,observed,observed,observed,observed,observed,observed,observed,observed,observed,observed,observed
175,71.0,1.02,3.0,2.0,424.0,48.0,1.5,132.0,4.0,10.9,31.0,,,1,observed,observed,observed,observed,observed,observed,observed,observed,observed,observed,observed,imputed_in_v2,imputed_in_v2
176,71.0,1.025,0.0,0.0,,,0.9,140.0,4.8,15.2,42.0,7700.0,5.5,0,observed,observed,observed,observed,imputed_in_v2,imputed_in_v2,observed,observed,observed,observed,observed,observed,observed
177,71.0,1.01,0.0,3.0,303.0,30.0,1.3,136.0,4.1,13.0,38.0,9200.0,4.6,1,observed,observed,observed,observed,observed,observed,observed,observed,observed,observed,observed,observed,observed
178,71.0,1.015,2.0,0.0,88.0,80.0,4.4,139.0,5.7,11.3,33.0,10700.0,3.9,1,observed,observed,observed,observed,observed,observed,observed,observed,observed,observed,observed,observed,observed
179,71.0,1.015,4.0,0.0,118.0,125.0,5.3,136.0,4.9,11.4,35.0,15200.0,4.3,1,observed,observed,observed,observed,observed,observed,observed,observed,observed,observed,observed,observed,observed
180,71.0,1.02,0.0,0.0,81.0,18.0,0.8,145.0,5.0,14.7,44.0,9800.0,6.0,0,observed,observed,observed,observed,observed,observed,observed,observed,observed,observed,observed,observed,observed
181,71.0,1.025,0.0,0.0,79.0,47.0,0.5,142.0,4.8,16.6,40.0,5800.0,5.9,0,observed,observed,observed,observed,observed,observed,observed,observed,observed,observed,observed,observed,observed
182,72.0,,,,201.0,241.0,13.4,127.0,4.8,9.4,28.0,,,1,observed,imputed_in_v2,imputed_in_v2,imputed_in_v2,observed,observed,observed,observed,observed,observed,observed,imputed_in_v2,imputed_in_v2
183,72.0,,,,84.0,145.0,7.1,135.0,5.3,,,,,1,observed,imputed_in_v2,imputed_in_v2,imputed_in_v2,observed,observed,observed,observed,observed,imputed_in_v2,imputed_in_v2,imputed_in_v2,imputed_in_v2
184,72.0,,,,137.0,65.0,3.4,141.0,4.7,9.7,28.0,6900.0,2.5,1,observed,imputed_in_v2,imputed_in_v2,imputed_in_v2,observed,observed,observed,observed,observed,observed,observed,observed,observed
185,72.0,1.01,2.0,0.0,124.0,53.0,2.3,,,11.9,39.0,,,1,observed,observed,observed,observed,observed,observed,observed,imputed_in_v2,imputed_in_v2,observed,observed,imputed_in_v2,imputed_in_v2
186,72.0,1.025,1.0,3.0,323.0,40.0,2.2,137.0,5.3,12.6,,,,1,observed,observed,observed,observed,observed,observed,observed,observed,observed,observed,imputed_in_v2,imputed_in_v2,imputed_in_v2
188,73.0,1.02,2.0,0.0,253.0,142.0,4.6,138.0,5.8,10.5,33.0,7200.0,4.3,1,observed,observed,observed,observed,observed,observed,observed,observed,observed,observed,observed,observed,observed
189,73.0,1.005,0.0,0.0,70.0,32.0,0.9,125.0,4.0,10.0,29.0,18900.0,3.5,1,observed,observed,observed,observed,observed,observed,observed,observed,observed,observed,observed,observed,observed
191,73.0,1.02,0.0,0.0,127.0,48.0,0.5,150.0,3.5,15.1,52.0,11000.0,4.7,0,observed,observed,observed,observed,observed,observed,observed,observed,observed,observed,observed,observed,observed
192,74.0,1.02,0.0,0.0,88.0,50.0,0.6,147.0,3.7,17.2,53.0,6000.0,4.5,0,observed,observed,observed,observed,observed,observed,observed,observed,observed,observed,observed,observed,observed
193,74.0,,,,108.0,68.0,1.8,,,,,,,1,observed,imputed_in_v2,imputed_in_v2,imputed_in_v2,observed,observed,observed,imputed_in_v2,imputed_in_v2,imputed_in_v2,imputed_in_v2,imputed_in_v2,imputed_in_v2
194,75.0,1.015,0.0,0.0,156.0,45.0,2.4,140.0,3.4,11.6,35.0,10300.0,4.0,1,observed,observed,observed,observed,observed,observed,observed,observed,observed,observed,observed,observed,observed
195,75.0,1.02,0.0,0.0,110.0,50.0,0.7,135.0,5.0,14.3,40.0,8300.0,5.8,0,observed,observed,observed,observed,observed,observed,observed,observed,observed,observed,observed,observed,observed
196,76.0,1.015,3.0,4.0,,164.0,9.7,131.0,4.4,10.2,30.0,11300.0,3.4,1,observed,observed,observed,observed,imputed_in_v2,observed,observed,observed,observed,observed,observed,observed,observed
197,76.0,1.015,1.0,0.0,92.0,29.0,1.8,133.0,3.9,10.3,32.0,,,1,observed,observed,observed,observed,observed,observed,observed,observed,observed,observed,observed,imputed_in_v2,imputed_in_v2
198,76.0,1.015,2.0,0.0,226.0,217.0,10.2,,,10.2,36.0,12700.0,4.2,1,observed,observed,observed,observed,observed,observed,observed,imputed_in_v2,imputed_in_v2,observed,observed,observed,observed
199,76.0,,,,172.0,46.0,1.7,141.0,5.5,9.6,30.0,,,1,observed,imputed_in_v2,imputed_in_v2,imputed_in_v2,observed,observed,observed,observed,observed,observed,observed,imputed_in_v2,imputed_in_v2
200,78.0,,,,114.0,74.0,2.9,135.0,5.9,8.0,24.0,,,1,observed,imputed_in_v2,imputed_in_v2,imputed_in_v2,observed,observed,observed,observed,observed,observed,observed,imputed_in_v2,imputed_in_v2
201,79.0,1.025,0.0,0.0,111.0,44.0,1.2,146.0,3.6,16.3,40.0,8000.0,6.4,0,observed,observed,observed,observed,observed,observed,observed,observed,observed,observed,observed,observed,observed
202,80.0,1.025,0.0,0.0,119.0,46.0,0.7,141.0,4.9,13.9,49.0,5100.0,5.0,0,observed,observed,observed,observed,observed,observed,observed,observed,observed,observed,observed,observed,observed
