config,model,calibration,repeat,fold,n_train,n_test,n_features,inner_best_score,screening_threshold,fit_seconds,param_clf__C,param_clf__class_weight,param_clf__gamma,param_clf__max_depth,param_clf__max_features,param_clf__min_samples_leaf
low_cost_model,svm,none,0,0,160,40,11,0.9810999185999185,0.9380633081741813,1.459,10.0,balanced,scale,,,
low_cost_model,svm,none,0,1,160,40,11,0.979739010989011,0.44491446959212677,1.045,0.1,None,scale,,,
low_cost_model,svm,none,0,2,160,40,11,0.9768136955636956,0.7340235980164006,1.029,10.0,balanced,scale,,,
low_cost_model,svm,none,0,3,160,40,11,0.9729980667480668,0.7620098327931493,1.047,0.1,balanced,scale,,,
low_cost_model,svm,none,0,4,160,40,11,0.9876373626373627,0.9149203561640608,1.018,10.0,None,scale,,,
low_cost_model,svm,none,1,0,160,40,11,0.9763176638176638,0.8388613295075948,1.313,0.1,balanced,scale,,,
low_cost_model,svm,none,1,1,160,40,11,0.9756817256817257,0.8791915968030228,1.048,1.0,balanced,scale,,,
low_cost_model,svm,none,1,2,160,40,11,0.9794591982091982,0.957618499085483,1.029,10.0,balanced,scale,,,
low_cost_model,svm,none,1,3,160,40,11,0.9778439153439153,0.8048712246610309,1.035,0.1,balanced,scale,,,
low_cost_model,svm,none,1,4,160,40,11,0.9824353886853887,0.9234589005094482,1.027,10.0,None,scale,,,
low_cost_model,svm,none,2,0,160,40,11,0.9771062271062271,0.9212814739050693,1.433,10.0,balanced,scale,,,
low_cost_model,svm,none,2,1,160,40,11,0.9745751933251934,0.8867757877405229,1.198,10.0,balanced,scale,,,
low_cost_model,svm,none,2,2,160,40,11,0.984839234839235,0.945505706387482,1.213,10.0,None,scale,,,
low_cost_model,svm,none,2,3,160,40,11,0.97121743996744,0.7676871627347036,1.219,10.0,None,scale,,,
low_cost_model,svm,none,2,4,160,40,11,0.9769917582417582,0.8351718843281835,1.214,10.0,None,0.01,,,
low_cost_model,svm,none,3,0,160,40,11,0.9761014448514449,0.8323530828925017,1.326,10.0,balanced,0.01,,,
low_cost_model,svm,none,3,1,160,40,11,0.9800824175824177,0.8512570950442704,1.042,10.0,None,scale,,,
low_cost_model,svm,none,3,2,160,40,11,0.979688135938136,0.8641756577280244,1.028,10.0,balanced,scale,,,
low_cost_model,svm,none,3,3,160,40,11,0.9771443833943834,0.7679261651537492,1.042,0.1,balanced,scale,,,
low_cost_model,svm,none,3,4,160,40,11,0.9777803215303216,0.7643934810983962,1.024,10.0,None,scale,,,
low_cost_model,svm,none,4,0,160,40,11,0.9806293243793244,0.9038976996406116,1.298,1.0,balanced,scale,,,
low_cost_model,svm,none,4,1,160,40,11,0.9842032967032966,0.9272196693105835,1.238,10.0,balanced,scale,,,
low_cost_model,svm,none,4,2,160,40,11,0.9675544363044364,0.8833569439856817,1.2,10.0,balanced,scale,,,
low_cost_model,svm,none,4,3,160,40,11,0.9825498575498576,0.9356601414783873,1.225,10.0,None,scale,,,
low_cost_model,svm,none,4,4,160,40,11,0.9837199837199837,0.738085931500816,1.255,10.0,balanced,scale,,,
low_cost_model,svm,isotonic,0,0,160,40,11,0.9810999185999185,0.9176704477737205,1.844,10.0,balanced,scale,,,
low_cost_model,svm,isotonic,0,1,160,40,11,0.979739010989011,0.8327641383351014,1.709,0.1,None,scale,,,
low_cost_model,svm,isotonic,0,2,160,40,11,0.9768136955636956,0.7657925290938516,1.561,10.0,balanced,scale,,,
low_cost_model,svm,isotonic,0,3,160,40,11,0.9729980667480668,0.8535386412356767,1.684,0.1,balanced,scale,,,
low_cost_model,svm,isotonic,0,4,160,40,11,0.9876373626373627,0.9650791523431264,1.615,10.0,None,scale,,,
low_cost_model,svm,isotonic,1,0,160,40,11,0.9763176638176638,0.8880368535933179,1.725,0.1,balanced,scale,,,
low_cost_model,svm,isotonic,1,1,160,40,11,0.9756817256817257,0.9551746944524888,1.419,1.0,balanced,scale,,,
low_cost_model,svm,isotonic,1,2,160,40,11,0.9794591982091982,0.9781235240583624,1.405,10.0,balanced,scale,,,
low_cost_model,svm,isotonic,1,3,160,40,11,0.9778439153439153,0.9259984899525112,1.468,0.1,balanced,scale,,,
low_cost_model,svm,isotonic,1,4,160,40,11,0.9824353886853887,0.8462653834452113,1.43,10.0,None,scale,,,
low_cost_model,svm,isotonic,2,0,160,40,11,0.9771062271062271,0.9719281102356783,1.999,10.0,balanced,scale,,,
low_cost_model,svm,isotonic,2,1,160,40,11,0.9745751933251934,0.896576226748177,1.689,10.0,balanced,scale,,,
low_cost_model,svm,isotonic,2,2,160,40,11,0.984839234839235,0.9566715356187712,1.645,10.0,None,scale,,,
low_cost_model,svm,isotonic,2,3,160,40,11,0.97121743996744,0.8346525354254044,1.659,10.0,None,scale,,,
low_cost_model,svm,isotonic,2,4,160,40,11,0.9769917582417582,0.9393780050096079,1.888,10.0,None,0.01,,,
low_cost_model,svm,isotonic,3,0,160,40,11,0.9761014448514449,0.9563991714625695,1.822,10.0,balanced,0.01,,,
low_cost_model,svm,isotonic,3,1,160,40,11,0.9800824175824177,0.8814871391778318,1.597,10.0,None,scale,,,
low_cost_model,svm,isotonic,3,2,160,40,11,0.979688135938136,0.8618862292864186,1.55,10.0,balanced,scale,,,
low_cost_model,svm,isotonic,3,3,160,40,11,0.9771443833943834,0.9316699087028698,1.668,0.1,balanced,scale,,,
low_cost_model,svm,isotonic,3,4,160,40,11,0.9777803215303216,0.7932436696254054,1.588,10.0,None,scale,,,
low_cost_model,svm,isotonic,4,0,160,40,11,0.9806293243793244,0.9697442608096631,1.84,1.0,balanced,scale,,,
low_cost_model,svm,isotonic,4,1,160,40,11,0.9842032967032966,0.9881287656535929,1.604,10.0,balanced,scale,,,
low_cost_model,svm,isotonic,4,2,160,40,11,0.9675544363044364,0.9118939313146311,1.639,10.0,balanced,scale,,,
low_cost_model,svm,isotonic,4,3,160,40,11,0.9825498575498576,0.9974226487182954,1.541,10.0,None,scale,,,
low_cost_model,svm,isotonic,4,4,160,40,11,0.9837199837199837,0.8492263943307643,1.571,10.0,balanced,scale,,,
low_cost_model,random_forest,none,0,0,160,40,11,0.9758470695970696,0.7333333333333333,25.839,,balanced,,None,sqrt,1
low_cost_model,random_forest,none,0,1,160,40,11,0.9817994505494506,0.7366666666666667,25.823,,balanced,,None,sqrt,1
low_cost_model,random_forest,none,0,2,160,40,11,0.9809091371591372,0.7,25.76,,None,,None,sqrt,1
low_cost_model,random_forest,none,0,3,160,40,11,0.9773987586487587,0.77,25.884,,balanced,,None,sqrt,1
low_cost_model,random_forest,none,0,4,160,40,11,0.989010989010989,0.6096613775934747,25.754,,None,,3,sqrt,1
low_cost_model,random_forest,none,1,0,160,40,11,0.9747786935286935,0.7773214285714286,24.929,,None,,None,sqrt,1
low_cost_model,random_forest,none,1,1,160,40,11,0.9818884818884819,0.6966666666666667,24.844,,balanced,,None,sqrt,1
low_cost_model,random_forest,none,1,2,160,40,11,0.9889982702482703,0.7633333333333333,22.11,,None,,None,sqrt,1
low_cost_model,random_forest,none,1,3,160,40,11,0.9832112332112333,0.7866666666666666,22.133,,None,,None,sqrt,1
low_cost_model,random_forest,none,1,4,160,40,11,0.9838471713471714,0.5273495629977193,22.187,,balanced,,3,sqrt,1
low_cost_model,random_forest,none,2,0,160,40,11,0.9827279202279202,0.7833333333333333,23.383,,None,,None,sqrt,1
low_cost_model,random_forest,none,2,1,160,40,11,0.9722858160358161,0.72,23.051,,balanced,,None,sqrt,1
low_cost_model,random_forest,none,2,2,160,40,11,0.9818884818884819,0.76,24.09,,None,,None,sqrt,1
low_cost_model,random_forest,none,2,3,160,40,11,0.9682539682539684,0.6866666666666666,25.082,,balanced,,None,sqrt,1
low_cost_model,random_forest,none,2,4,160,40,11,0.9828169515669516,0.7833333333333333,23.361,,None,,None,sqrt,1
low_cost_model,random_forest,none,3,0,160,40,11,0.9773478835978836,0.5342198662583957,22.57,,balanced,,3,sqrt,1
low_cost_model,random_forest,none,3,1,160,40,11,0.9805148555148555,0.7458571428571429,23.759,,None,,None,sqrt,1
low_cost_model,random_forest,none,3,2,160,40,11,0.9724893162393162,0.5863268938802905,25.512,,None,,3,sqrt,1
low_cost_model,random_forest,none,3,3,160,40,11,0.982740638990639,0.5178667510632252,25.169,,balanced,,3,sqrt,1
low_cost_model,random_forest,none,3,4,160,40,11,0.9784416971916973,0.6966666666666667,25.046,,balanced,,None,sqrt,1
low_cost_model,random_forest,none,4,0,160,40,11,0.9826516076516076,0.8133333333333334,23.174,,balanced,,None,sqrt,1
low_cost_model,random_forest,none,4,1,160,40,11,0.9886675824175825,0.7166666666666667,24.727,,balanced,,None,sqrt,1
low_cost_model,random_forest,none,4,2,160,40,11,0.9681649369149369,0.5336771287266443,24.925,,None,,3,sqrt,1
low_cost_model,random_forest,none,4,3,160,40,11,0.975656288156288,0.8233333333333334,25.999,,None,,None,sqrt,1
low_cost_model,random_forest,none,4,4,160,40,11,0.9845339845339846,0.6666666666666666,23.557,,balanced,,None,sqrt,1
low_cost_model,random_forest,isotonic,0,0,160,40,11,0.9758470695970696,0.8865757308531937,36.364,,balanced,,None,sqrt,1
low_cost_model,random_forest,isotonic,0,1,160,40,11,0.9817994505494506,0.8725184542640405,38.184,,balanced,,None,sqrt,1
low_cost_model,random_forest,isotonic,0,2,160,40,11,0.9809091371591372,0.6633698453608248,37.742,,None,,None,sqrt,1
low_cost_model,random_forest,isotonic,0,3,160,40,11,0.9773987586487587,0.9068067929619762,38.193,,balanced,,None,sqrt,1
low_cost_model,random_forest,isotonic,0,4,160,40,11,0.989010989010989,0.9182371951246292,37.466,,None,,3,sqrt,1
low_cost_model,random_forest,isotonic,1,0,160,40,11,0.9747786935286935,0.7708333333333334,36.752,,None,,None,sqrt,1
low_cost_model,random_forest,isotonic,1,1,160,40,11,0.9818884818884819,0.819527114750824,37.041,,balanced,,None,sqrt,1
low_cost_model,random_forest,isotonic,1,2,160,40,11,0.9889982702482703,0.8583468267890072,36.496,,None,,None,sqrt,1
low_cost_model,random_forest,isotonic,1,3,160,40,11,0.9832112332112333,0.7654049295774648,36.621,,None,,None,sqrt,1
low_cost_model,random_forest,isotonic,1,4,160,40,11,0.9838471713471714,0.9070684856934461,36.404,,balanced,,3,sqrt,1
low_cost_model,random_forest,isotonic,2,0,160,40,11,0.9827279202279202,0.8263761467889909,33.022,,None,,None,sqrt,1
low_cost_model,random_forest,isotonic,2,1,160,40,11,0.9722858160358161,0.7915733709623463,32.514,,balanced,,None,sqrt,1
low_cost_model,random_forest,isotonic,2,2,160,40,11,0.9818884818884819,0.8942528735632183,32.281,,None,,None,sqrt,1
low_cost_model,random_forest,isotonic,2,3,160,40,11,0.9682539682539684,0.9026880588627049,35.817,,balanced,,None,sqrt,1
low_cost_model,random_forest,isotonic,2,4,160,40,11,0.9828169515669516,0.7234733379616853,35.429,,None,,None,sqrt,1
low_cost_model,random_forest,isotonic,3,0,160,40,11,0.9773478835978836,0.9622740949833024,34.929,,balanced,,3,sqrt,1
low_cost_model,random_forest,isotonic,3,1,160,40,11,0.9805148555148555,0.8840258638390965,32.421,,None,,None,sqrt,1
low_cost_model,random_forest,isotonic,3,2,160,40,11,0.9724893162393162,0.9610661587344521,32.356,,None,,3,sqrt,1
low_cost_model,random_forest,isotonic,3,3,160,40,11,0.982740638990639,0.9256712906310798,37.412,,balanced,,3,sqrt,1
low_cost_model,random_forest,isotonic,3,4,160,40,11,0.9784416971916973,0.8884794784890317,38.836,,balanced,,None,sqrt,1
low_cost_model,random_forest,isotonic,4,0,160,40,11,0.9826516076516076,0.9332138568026113,36.145,,balanced,,None,sqrt,1
low_cost_model,random_forest,isotonic,4,1,160,40,11,0.9886675824175825,0.8335310298017313,35.675,,balanced,,None,sqrt,1
low_cost_model,random_forest,isotonic,4,2,160,40,11,0.9681649369149369,0.8329718920115833,33.139,,None,,3,sqrt,1
low_cost_model,random_forest,isotonic,4,3,160,40,11,0.975656288156288,0.8807291666666666,36.459,,None,,None,sqrt,1
low_cost_model,random_forest,isotonic,4,4,160,40,11,0.9845339845339846,0.7217860382741563,36.498,,balanced,,None,sqrt,1
full_valid_model,svm,none,0,0,160,40,25,0.9965404965404966,0.9120068612917344,1.306,1.0,None,0.01,,,
full_valid_model,svm,none,0,1,160,40,25,0.9986263736263736,0.9545979641556203,1.257,1.0,None,scale,,,
full_valid_model,svm,none,0,2,160,40,25,0.9985754985754987,0.8765604780717737,1.353,10.0,None,0.01,,,
full_valid_model,svm,none,0,3,160,40,25,0.9965150590150591,0.7450154538607484,1.297,0.1,None,scale,,,
full_valid_model,svm,none,0,4,160,40,25,1.0,0.5515445682271104,1.334,0.1,None,0.01,,,
full_valid_model,svm,none,1,0,160,40,25,0.9972527472527473,0.7597312919956343,1.43,0.1,None,scale,,,
full_valid_model,svm,none,1,1,160,40,25,0.9978886853886855,0.889696101943655,1.37,0.1,balanced,scale,,,
full_valid_model,svm,none,1,2,160,40,25,0.9992877492877493,0.9305104599585827,1.371,10.0,balanced,0.01,,,
full_valid_model,svm,none,1,3,160,40,25,0.9972018722018723,0.892433774342929,1.359,0.1,balanced,scale,,,
full_valid_model,svm,none,1,4,160,40,25,0.9979395604395604,0.9180446282008421,1.357,0.1,balanced,scale,,,
full_valid_model,svm,none,2,0,160,40,25,0.9972527472527473,0.8536046468228504,1.277,1.0,balanced,0.01,,,
full_valid_model,svm,none,2,1,160,40,25,0.9965659340659341,0.8570170583259571,1.263,0.1,balanced,scale,,,
full_valid_model,svm,none,2,2,160,40,25,0.9972273097273098,0.8342072332071462,1.254,0.1,None,scale,,,
full_valid_model,svm,none,2,3,160,40,25,0.9958536833536834,0.8989912602859981,1.16,1.0,None,0.01,,,
full_valid_model,svm,none,2,4,160,40,25,0.9978632478632479,0.922031197344585,1.144,1.0,None,0.01,,,
full_valid_model,svm,none,3,0,160,40,25,0.9964896214896215,0.9209495451577936,1.328,1.0,None,0.01,,,
full_valid_model,svm,none,3,1,160,40,25,0.9993131868131868,0.9578309828263665,1.403,10.0,None,scale,,,
full_valid_model,svm,none,3,2,160,40,25,0.9979395604395604,0.711268963924901,1.419,0.1,None,scale,,,
full_valid_model,svm,none,3,3,160,40,25,0.9986009361009361,0.8145631694766615,1.399,0.1,None,scale,,,
full_valid_model,svm,none,3,4,160,40,25,0.9944037444037443,0.8756379483543757,1.328,1.0,None,0.01,,,
full_valid_model,svm,none,4,0,160,40,25,0.9950905575905575,0.6859771406880982,1.175,0.1,None,scale,,,
full_valid_model,svm,none,4,1,160,40,25,1.0,0.9060916794332171,1.317,0.1,balanced,scale,,,
full_valid_model,svm,none,4,2,160,40,25,0.995014245014245,0.921976223204542,1.335,1.0,None,scale,,,
full_valid_model,svm,none,4,3,160,40,25,0.9951414326414326,0.809049462762956,1.336,0.1,None,scale,,,
full_valid_model,svm,none,4,4,160,40,25,0.9972018722018722,0.9077189206013694,1.334,0.1,balanced,scale,,,
full_valid_model,svm,isotonic,0,0,160,40,25,0.9965404965404966,0.9701179689455091,1.778,1.0,None,0.01,,,
full_valid_model,svm,isotonic,0,1,160,40,25,0.9986263736263736,0.9924228159326796,1.742,1.0,None,scale,,,
full_valid_model,svm,isotonic,0,2,160,40,25,0.9985754985754987,0.9642331390517762,1.776,10.0,None,0.01,,,
full_valid_model,svm,isotonic,0,3,160,40,25,0.9965150590150591,0.9628851670568893,1.827,0.1,None,scale,,,
full_valid_model,svm,isotonic,0,4,160,40,25,1.0,0.9281311787468031,1.79,0.1,None,0.01,,,
full_valid_model,svm,isotonic,1,0,160,40,25,0.9972527472527473,0.9253003867527082,1.911,0.1,None,scale,,,
full_valid_model,svm,isotonic,1,1,160,40,25,0.9978886853886855,0.9814793671649167,1.905,0.1,balanced,scale,,,
full_valid_model,svm,isotonic,1,2,160,40,25,0.9992877492877493,1.0,1.824,10.0,balanced,0.01,,,
full_valid_model,svm,isotonic,1,3,160,40,25,0.9972018722018723,0.995162155135191,1.841,0.1,balanced,scale,,,
full_valid_model,svm,isotonic,1,4,160,40,25,0.9979395604395604,0.9745573652108255,1.823,0.1,balanced,scale,,,
full_valid_model,svm,isotonic,2,0,160,40,25,0.9972527472527473,0.9536181123135559,1.88,1.0,balanced,0.01,,,
full_valid_model,svm,isotonic,2,1,160,40,25,0.9965659340659341,0.8835937489953731,1.914,0.1,balanced,scale,,,
full_valid_model,svm,isotonic,2,2,160,40,25,0.9972273097273098,1.0,1.865,0.1,None,scale,,,
full_valid_model,svm,isotonic,2,3,160,40,25,0.9958536833536834,0.9827887802021814,1.864,1.0,None,0.01,,,
full_valid_model,svm,isotonic,2,4,160,40,25,0.9978632478632479,0.9780931706375027,1.836,1.0,None,0.01,,,
full_valid_model,svm,isotonic,3,0,160,40,25,0.9964896214896215,0.984814959929627,1.815,1.0,None,0.01,,,
full_valid_model,svm,isotonic,3,1,160,40,25,0.9993131868131868,0.9840233605177454,1.697,10.0,None,scale,,,
full_valid_model,svm,isotonic,3,2,160,40,25,0.9979395604395604,0.9149186008109138,1.771,0.1,None,scale,,,
full_valid_model,svm,isotonic,3,3,160,40,25,0.9986009361009361,0.9622596502315369,1.835,0.1,None,scale,,,
full_valid_model,svm,isotonic,3,4,160,40,25,0.9944037444037443,0.9927372754687864,1.759,1.0,None,0.01,,,
full_valid_model,svm,isotonic,4,0,160,40,25,0.9950905575905575,0.9718941044421996,1.904,0.1,None,scale,,,
full_valid_model,svm,isotonic,4,1,160,40,25,1.0,1.0,1.894,0.1,balanced,scale,,,
full_valid_model,svm,isotonic,4,2,160,40,25,0.995014245014245,0.9937181355745295,1.825,1.0,None,scale,,,
full_valid_model,svm,isotonic,4,3,160,40,25,0.9951414326414326,0.9888519556983142,1.858,0.1,None,scale,,,
full_valid_model,svm,isotonic,4,4,160,40,25,0.9972018722018722,0.9528708639836414,2.062,0.1,balanced,scale,,,
full_valid_model,random_forest,none,0,0,160,40,25,0.9958282458282458,0.8233333333333334,24.281,,None,,None,sqrt,1
full_valid_model,random_forest,none,0,1,160,40,25,0.9986263736263736,0.79,25.082,,None,,None,sqrt,1
full_valid_model,random_forest,none,0,2,160,40,25,0.9978632478632479,0.7,23.541,,balanced,,None,sqrt,1
full_valid_model,random_forest,none,0,3,160,40,25,0.9951414326414326,0.72,22.553,,balanced,,None,sqrt,1
full_valid_model,random_forest,none,0,4,160,40,25,0.9958791208791209,0.7695020767310097,22.669,,None,,3,sqrt,1
full_valid_model,random_forest,none,1,0,160,40,25,0.9986263736263736,0.7733333333333333,26.201,,None,,None,sqrt,1
full_valid_model,random_forest,none,1,1,160,40,25,0.9992877492877493,0.7933333333333333,26.261,,None,,None,sqrt,1
full_valid_model,random_forest,none,1,2,160,40,25,0.9978886853886855,0.8133333333333334,26.515,,balanced,,None,sqrt,1
full_valid_model,random_forest,none,1,3,160,40,25,0.9965150590150591,0.7596834790564276,26.613,,balanced,,3,sqrt,1
full_valid_model,random_forest,none,1,4,160,40,25,0.9951668701668702,0.72,26.528,,balanced,,None,sqrt,1
full_valid_model,random_forest,none,2,0,160,40,25,0.9951923076923077,0.7333333333333333,22.34,,balanced,,None,sqrt,1
full_valid_model,random_forest,none,2,1,160,40,25,0.9979395604395604,0.8,22.437,,balanced,,None,sqrt,1
full_valid_model,random_forest,none,2,2,160,40,25,0.9985754985754985,0.7694259780990695,22.254,,None,,3,sqrt,1
full_valid_model,random_forest,none,2,3,160,40,25,1.0,0.7733333333333333,24.565,,None,,None,sqrt,1
full_valid_model,random_forest,none,2,4,160,40,25,0.9978886853886854,0.6842258876669162,26.067,,balanced,,3,sqrt,1
full_valid_model,random_forest,none,3,0,160,40,25,0.9958028083028083,0.77,22.389,,balanced,,None,sqrt,1
full_valid_model,random_forest,none,3,1,160,40,25,0.9985754985754985,0.7478049219785852,22.601,,balanced,,3,sqrt,1
full_valid_model,random_forest,none,3,2,160,40,25,0.9958791208791209,0.69,23.667,,balanced,,None,sqrt,1
full_valid_model,random_forest,none,3,3,160,40,25,0.9985754985754985,0.7766666666666666,24.921,,None,,None,sqrt,1
full_valid_model,random_forest,none,3,4,160,40,25,0.9971764346764347,0.7566666666666667,25.143,,balanced,,None,sqrt,1
full_valid_model,random_forest,none,4,0,160,40,25,0.9964641839641839,0.8266666666666667,25.49,,balanced,,None,sqrt,1
full_valid_model,random_forest,none,4,1,160,40,25,1.0,0.81,25.823,,None,,None,sqrt,1
full_valid_model,random_forest,none,4,2,160,40,25,0.9964387464387464,0.6923754722501704,23.526,,None,,3,sqrt,5
full_valid_model,random_forest,none,4,3,160,40,25,0.9971509971509972,0.8066666666666666,23.805,,balanced,,None,sqrt,1
full_valid_model,random_forest,none,4,4,160,40,25,0.9972018722018722,0.6804895846219053,23.196,,balanced,,None,sqrt,5
full_valid_model,random_forest,isotonic,0,0,160,40,25,0.9958282458282458,0.9692307692307692,32.831,,None,,None,sqrt,1
full_valid_model,random_forest,isotonic,0,1,160,40,25,0.9986263736263736,0.95,34.637,,None,,None,sqrt,1
full_valid_model,random_forest,isotonic,0,2,160,40,25,0.9978632478632479,0.9498837509687419,38.073,,balanced,,None,sqrt,1
full_valid_model,random_forest,isotonic,0,3,160,40,25,0.9951414326414326,0.9906462585034013,35.513,,balanced,,None,sqrt,1
full_valid_model,random_forest,isotonic,0,4,160,40,25,0.9958791208791209,0.9631237210651301,38.161,,None,,3,sqrt,1
full_valid_model,random_forest,isotonic,1,0,160,40,25,0.9986263736263736,0.9305555555555556,38.459,,None,,None,sqrt,1
full_valid_model,random_forest,isotonic,1,1,160,40,25,0.9992877492877493,0.9405776515151515,35.569,,None,,None,sqrt,1
full_valid_model,random_forest,isotonic,1,2,160,40,25,0.9978886853886855,1.0,37.33,,balanced,,None,sqrt,1
full_valid_model,random_forest,isotonic,1,3,160,40,25,0.9965150590150591,0.9917479083857497,38.404,,balanced,,3,sqrt,1
full_valid_model,random_forest,isotonic,1,4,160,40,25,0.9951668701668702,0.9577586206896551,37.243,,balanced,,None,sqrt,1
full_valid_model,random_forest,isotonic,2,0,160,40,25,0.9951923076923077,0.9546703296703296,34.841,,balanced,,None,sqrt,1
full_valid_model,random_forest,isotonic,2,1,160,40,25,0.9979395604395604,0.921091811414392,33.481,,balanced,,None,sqrt,1
full_valid_model,random_forest,isotonic,2,2,160,40,25,0.9985754985754985,0.9815914324565203,36.8,,None,,3,sqrt,1
full_valid_model,random_forest,isotonic,2,3,160,40,25,1.0,0.9621559633027523,37.017,,None,,None,sqrt,1
full_valid_model,random_forest,isotonic,2,4,160,40,25,0.9978886853886854,0.99301744146271,34.994,,balanced,,3,sqrt,1
full_valid_model,random_forest,isotonic,3,0,160,40,25,0.9958028083028083,0.9884969325153374,35.909,,balanced,,None,sqrt,1
full_valid_model,random_forest,isotonic,3,1,160,40,25,0.9985754985754985,1.0,36.809,,balanced,,3,sqrt,1
full_valid_model,random_forest,isotonic,3,2,160,40,25,0.9958791208791209,0.8855249480249481,36.853,,balanced,,None,sqrt,1
full_valid_model,random_forest,isotonic,3,3,160,40,25,0.9985754985754985,0.93,32.84,,None,,None,sqrt,1
full_valid_model,random_forest,isotonic,3,4,160,40,25,0.9971764346764347,0.9575831500824629,31.366,,balanced,,None,sqrt,1
full_valid_model,random_forest,isotonic,4,0,160,40,25,0.9964641839641839,0.9770833333333333,36.4,,balanced,,None,sqrt,1
full_valid_model,random_forest,isotonic,4,1,160,40,25,1.0,0.9845474613686535,33.215,,None,,None,sqrt,1
full_valid_model,random_forest,isotonic,4,2,160,40,25,0.9964387464387464,0.9334611794414238,32.624,,None,,3,sqrt,5
full_valid_model,random_forest,isotonic,4,3,160,40,25,0.9971509971509972,1.0,37.132,,balanced,,None,sqrt,1
full_valid_model,random_forest,isotonic,4,4,160,40,25,0.9972018722018722,0.9597558509422925,30.724,,balanced,,None,sqrt,5
laboratory_model,svm,none,0,0,160,40,14,0.9964896214896215,0.7703321781928721,1.237,0.1,None,scale,,,
laboratory_model,svm,none,0,1,160,40,14,0.9972273097273098,0.5125155198647775,1.251,0.1,balanced,0.01,,,
laboratory_model,svm,none,0,2,160,40,14,0.9937678062678064,0.5977968104207395,1.267,0.1,None,0.01,,,
laboratory_model,svm,none,0,3,160,40,14,0.9958791208791209,0.8840398854617493,1.239,10.0,None,scale,,,
laboratory_model,svm,none,0,4,160,40,14,0.996515059015059,0.8059611113839851,1.261,0.1,None,scale,,,
laboratory_model,svm,none,1,0,160,40,14,0.9931318681318682,0.7642401844778309,1.06,0.1,None,scale,,,
laboratory_model,svm,none,1,1,160,40,14,0.9971764346764347,0.8067086310910353,1.05,1.0,None,0.01,,,
laboratory_model,svm,none,1,2,160,40,14,0.9951159951159951,0.9447472470920879,1.046,1.0,None,scale,,,
laboratory_model,svm,none,1,3,160,40,14,0.9951414326414327,0.7170107951098503,1.103,0.1,None,scale,,,
laboratory_model,svm,none,1,4,160,40,14,0.9916056166056166,0.8607379202548647,1.067,0.1,balanced,scale,,,
laboratory_model,svm,none,2,0,160,40,14,0.9945054945054945,0.9259497443874974,1.224,1.0,None,scale,,,
laboratory_model,svm,none,2,1,160,40,14,0.9938186813186813,0.8033991335432394,1.209,0.1,balanced,scale,,,
laboratory_model,svm,none,2,2,160,40,14,0.9972273097273098,0.8000055394788858,1.17,10.0,balanced,0.01,,,
laboratory_model,svm,none,2,3,160,40,14,0.9951159951159951,0.8949889594555178,1.151,10.0,None,scale,,,
laboratory_model,svm,none,2,4,160,40,14,0.9971764346764347,0.8771223196336372,1.231,0.1,None,scale,,,
laboratory_model,svm,none,3,0,160,40,14,0.9958791208791209,0.5147712370387465,1.257,0.1,balanced,0.01,,,
laboratory_model,svm,none,3,1,160,40,14,0.9985754985754985,0.8772770458536634,1.26,1.0,None,0.01,,,
laboratory_model,svm,none,3,2,160,40,14,0.9937678062678064,0.5,1.26,0.1,balanced,0.01,,,
laboratory_model,svm,none,3,3,160,40,14,0.9986263736263736,0.9343690029995821,1.274,1.0,None,scale,,,
laboratory_model,svm,none,3,4,160,40,14,0.9923941798941799,0.78477863766061,1.233,0.1,None,scale,,,
laboratory_model,svm,none,4,0,160,40,14,0.9951159951159951,0.8557752389592247,1.055,1.0,balanced,scale,,,
laboratory_model,svm,none,4,1,160,40,14,0.9978632478632479,0.7884714594929929,1.067,0.1,None,scale,,,
laboratory_model,svm,none,4,2,160,40,14,0.9936660561660562,0.8751964330265404,1.061,1.0,balanced,scale,,,
laboratory_model,svm,none,4,3,160,40,14,0.9937169312169312,0.879692865282198,1.08,0.1,balanced,scale,,,
laboratory_model,svm,none,4,4,160,40,14,0.9971764346764347,0.8781462683360485,1.063,0.1,None,scale,,,
laboratory_model,svm,isotonic,0,0,160,40,14,0.9964896214896215,0.9742584275695128,1.718,0.1,None,scale,,,
laboratory_model,svm,isotonic,0,1,160,40,14,0.9972273097273098,0.9082789979448759,1.745,0.1,balanced,0.01,,,
laboratory_model,svm,isotonic,0,2,160,40,14,0.9937678062678064,0.9214555253484382,1.701,0.1,None,0.01,,,
laboratory_model,svm,isotonic,0,3,160,40,14,0.9958791208791209,0.9261740877599565,1.774,10.0,None,scale,,,
laboratory_model,svm,isotonic,0,4,160,40,14,0.996515059015059,0.9400814873563614,1.73,0.1,None,scale,,,
laboratory_model,svm,isotonic,1,0,160,40,14,0.9931318681318682,0.9262116491864087,1.727,0.1,None,scale,,,
laboratory_model,svm,isotonic,1,1,160,40,14,0.9971764346764347,0.909236066675845,1.636,1.0,None,0.01,,,
laboratory_model,svm,isotonic,1,2,160,40,14,0.9951159951159951,0.9808620494965906,1.652,1.0,None,scale,,,
laboratory_model,svm,isotonic,1,3,160,40,14,0.9951414326414327,0.875,1.668,0.1,None,scale,,,
laboratory_model,svm,isotonic,1,4,160,40,14,0.9916056166056166,0.9397213455272158,1.642,0.1,balanced,scale,,,
laboratory_model,svm,isotonic,2,0,160,40,14,0.9945054945054945,0.9075368432735426,1.689,1.0,None,scale,,,
laboratory_model,svm,isotonic,2,1,160,40,14,0.9938186813186813,0.8407273895695034,1.802,0.1,balanced,scale,,,
laboratory_model,svm,isotonic,2,2,160,40,14,0.9972273097273098,0.9445761336803576,1.765,10.0,balanced,0.01,,,
laboratory_model,svm,isotonic,2,3,160,40,14,0.9951159951159951,0.8099200590255518,1.658,10.0,None,scale,,,
laboratory_model,svm,isotonic,2,4,160,40,14,0.9971764346764347,0.9807577879669417,1.739,0.1,None,scale,,,
laboratory_model,svm,isotonic,3,0,160,40,14,0.9958791208791209,0.9535106813814107,1.503,0.1,balanced,0.01,,,
laboratory_model,svm,isotonic,3,1,160,40,14,0.9985754985754985,1.0,1.456,1.0,None,0.01,,,
laboratory_model,svm,isotonic,3,2,160,40,14,0.9937678062678064,0.94064227334166,1.587,0.1,balanced,0.01,,,
laboratory_model,svm,isotonic,3,3,160,40,14,0.9986263736263736,0.9821445857033537,1.434,1.0,None,scale,,,
laboratory_model,svm,isotonic,3,4,160,40,14,0.9923941798941799,0.908829802420767,1.478,0.1,None,scale,,,
laboratory_model,svm,isotonic,4,0,160,40,14,0.9951159951159951,0.9602141789883367,1.713,1.0,balanced,scale,,,
laboratory_model,svm,isotonic,4,1,160,40,14,0.9978632478632479,0.9793513140063664,1.744,0.1,None,scale,,,
laboratory_model,svm,isotonic,4,2,160,40,14,0.9936660561660562,0.9250544312463802,1.661,1.0,balanced,scale,,,
laboratory_model,svm,isotonic,4,3,160,40,14,0.9937169312169312,0.9970325169954551,1.746,0.1,balanced,scale,,,
laboratory_model,svm,isotonic,4,4,160,40,14,0.9971764346764347,0.9840742253977588,1.718,0.1,None,scale,,,
laboratory_model,random_forest,none,0,0,160,40,14,0.9937423687423688,0.8333333333333334,23.426,,None,,None,sqrt,1
laboratory_model,random_forest,none,0,1,160,40,14,0.9938186813186813,0.84,22.394,,None,,None,sqrt,1
laboratory_model,random_forest,none,0,2,160,40,14,0.9887820512820513,0.6561718179393784,22.372,,balanced,,3,sqrt,1
laboratory_model,random_forest,none,0,3,160,40,14,0.9917073667073667,0.7033333333333334,22.426,,balanced,,None,sqrt,1
laboratory_model,random_forest,none,0,4,160,40,14,0.9958282458282459,0.7566666666666667,24.055,,None,,None,sqrt,1
laboratory_model,random_forest,none,1,0,160,40,14,0.9938186813186813,0.7066666666666667,22.288,,balanced,,None,sqrt,1
laboratory_model,random_forest,none,1,1,160,40,14,0.9972527472527473,0.8033333333333333,23.869,,None,,None,sqrt,1
laboratory_model,random_forest,none,1,2,160,40,14,0.9875610500610501,0.8233333333333334,24.792,,None,,None,sqrt,1
laboratory_model,random_forest,none,1,3,160,40,14,0.9896469271469271,0.6968181943360054,23.362,,None,,3,sqrt,1
laboratory_model,random_forest,none,1,4,160,40,14,0.9895197395197395,0.7733333333333333,24.043,,balanced,,None,sqrt,1
laboratory_model,random_forest,none,2,0,160,40,14,0.9917582417582418,0.7466666666666667,25.972,,balanced,,None,sqrt,1
laboratory_model,random_forest,none,2,1,160,40,14,0.9916819291819292,0.6607092825897539,26.028,,balanced,,3,sqrt,1
laboratory_model,random_forest,none,2,2,160,40,14,0.9954594017094017,0.7233333333333334,26.366,,balanced,,None,sqrt,1
laboratory_model,random_forest,none,2,3,160,40,14,0.99506512006512,0.7466666666666667,26.305,,None,,None,sqrt,1
laboratory_model,random_forest,none,2,4,160,40,14,0.9929283679283679,0.8233333333333334,24.789,,None,,None,sqrt,1
laboratory_model,random_forest,none,3,0,160,40,14,0.9937678062678063,0.72,25.935,,None,,None,sqrt,1
laboratory_model,random_forest,none,3,1,160,40,14,0.9922669922669922,0.7333333333333333,25.811,,None,,None,sqrt,1
laboratory_model,random_forest,none,3,2,160,40,14,0.9876373626373627,0.6622732843408992,25.687,,balanced,,3,sqrt,1
laboratory_model,random_forest,none,3,3,160,40,14,0.9950396825396826,0.6010610608173491,22.091,,balanced,,3,sqrt,1
laboratory_model,random_forest,none,3,4,160,40,14,0.9916310541310541,0.7666666666666667,22.744,,balanced,,None,sqrt,1
laboratory_model,random_forest,none,4,0,160,40,14,0.9916564916564916,0.81,24.919,,None,,None,sqrt,1
laboratory_model,random_forest,none,4,1,160,40,14,0.9922924297924298,0.7966666666666666,22.246,,None,,None,sqrt,1
laboratory_model,random_forest,none,4,2,160,40,14,0.9894179894179894,0.6542070300239886,25.016,,None,,None,sqrt,5
laboratory_model,random_forest,none,4,3,160,40,14,0.9943783068783069,0.71,25.182,,None,,None,sqrt,1
laboratory_model,random_forest,none,4,4,160,40,14,0.9936406186406186,0.7433333333333333,20.025,,None,,None,sqrt,1
laboratory_model,random_forest,isotonic,0,0,160,40,14,0.9937423687423688,0.9306019601291904,36.526,,None,,None,sqrt,1
laboratory_model,random_forest,isotonic,0,1,160,40,14,0.9938186813186813,0.8591269841269842,35.358,,None,,None,sqrt,1
laboratory_model,random_forest,isotonic,0,2,160,40,14,0.9887820512820513,0.953279152822447,31.669,,balanced,,3,sqrt,1
laboratory_model,random_forest,isotonic,0,3,160,40,14,0.9917073667073667,0.8446704712812959,25.083,,balanced,,None,sqrt,1
laboratory_model,random_forest,isotonic,0,4,160,40,14,0.9958282458282459,0.8652952886529529,24.052,,None,,None,sqrt,1
laboratory_model,random_forest,isotonic,1,0,160,40,14,0.9938186813186813,0.8104906937394247,33.165,,balanced,,None,sqrt,1
laboratory_model,random_forest,isotonic,1,1,160,40,14,0.9972527472527473,0.8260143303155911,36.161,,None,,None,sqrt,1
laboratory_model,random_forest,isotonic,1,2,160,40,14,0.9875610500610501,0.9355238608743282,31.556,,None,,None,sqrt,1
laboratory_model,random_forest,isotonic,1,3,160,40,14,0.9896469271469271,0.8904566884260957,24.357,,None,,3,sqrt,1
laboratory_model,random_forest,isotonic,1,4,160,40,14,0.9895197395197395,0.8972701149425286,24.345,,balanced,,None,sqrt,1
laboratory_model,random_forest,isotonic,2,0,160,40,14,0.9917582417582418,0.884765625,34.882,,balanced,,None,sqrt,1
laboratory_model,random_forest,isotonic,2,1,160,40,14,0.9916819291819292,0.8904309212683662,25.604,,balanced,,3,sqrt,1
laboratory_model,random_forest,isotonic,2,2,160,40,14,0.9954594017094017,0.9103426201941451,23.986,,balanced,,None,sqrt,1
laboratory_model,random_forest,isotonic,2,3,160,40,14,0.99506512006512,0.7777777777777777,21.806,,None,,None,sqrt,1
laboratory_model,random_forest,isotonic,2,4,160,40,14,0.9929283679283679,0.9606467280163599,21.053,,None,,None,sqrt,1
laboratory_model,random_forest,isotonic,3,0,160,40,14,0.9937678062678063,0.7792664736334123,31.407,,None,,None,sqrt,1
laboratory_model,random_forest,isotonic,3,1,160,40,14,0.9922669922669922,0.951304347826087,24.41,,None,,None,sqrt,1
laboratory_model,random_forest,isotonic,3,2,160,40,14,0.9876373626373627,0.9678173220675834,23.987,,balanced,,3,sqrt,1
laboratory_model,random_forest,isotonic,3,3,160,40,14,0.9950396825396826,0.6902832007001822,21.43,,balanced,,3,sqrt,1
laboratory_model,random_forest,isotonic,3,4,160,40,14,0.9916310541310541,0.8413328858059224,21.214,,balanced,,None,sqrt,1
laboratory_model,random_forest,isotonic,4,0,160,40,14,0.9916564916564916,0.9417670682730923,31.683,,None,,None,sqrt,1
laboratory_model,random_forest,isotonic,4,1,160,40,14,0.9922924297924298,0.9639423076923077,24.243,,None,,None,sqrt,1
laboratory_model,random_forest,isotonic,4,2,160,40,14,0.9894179894179894,0.8189832214884133,23.669,,None,,None,sqrt,5
laboratory_model,random_forest,isotonic,4,3,160,40,14,0.9943783068783069,0.8446912885889264,21.23,,None,,None,sqrt,1
laboratory_model,random_forest,isotonic,4,4,160,40,14,0.9936406186406186,0.8633333333333333,20.835,,None,,None,sqrt,1
