draw,column_permutation_match_fraction
0,0.0
1,0.0
2,0.0
3,0.005
4,0.0
5,0.0
6,0.005
7,0.0
8,0.005
9,0.0
10,0.005
11,0.005
12,0.0
13,0.01
14,0.005
15,0.0
16,0.0
17,0.0
18,0.005
19,0.0
20,0.005
21,0.0
22,0.0
23,0.0
24,0.0
25,0.005
26,0.0
27,0.0
28,0.0
29,0.005
30,0.0
31,0.0
32,0.0
33,0.0
34,0.0
35,0.0
36,0.01
37,0.0
38,0.005
39,0.005
40,0.005
41,0.005
42,0.015
43,0.0
44,0.0
45,0.0
46,0.0
47,0.0
48,0.0
49,0.005
50,0.005
51,0.005
52,0.0
53,0.0
54,0.005
55,0.0
56,0.0
57,0.005
58,0.01
59,0.0
60,0.0
61,0.0
62,0.01
63,0.0
64,0.0
65,0.005
66,0.005
67,0.005
68,0.0
69,0.0
70,0.0
71,0.005
72,0.005
73,0.005
74,0.0
75,0.0
76,0.0
77,0.0
78,0.005
79,0.005
80,0.0
81,0.0
82,0.0
83,0.015
84,0.0
85,0.0
86,0.005
87,0.005
88,0.01
89,0.0
90,0.0
91,0.0
92,0.005
93,0.005
94,0.0
95,0.005
96,0.0
97,0.0
98,0.015
99,0.0
100,0.0
101,0.0
102,0.0
103,0.0
104,0.0
105,0.01
106,0.005
107,0.0
108,0.005
109,0.005
110,0.005
111,0.0
112,0.0
113,0.01
114,0.0
115,0.0
116,0.01
117,0.0
118,0.0
119,0.0
120,0.0
121,0.01
122,0.0
123,0.0
124,0.0
125,0.005
126,0.005
127,0.0
128,0.0
129,0.0
130,0.0
131,0.0
132,0.0
133,0.0
134,0.005
135,0.0
136,0.0
137,0.0
138,0.0
139,0.0
140,0.0
141,0.0
142,0.015
143,0.0
144,0.005
145,0.005
146,0.01
147,0.0
148,0.0
149,0.005
150,0.0
151,0.0
152,0.0
153,0.0
154,0.0
155,0.0
156,0.005
157,0.0
158,0.005
159,0.0
160,0.01
161,0.0
162,0.0
163,0.005
164,0.005
165,0.0
166,0.0
167,0.0
168,0.0
169,0.01
170,0.0
171,0.0
172,0.005
173,0.01
174,0.005
175,0.005
176,0.0
177,0.005
178,0.0
179,0.01
180,0.005
181,0.0
182,0.005
183,0.0
184,0.0
185,0.01
186,0.005
187,0.0
188,0.005
189,0.005
190,0.005
191,0.0
192,0.0
193,0.0
194,0.0
195,0.005
196,0.0
197,0.0
198,0.0
199,0.0
