dataset,fact_type,value,source_quote,url_or_doi,confidence,notes
uci_336,hospital_or_institution,Apollo Hospitals,"(a) Source: Dr.P.Soundarapandian.M.D.,D.M (Senior Consultant Nephrologist), Apollo Hospitals, Managiri, Madurai Main Road, Karaikudi, Tamilnadu, India. %",https://archive.ics.uci.edu/ml/machine-learning-databases/00336/Chronic_Kidney_Disease.rar -> Chronic_Kidney_Disease/chronic_kidney_disease.info.txt,stated,"Present only in the legacy archive's info.txt, not on the modern dataset card or in the ucimlrepo metadata object."
uci_336,country,India,"(a) Source: Dr.P.Soundarapandian.M.D.,D.M (Senior Consultant Nephrologist), Apollo Hospitals, Managiri, Madurai Main Road, Karaikudi, Tamilnadu, India. %",https://archive.ics.uci.edu/ml/machine-learning-databases/00336/Chronic_Kidney_Disease.rar -> Chronic_Kidney_Disease/chronic_kidney_disease.info.txt,stated,
uci_336,collection_site_detail,"Managiri, Madurai Main Road, Karaikudi, Tamilnadu","(a) Source: Dr.P.Soundarapandian.M.D.,D.M (Senior Consultant Nephrologist), Apollo Hospitals, Managiri, Madurai Main Road, Karaikudi, Tamilnadu, India. %",https://archive.ics.uci.edu/ml/machine-learning-databases/00336/Chronic_Kidney_Disease.rar -> Chronic_Kidney_Disease/chronic_kidney_disease.info.txt,stated,
uci_336,population_descriptor,Indians,% 1. Title: Early stage of Indians Chronic Kidney Disease(CKD) %,https://archive.ics.uci.edu/ml/machine-learning-databases/00336/Chronic_Kidney_Disease.rar -> Chronic_Kidney_Disease/chronic_kidney_disease.info.txt,stated,The dataset title names the population; it does not state a recruitment protocol.
uci_336,creator_institution,Alagappa University,"(b) Creator: L.Jerlin Rubini(Research Scholar) Alagappa University, EmailId :jel.jerlin@gmail.com ContactNo :+91-9597231281 %",https://archive.ics.uci.edu/ml/machine-learning-databases/00336/Chronic_Kidney_Disease.rar -> Chronic_Kidney_Disease/chronic_kidney_disease.info.txt,stated,
uci_336,date_stated,July 2015,(d) Date : July 2015 %,https://archive.ics.uci.edu/ml/machine-learning-databases/00336/Chronic_Kidney_Disease.rar -> Chronic_Kidney_Disease/chronic_kidney_disease.info.txt,stated,"This is the date given in the source block. The file does not say whether it is a collection date, a donation date or a compilation date, so it must not be read as a collection range."
uci_336,ethics_approval,not stated,,https://archive.ics.uci.edu/ml/machine-learning-databases/00336/Chronic_Kidney_Disease.rar -> Chronic_Kidney_Disease/chronic_kidney_disease.info.txt,unknown,"No occurrence of 'ethic', 'IRB', 'consent', 'approval', 'institutional' or 'committee' anywhere in info.txt."
uci_336,informed_consent,not stated,,https://archive.ics.uci.edu/ml/machine-learning-databases/00336/Chronic_Kidney_Disease.rar -> Chronic_Kidney_Disease/chronic_kidney_disease.info.txt,unknown,
uci_336,collection_period,'nearly 2 months' - no dates given,This dataset can be used to predict the chronic kidney disease and it can be collected from the hospital nearly 2 months of period.,https://archive.ics.uci.edu/dataset/336/chronic+kidney+disease,stated,"The abstract gives a duration but no start or end date, and uses the generic phrase 'the hospital' without naming one."
uci_336,hospital_named_on_modern_card,not stated,This dataset can be used to predict the chronic kidney disease and it can be collected from the hospital nearly 2 months of period.,https://archive.ics.uci.edu/dataset/336/chronic+kidney+disease,stated,"Checked programmatically: the strings 'Apollo', 'India', 'ethic', 'IRB', 'consent' and 'approval' do not occur anywhere in the ucimlrepo metadata object for id=336. The source statement exists only in the legacy archive."
uci_336,creators,L. Rubini; P. Soundarapandian; P. Eswaran,"[""L. Rubini"", ""P. Soundarapandian"", ""P. Eswaran""]",https://archive.ics.uci.edu/dataset/336/chronic+kidney+disease,stated,
uci_336,dataset_doi,10.24432/C5G020,10.24432/C5G020,https://archive.ics.uci.edu/dataset/336/chronic+kidney+disease,stated,
uci_857,hospital_or_institution,"Enam Medical College, Savar, Dhaka","This dataset is real Bangladeshi patient data. The dataset is collected from Enam Medical College, Savar, Dhaka, Bangladesh.",https://archive.ics.uci.edu/dataset/857/risk+factor+prediction+of+chronic+kidney+disease,stated,"Stated in the dataset card's summary field, and present verbatim in the fetched page HTML."
uci_857,country,Bangladesh,"This dataset is real Bangladeshi patient data. The dataset is collected from Enam Medical College, Savar, Dhaka, Bangladesh.",https://archive.ics.uci.edu/dataset/857/risk+factor+prediction+of+chronic+kidney+disease,stated,
uci_857,population_descriptor,real Bangladeshi patient data,"This dataset is real Bangladeshi patient data. The dataset is collected from Enam Medical College, Savar, Dhaka, Bangladesh.",https://archive.ics.uci.edu/dataset/857/risk+factor+prediction+of+chronic+kidney+disease,stated,
uci_857,collection_period,not stated,"This dataset is real Bangladeshi patient data. The dataset is collected from Enam Medical College, Savar, Dhaka, Bangladesh.",https://archive.ics.uci.edu/dataset/857/risk+factor+prediction+of+chronic+kidney+disease,unknown,"The card gives no start date, end date or duration."
uci_857,ethics_approval,not stated,,https://archive.ics.uci.edu/dataset/857/risk+factor+prediction+of+chronic+kidney+disease,unknown,"No occurrence of 'ethic', 'IRB', 'consent' or 'approval' in the metadata object."
uci_857,informed_consent,not stated,,https://archive.ics.uci.edu/dataset/857/risk+factor+prediction+of+chronic+kidney+disease,unknown,
uci_857,creators,Md. Ashiqul Islam; Shamima Akter,"[""Md. Ashiqul Islam"", ""Shamima Akter""]",https://archive.ics.uci.edu/dataset/857/risk+factor+prediction+of+chronic+kidney+disease,stated,
uci_857,dataset_doi,10.24432/C5WP64,10.24432/C5WP64,https://archive.ics.uci.edu/dataset/857/risk+factor+prediction+of+chronic+kidney+disease,stated,
uci_857,native_publication,"M. A. Islam, S. Akter, M. S. Hossen, S. A. Keya, S. A. Tisha and S. Hossain, 'Risk Factor Prediction of Chronic Kidney Disease based on Machine Learning Algorithms,' 2020 3rd International Conference on Intelligent Sustainable Systems (ICISS), Thoothukudi, India, 2020, pp. 952-957, doi: 10.1109/ICISS49785.2020.9315878.","M. A. Islam, S. Akter, M. S. Hossen, S. A. Keya, S. A. Tisha and S. Hossain, 'Risk Factor Prediction of Chronic Kidney Disease based on Machine Learning Algorithms,' 2020 3rd International Conference on Intelligent Sustainable Systems (ICISS), Thoothukudi, India, 2020, pp. 952-957, doi: 10.1109/ICISS49785.2020.9315878.",https://archive.ics.uci.edu/dataset/857/risk+factor+prediction+of+chronic+kidney+disease,stated,"The dataset card's own citation field. This is the dataset creators' paper, i.e. published research using the Enam Medical College data."
uci_857,intro_paper_url,https://www.semanticscholar.org/paper/a4b90dd7b9dfaffa9eff1efc6555bbce62a963d7,"{""ID"": 268, ""type"": ""NATIVE"", ""title"": ""Risk Factor Prediction of Chronic Kidney Disease based on Machine Learning Algorithms"", ""authors"": ""M. Islam, S. Akter, M. Hossen, Sadia Ahmed Keya, Sadia Afrin Tisha, Shahed Hossain"", ""venue"": ""International Conferences on Information Science and System"", ""year"": 2020, ""journal"": null, ""DOI"": null, ""URL"": ""https://www.semanticscholar.org/paper/a4b90dd7b9dfaffa9eff1efc6555bbce62a963d7"", ""sha"": null, ""corpus"": null, ""arxiv"": null, ""mag"": null, ""acl"": null, ""pmid"": null, ""pmcid"": null}",https://archive.ics.uci.edu/dataset/857/risk+factor+prediction+of+chronic+kidney+disease,stated,UCI marks this paper type=NATIVE.
uci_857,native_publication_retracted,True,"""title"": ""Retracted: Risk Factor Prediction of Chronic Kidney Disease based on Machine Learning Algorithms"", ""is_retracted"": true",https://openalex.org/W3127397372,stated,OpenAlex record for the DOI given in the dataset card's own citation field.
uci_857,native_publication_title_crossref,Retracted: Risk Factor Prediction of Chronic Kidney Disease based on Machine Learning Algorithms,"[""Retracted: Risk Factor Prediction of Chronic Kidney Disease based on Machine Learning Algorithms""]",https://doi.org/10.1109/iciss49785.2020.9315878,stated,"Independent confirmation from Crossref, i.e. the publisher's own deposited metadata. The 'Retracted:' prefix is IEEE's."
uci_857,retraction_disclosed_on_uci_card,not stated,"M. A. Islam, S. Akter, M. S. Hossen, S. A. Keya, S. A. Tisha and S. Hossain, 'Risk Factor Prediction of Chronic Kidney Disease based on Machine Learning Algorithms,' 2020 3rd International Conference on Intelligent Sustainable Systems (ICISS), Thoothukudi, India, 2020, pp. 952-957, doi: 10.1109/ICISS49785.2020.9315878.",https://archive.ics.uci.edu/dataset/857/risk+factor+prediction+of+chronic+kidney+disease,stated,"The dataset card's citation field reproduces the paper title WITHOUT the 'Retracted:' prefix that both OpenAlex and Crossref carry, and the card contains no retraction notice. Checked programmatically against the fetched page HTML."
cross,same_hospital_claim,not stated,,,unknown,"Neither dataset's documentation mentions the other, and neither states any relationship between the two releases. Any link between them must come from the record-level evidence in Task 3, not from the documentation."
