doi,title,retracted_prefix,is_target_paper,container,retrieved_utc
10.1109/iciss49785.2020.9315952,Detection of Mischievous Node in Wireless Ad-hoc Sensor Networks using HCBS Routing Protocol,False,False,2020 3rd International Conference on Intelligent Sustainable Systems (ICISS),2026-08-26T11:10:49+00:00
10.1109/iciss49785.2020.9315928,Message from the Chairman,False,False,2020 3rd International Conference on Intelligent Sustainable Systems (ICISS),2026-08-26T11:10:49+00:00
10.1109/iciss49785.2020.9316065,A Comprehensive Analytic Scheme for Classification of Novel Models,False,False,2020 3rd International Conference on Intelligent Sustainable Systems (ICISS),2026-08-26T11:10:49+00:00
10.1109/iciss49785.2020.9315905,Cloud Computing Inhibitors Among Small and Medium Enterprises,False,False,2020 3rd International Conference on Intelligent Sustainable Systems (ICISS),2026-08-26T11:10:49+00:00
10.1109/iciss49785.2020.9316097,Energy-Efficient Cloud Integrated Sensor Network using inter Sensor Owners based multi-hop Routing,False,False,2020 3rd International Conference on Intelligent Sustainable Systems (ICISS),2026-08-26T11:10:49+00:00
10.1109/iciss49785.2020.9315883,The Ideal Block Ciphers - Correlation of AES and PRESENT in Cryptography,False,False,2020 3rd International Conference on Intelligent Sustainable Systems (ICISS),2026-08-26T11:10:49+00:00
10.1109/iciss49785.2020.9316019,Augmented reality Application based Navigating the A Famosa Fortress Site,False,False,2020 3rd International Conference on Intelligent Sustainable Systems (ICISS),2026-08-26T11:10:49+00:00
10.1109/iciss49785.2020.9315907,A Secure RSU based Security against Multiple Attacks in VANET,False,False,2020 3rd International Conference on Intelligent Sustainable Systems (ICISS),2026-08-26T11:10:49+00:00
10.1109/iciss49785.2020.9315987,Security Challenges and Future Aspects of Fifth Generation Vehicular Adhoc Networking (5G-VANET) in Connected Vehicles,False,False,2020 3rd International Conference on Intelligent Sustainable Systems (ICISS),2026-08-26T11:10:49+00:00
10.1109/iciss49785.2020.9316041,Multiband Microstrip Antenna Design for Space Research Applications,False,False,2020 3rd International Conference on Intelligent Sustainable Systems (ICISS),2026-08-26T11:10:49+00:00
10.1109/iciss49785.2020.9315885,Generalized method to validate social distancing using median angle proximity methodology,False,False,2020 3rd International Conference on Intelligent Sustainable Systems (ICISS),2026-08-26T11:10:49+00:00
10.1109/iciss49785.2020.9315882,A Multi-layer Cryptosystem for Secure Data Transmission using PRNG,False,False,2020 3rd International Conference on Intelligent Sustainable Systems (ICISS),2026-08-26T11:10:49+00:00
10.1109/iciss49785.2020.9316081,Content based Video Retrieval using Improved Gray Level Co-Occurrence Matrix with Region-based Pre Convoluted Neural Network–RPCNN,False,False,2020 3rd International Conference on Intelligent Sustainable Systems (ICISS),2026-08-26T11:10:49+00:00
10.1109/iciss49785.2020.9316071,A Novel Compact Differential-Fed Dual-Polarized Dielectric Resonator Antenna,False,False,2020 3rd International Conference on Intelligent Sustainable Systems (ICISS),2026-08-26T11:10:49+00:00
10.1109/iciss49785.2020.9316052,Exploring XML Index Structures and Evaluating C-Tree Index-based Algorithm,False,False,2020 3rd International Conference on Intelligent Sustainable Systems (ICISS),2026-08-26T11:10:49+00:00
10.1109/iciss49785.2020.9316117,Recognizing Bangla Handwritten Numerals: A Hybrid Model,False,False,2020 3rd International Conference on Intelligent Sustainable Systems (ICISS),2026-08-26T11:10:49+00:00
10.1109/iciss49785.2020.9316030,Flower classification using CNN and transfer learning in CNN- Agriculture Perspective,False,False,2020 3rd International Conference on Intelligent Sustainable Systems (ICISS),2026-08-26T11:10:49+00:00
10.1109/iciss49785.2020.9315989,A feedback system using blockchain technology,False,False,2020 3rd International Conference on Intelligent Sustainable Systems (ICISS),2026-08-26T11:10:49+00:00
10.1109/iciss49785.2020.9316089,IoT based Face Recognition for Smart Applications using Machine Learning,False,False,2020 3rd International Conference on Intelligent Sustainable Systems (ICISS),2026-08-26T11:10:49+00:00
10.1109/iciss49785.2020.9315990,Retracted: Deep Learning in Dynamic Modeling of Medical Imaging: A Review Study,True,False,2020 3rd International Conference on Intelligent Sustainable Systems (ICISS),2026-08-26T11:10:49+00:00
10.1109/iciss49785.2020.9315878,Retracted: Risk Factor Prediction of Chronic Kidney Disease based on Machine Learning Algorithms,True,True,2020 3rd International Conference on Intelligent Sustainable Systems (ICISS),2026-08-26T11:10:49+00:00
10.1109/iciss49785.2020.9315909,Retracted: Lung Cancer Disease Diagnosis Using Machine Learning Approach,True,False,2020 3rd International Conference on Intelligent Sustainable Systems (ICISS),2026-08-26T11:10:49+00:00
10.1109/iciss49785.2020.9315950,A Survey of Health Care Monitoring System for Maternity Women Using Internet-of-Things,False,False,2020 3rd International Conference on Intelligent Sustainable Systems (ICISS),2026-08-26T11:10:49+00:00
10.1109/iciss49785.2020.9315954,Bio Sensing Chip for Smart Clothes,False,False,2020 3rd International Conference on Intelligent Sustainable Systems (ICISS),2026-08-26T11:10:49+00:00
10.1109/iciss49785.2020.9316031,Cost Effective IoT Framework for Connected Sensors and Devices,False,False,2020 3rd International Conference on Intelligent Sustainable Systems (ICISS),2026-08-26T11:10:49+00:00
10.1109/iciss49785.2020.9315965,Temperature forecasting using Dynamic Mode Decomposition,False,False,2020 3rd International Conference on Intelligent Sustainable Systems (ICISS),2026-08-26T11:10:49+00:00
10.1109/iciss49785.2020.9315997,Fuzzy Rider Optimization Algorithm for vein-based biometric recognition,False,False,2020 3rd International Conference on Intelligent Sustainable Systems (ICISS),2026-08-26T11:10:49+00:00
10.1109/iciss49785.2020.10702801,Retraction Notice: Coronary Artery Disease Prediction using Data Mining Techniques,False,False,2020 3rd International Conference on Intelligent Sustainable Systems (ICISS),2026-08-26T11:10:49+00:00
10.1109/iciss49785.2020.9315929,6Transistor SRAM Cell designed using 18nm FinFET Technology,False,False,2020 3rd International Conference on Intelligent Sustainable Systems (ICISS),2026-08-26T11:10:49+00:00
10.1109/iciss49785.2020.9316010,Design of efficient BCD adder with five input majority generators for quantum cellular automata,False,False,2020 3rd International Conference on Intelligent Sustainable Systems (ICISS),2026-08-26T11:10:49+00:00
10.1109/iciss49785.2020.9315863,A Study of Big Data Analytics using Apache Spark with Python and Scala,False,False,2020 3rd International Conference on Intelligent Sustainable Systems (ICISS),2026-08-26T11:10:49+00:00
10.1109/iciss49785.2020.9315924,Enhanced Image Filtrationusing Threshold based Anisotropic Filter for Brain Tumor Image Segmentation,False,False,2020 3rd International Conference on Intelligent Sustainable Systems (ICISS),2026-08-26T11:10:49+00:00
10.1109/iciss49785.2020.9315958,A Contemporary Pictorial Password Technique based on Character Set and Direction,False,False,2020 3rd International Conference on Intelligent Sustainable Systems (ICISS),2026-08-26T11:10:49+00:00
10.1109/iciss49785.2020.9316087,Movie Buzz - Movie Success Prediction System Using Machine Learning Model,False,False,2020 3rd International Conference on Intelligent Sustainable Systems (ICISS),2026-08-26T11:10:49+00:00
10.1109/iciss49785.2020.9315956,Artificial Intelligence based identification of Total Knee Arthroplasty Implants,False,False,2020 3rd International Conference on Intelligent Sustainable Systems (ICISS),2026-08-26T11:10:49+00:00
10.1109/iciss49785.2020.9316009,Retracted: Automatic Fracture Detection in Hand Bone Using MATLAB and Image Processing,True,False,2020 3rd International Conference on Intelligent Sustainable Systems (ICISS),2026-08-26T11:10:49+00:00
10.1109/iciss49785.2020.9316024,Microgrid Implementation in Unbalanced Nature of Feeder using Conventional Technique,False,False,2020 3rd International Conference on Intelligent Sustainable Systems (ICISS),2026-08-26T11:10:49+00:00
10.1109/iciss49785.2020.9316084,WiFi and Bluetooth based Smart Stick for Guiding Blind People,False,False,2020 3rd International Conference on Intelligent Sustainable Systems (ICISS),2026-08-26T11:10:49+00:00
10.1109/iciss49785.2020.9315934,Monitoring Pandemic Precautionary Protocols using Real-time Surveillance and Artificial Intelligence,False,False,2020 3rd International Conference on Intelligent Sustainable Systems (ICISS),2026-08-26T11:10:49+00:00
10.1109/iciss49785.2020.9315847,Intelligent Automation based Gas Valve Control Mechanism in Biogas Plant,False,False,2020 3rd International Conference on Intelligent Sustainable Systems (ICISS),2026-08-26T11:10:49+00:00
10.1109/iciss49785.2020.9315984,Mental Health State Detection Using Open CV and Sentimental Analysis,False,False,2020 3rd International Conference on Intelligent Sustainable Systems (ICISS),2026-08-26T11:10:49+00:00
10.1109/iciss49785.2020.9316126,Access Control Mechanism in Internet of Things using Blockchain Technology: A Review,False,False,2020 3rd International Conference on Intelligent Sustainable Systems (ICISS),2026-08-26T11:10:49+00:00
10.1109/iciss49785.2020.9316129,Vehicle Control Simulation System with Embedded Digital Real-Time Weather Station,False,False,2020 3rd International Conference on Intelligent Sustainable Systems (ICISS),2026-08-26T11:10:49+00:00
10.1109/iciss49785.2020.9316066,Keratoconus Detection based on Corneal Morpho-Geometric Analysis using Correlation,False,False,2020 3rd International Conference on Intelligent Sustainable Systems (ICISS),2026-08-26T11:10:49+00:00
10.1109/iciss49785.2020.9316077,Performance Dependency of Facial Emotion Recognition System on Dropout and Learning Rate,False,False,2020 3rd International Conference on Intelligent Sustainable Systems (ICISS),2026-08-26T11:10:49+00:00
10.1109/iciss49785.2020.9315895,Phishing Attack Detection using Machine Learning Classification Techniques,False,False,2020 3rd International Conference on Intelligent Sustainable Systems (ICISS),2026-08-26T11:10:49+00:00
10.1109/iciss49785.2020.9316106,Deep Learning based Classification of Papaya Disease Recognition,False,False,2020 3rd International Conference on Intelligent Sustainable Systems (ICISS),2026-08-26T11:10:49+00:00
10.1109/iciss49785.2020.9315996,An Intelligent Text Reader based on Python,False,False,2020 3rd International Conference on Intelligent Sustainable Systems (ICISS),2026-08-26T11:10:49+00:00
10.1109/iciss49785.2020.9315943,Retracted: Network Security Analysis for Signal Strength based Packet Filitering,True,False,2020 3rd International Conference on Intelligent Sustainable Systems (ICISS),2026-08-26T11:10:49+00:00
10.1109/iciss49785.2020.9315903,Framework for detection of cardiac disease by interpreting ECG Signal,False,False,2020 3rd International Conference on Intelligent Sustainable Systems (ICISS),2026-08-26T11:10:49+00:00
10.1109/iciss49785.2020.9316054,"Alignment-Free Cancelable Biometric: A Contemporary Survey, Opportunities &amp; Challenges",False,False,2020 3rd International Conference on Intelligent Sustainable Systems (ICISS),2026-08-26T11:10:49+00:00
10.1109/iciss49785.2020.9315962,Qualitative Prediction and Recognition of ongoing Human Action Sequences Using Deep Neural Networks,False,False,2020 3rd International Conference on Intelligent Sustainable Systems (ICISS),2026-08-26T11:10:49+00:00
10.1109/iciss49785.2020.9315873,Wireless Communication based Hostile Object Path Prediction and Self Guiding Anti-Missile Defense System,False,False,2020 3rd International Conference on Intelligent Sustainable Systems (ICISS),2026-08-26T11:10:49+00:00
10.1109/iciss49785.2020.9316118,Deisgn of UWB Range of Micro strip Patch Antenna,False,False,2020 3rd International Conference on Intelligent Sustainable Systems (ICISS),2026-08-26T11:10:49+00:00
10.1109/iciss49785.2020.9315859,Review on Materials and Methods for Supercapacitors,False,False,2020 3rd International Conference on Intelligent Sustainable Systems (ICISS),2026-08-26T11:10:49+00:00
10.1109/iciss49785.2020.9316108,Detecting the Infectious Area Along with Disease Using Deep Learning in Tomato Plant Leaves,False,False,2020 3rd International Conference on Intelligent Sustainable Systems (ICISS),2026-08-26T11:10:49+00:00
10.1109/iciss49785.2020.11650739,Retraction Notice: Lung Cancer Disease Diagnosis Using Machine Learning Approach,False,False,2020 3rd International Conference on Intelligent Sustainable Systems (ICISS),2026-08-26T11:10:49+00:00
10.1109/iciss49785.2020.11650747,Retraction Notice: Code-Based Routing Using Distributed Approach for Wireless Networks,False,False,2020 3rd International Conference on Intelligent Sustainable Systems (ICISS),2026-08-26T11:10:49+00:00
10.1109/iciss49785.2020.9315879,Innovation of an AI Classifier using different classification techniques to Predict the Placement Matrix of a University,False,False,2020 3rd International Conference on Intelligent Sustainable Systems (ICISS),2026-08-26T11:10:49+00:00
10.1109/iciss49785.2020.9316095,A survey on Electromagnetic Radiation based Remote Sensing Applications to Agriculture,False,False,2020 3rd International Conference on Intelligent Sustainable Systems (ICISS),2026-08-26T11:10:49+00:00
10.1109/iciss49785.2020.9315868,Source Production for Free Energy Generation,False,False,2020 3rd International Conference on Intelligent Sustainable Systems (ICISS),2026-08-26T11:10:49+00:00
10.1109/iciss49785.2020.9315935,Comparative Study on Query Processing and Indexing Techniques in Big Data,False,False,2020 3rd International Conference on Intelligent Sustainable Systems (ICISS),2026-08-26T11:10:49+00:00
10.1109/iciss49785.2020.9316107,Optimal Design of Transmission System Expansion Planning in Deregulated Environment,False,False,2020 3rd International Conference on Intelligent Sustainable Systems (ICISS),2026-08-26T11:10:49+00:00
10.1109/iciss49785.2020.9315917,A Novel Non Invasive Myocardial Infarction Vigilant System by using Raspberry Pi,False,False,2020 3rd International Conference on Intelligent Sustainable Systems (ICISS),2026-08-26T11:10:49+00:00
10.1109/iciss49785.2020.11650750,Retraction Notice: An Efficient Framework for Cloud Infrastructure Security,False,False,2020 3rd International Conference on Intelligent Sustainable Systems (ICISS),2026-08-26T11:10:49+00:00
10.1109/iciss49785.2020.9316131,Learning based Driver Drowsiness Detection Model,False,False,2020 3rd International Conference on Intelligent Sustainable Systems (ICISS),2026-08-26T11:10:49+00:00
10.1109/iciss49785.2020.9316021,CNN based Disease Detection Approach on Potato Leaves,False,False,2020 3rd International Conference on Intelligent Sustainable Systems (ICISS),2026-08-26T11:10:49+00:00
10.1109/iciss49785.2020.9315959,An N-step Look Ahead Algorithm Using Mixed (On and Off) Policy Reinforcement Learning,False,False,2020 3rd International Conference on Intelligent Sustainable Systems (ICISS),2026-08-26T11:10:49+00:00
10.1109/iciss49785.2020.9316011,Survey on Clustering and Depletion of Energy in Wireless Sensor network,False,False,2020 3rd International Conference on Intelligent Sustainable Systems (ICISS),2026-08-26T11:10:49+00:00
10.1109/iciss49785.2020.9316055,An Effective Concept Drift Detection Technique with Kernel Extreme Learning Machine for Email Spam Filtering,False,False,2020 3rd International Conference on Intelligent Sustainable Systems (ICISS),2026-08-26T11:10:49+00:00
10.1109/iciss49785.2020.9316116,Development of Handover Decision Algorithms in Hybrid Li-Fi and Wi-Fi Networks,False,False,2020 3rd International Conference on Intelligent Sustainable Systems (ICISS),2026-08-26T11:10:49+00:00
10.1109/iciss49785.2020.9315932,Insider Threat Detection using Deep Learning: A Review,False,False,2020 3rd International Conference on Intelligent Sustainable Systems (ICISS),2026-08-26T11:10:49+00:00
10.1109/iciss49785.2020.11650745,Retraction Notice: Automatic Fracture Detection in Hand Bone Using MATLAB and Image Processing,False,False,2020 3rd International Conference on Intelligent Sustainable Systems (ICISS),2026-08-26T11:10:49+00:00
10.1109/iciss49785.2020.11650749,Retraction Notice: Network Security Analysis for Signal Strength based Packet Filitering,False,False,2020 3rd International Conference on Intelligent Sustainable Systems (ICISS),2026-08-26T11:10:49+00:00
10.1109/iciss49785.2020.11650744,Retraction Notice: Breast Tumour Detection by using New Expectation Maximization Algorithm,False,False,2020 3rd International Conference on Intelligent Sustainable Systems (ICISS),2026-08-26T11:10:49+00:00
10.1109/iciss49785.2020.11650735,Retraction Notice: Database Training: Requirement to Exploitation in Hyperspectral Imagery,False,False,2020 3rd International Conference on Intelligent Sustainable Systems (ICISS),2026-08-26T11:10:49+00:00
10.1109/iciss49785.2020.11650743,Retraction Notice: Sign Language Converter Using Hand Gestures,False,False,2020 3rd International Conference on Intelligent Sustainable Systems (ICISS),2026-08-26T11:10:49+00:00
10.1109/iciss49785.2020.9315893,Selection of quantum computing architecture using a decision tree approach,False,False,2020 3rd International Conference on Intelligent Sustainable Systems (ICISS),2026-08-26T11:10:49+00:00
10.1109/iciss49785.2020.9315902,Research on Intelligent Water Environment Data Monitoring and Visual Analysis based on IoT,False,False,2020 3rd International Conference on Intelligent Sustainable Systems (ICISS),2026-08-26T11:10:49+00:00
10.1109/iciss49785.2020.9315891,Miniaturized Angular Frequency Selective Surface in Satellite Communication,False,False,2020 3rd International Conference on Intelligent Sustainable Systems (ICISS),2026-08-26T11:10:49+00:00
10.1109/iciss49785.2020.9315969,Multilinguistic approach towards Information Retrieval System for Big Data,False,False,2020 3rd International Conference on Intelligent Sustainable Systems (ICISS),2026-08-26T11:10:49+00:00
10.1109/iciss49785.2020.9315908,Noise reduction in images using autoencoders,False,False,2020 3rd International Conference on Intelligent Sustainable Systems (ICISS),2026-08-26T11:10:49+00:00
10.1109/iciss49785.2020.9315977,Propositional Aspect between Apache Spark and Hadoop Map-Reduce for Stock Market Data,False,False,2020 3rd International Conference on Intelligent Sustainable Systems (ICISS),2026-08-26T11:10:49+00:00
10.1109/iciss49785.2020.9315974,Estimating Maximum Likelihood using the Combined Linear and Nonlinear Function in NMS for Object Detection,False,False,2020 3rd International Conference on Intelligent Sustainable Systems (ICISS),2026-08-26T11:10:49+00:00
10.1109/iciss49785.2020.9316125,A Survey on Deep Convolutional Generative Adversarial Neural Network (DCGAN) for Detection of Covid-19 using Chest X-ray/CT-Scan,False,False,2020 3rd International Conference on Intelligent Sustainable Systems (ICISS),2026-08-26T11:10:49+00:00
10.1109/iciss49785.2020.9316101,Research and Development of APP and HCI based on Audio Data Feature Extraction,False,False,2020 3rd International Conference on Intelligent Sustainable Systems (ICISS),2026-08-26T11:10:49+00:00
10.1109/iciss49785.2020.9315861,Computer Data Processing Mode in the era of Big Data: from Pattern Recognition to Intelligent Sensing,False,False,2020 3rd International Conference on Intelligent Sustainable Systems (ICISS),2026-08-26T11:10:49+00:00
10.1109/iciss49785.2020.9315933,A Framework for Evaluation of Biometric Based Authentication System,False,False,2020 3rd International Conference on Intelligent Sustainable Systems (ICISS),2026-08-26T11:10:49+00:00
10.1109/iciss49785.2020.9316013,A Review of Recent Trends on DNA Based Cryptography,False,False,2020 3rd International Conference on Intelligent Sustainable Systems (ICISS),2026-08-26T11:10:49+00:00
10.1109/iciss49785.2020.9315865,Cascaded GSM Detector-Jammer Design,False,False,2020 3rd International Conference on Intelligent Sustainable Systems (ICISS),2026-08-26T11:10:49+00:00
10.1109/iciss49785.2020.9316022,A Design of Hybrid Powertrain with Parallel Configuration for Transmission,False,False,2020 3rd International Conference on Intelligent Sustainable Systems (ICISS),2026-08-26T11:10:49+00:00
10.1109/iciss49785.2020.9315930,A service-based recommendation system to assist decision making in a small and medium company,False,False,2020 3rd International Conference on Intelligent Sustainable Systems (ICISS),2026-08-26T11:10:49+00:00
10.1109/iciss49785.2020.9316134,"Performance Analysis of OFDM, W-OFDM and F-OFDM Under Rayleigh Fading Channel for 5G Wireless Communication",False,False,2020 3rd International Conference on Intelligent Sustainable Systems (ICISS),2026-08-26T11:10:49+00:00
10.1109/iciss49785.2020.9316061,Comparative Analysis of 8-Bit Manchester Carry Chain Adder Using FinFET at 18nm Technology,False,False,2020 3rd International Conference on Intelligent Sustainable Systems (ICISS),2026-08-26T11:10:49+00:00
10.1109/iciss49785.2020.9315999,Brain Computer Interface based Arduino Home Automation System for Physically Challenged,False,False,2020 3rd International Conference on Intelligent Sustainable Systems (ICISS),2026-08-26T11:10:49+00:00
10.1109/iciss49785.2020.9315985,Cognitive Model for Object Detection based on Speech-to-Text Conversion,False,False,2020 3rd International Conference on Intelligent Sustainable Systems (ICISS),2026-08-26T11:10:49+00:00
10.1109/iciss49785.2020.9316063,Smart Automated Pesticide Spraying Bot,False,False,2020 3rd International Conference on Intelligent Sustainable Systems (ICISS),2026-08-26T11:10:49+00:00
10.1109/iciss49785.2020.9316058,Artificial Intelligence based Efficient Phenotyping for Agronomics,False,False,2020 3rd International Conference on Intelligent Sustainable Systems (ICISS),2026-08-26T11:10:49+00:00
10.1109/iciss49785.2020.9315936,Lossless Compression Techniques for Low Bandwidth Networks,False,False,2020 3rd International Conference on Intelligent Sustainable Systems (ICISS),2026-08-26T11:10:49+00:00
10.1109/iciss49785.2020.9316115,Methods and Techniques for Privacy Preserving in Blockchain,False,False,2020 3rd International Conference on Intelligent Sustainable Systems (ICISS),2026-08-26T11:10:49+00:00
10.1109/iciss49785.2020.9316057,Recurrent Neural Network based Automated Workload Forecasting in a Contact Center,False,False,2020 3rd International Conference on Intelligent Sustainable Systems (ICISS),2026-08-26T11:10:49+00:00
10.1109/iciss49785.2020.9315915,"Virtual DataStack for Application Domains: Concepts, Challenges and Generation Techniques",False,False,2020 3rd International Conference on Intelligent Sustainable Systems (ICISS),2026-08-26T11:10:49+00:00
10.1109/iciss49785.2020.9315858,Analysis of Guiding Quality Evaluation Model Based on Regional Ecological Safety Performance Evaluation and Information Mining,False,False,2020 3rd International Conference on Intelligent Sustainable Systems (ICISS),2026-08-26T11:10:49+00:00
10.1109/iciss49785.2020.9316006,Classification of Durian Fruits based on Ripening with Machine Learning Techniques,False,False,2020 3rd International Conference on Intelligent Sustainable Systems (ICISS),2026-08-26T11:10:49+00:00
10.1109/iciss49785.2020.9315919,IoT Based Economic Smart Vehicle Parking System,False,False,2020 3rd International Conference on Intelligent Sustainable Systems (ICISS),2026-08-26T11:10:49+00:00
10.1109/iciss49785.2020.9315896,Retracted: A Comprehensive Review on Smart Fog-Based Healthcare Framework,True,False,2020 3rd International Conference on Intelligent Sustainable Systems (ICISS),2026-08-26T11:10:49+00:00
10.1109/iciss49785.2020.9316037,Network Crime Information Retrieval Framework based on Facial Image Recognition,False,False,2020 3rd International Conference on Intelligent Sustainable Systems (ICISS),2026-08-26T11:10:49+00:00
10.1109/iciss49785.2020.9315926,Review of computational approaches to Parkinson’s disease gene prediction,False,False,2020 3rd International Conference on Intelligent Sustainable Systems (ICISS),2026-08-26T11:10:49+00:00
10.1109/iciss49785.2020.9316105,Design of Circularly Polarized Patch Antenna using Genetic Algorithm for Energy Harvesting,False,False,2020 3rd International Conference on Intelligent Sustainable Systems (ICISS),2026-08-26T11:10:49+00:00
10.1109/iciss49785.2020.9315892,An Approach to Secure Capacity Optimization in Cloud Computing using Cryptographic Hash Function and Data De-duplication,False,False,2020 3rd International Conference on Intelligent Sustainable Systems (ICISS),2026-08-26T11:10:49+00:00
10.1109/iciss49785.2020.9316133,An Automatic System for Detection &amp; Suppression of Epileptic Seizure,False,False,2020 3rd International Conference on Intelligent Sustainable Systems (ICISS),2026-08-26T11:10:49+00:00
10.1109/iciss49785.2020.9316121,AI based Sustainable Approach for Metal Extraction from E-Waste: A Comprehensive literature review,False,False,2020 3rd International Conference on Intelligent Sustainable Systems (ICISS),2026-08-26T11:10:49+00:00
10.1109/iciss49785.2020.9315948,Integrity Auditing with Attribute based ECMRSA Algorithm for Cloud Data Outsourcing,False,False,2020 3rd International Conference on Intelligent Sustainable Systems (ICISS),2026-08-26T11:10:49+00:00
10.1109/iciss49785.2020.9316020,Design of high gain Low Noise Amplifier for RF Receiver Systems,False,False,2020 3rd International Conference on Intelligent Sustainable Systems (ICISS),2026-08-26T11:10:49+00:00
10.1109/iciss49785.2020.9315957,Unidirectional Communication of Long-Range Network of Robots,False,False,2020 3rd International Conference on Intelligent Sustainable Systems (ICISS),2026-08-26T11:10:49+00:00
10.1109/iciss49785.2020.9315925,An Enhanced Design of E-learning Courses based on Instructional Model of SCO in MANET,False,False,2020 3rd International Conference on Intelligent Sustainable Systems (ICISS),2026-08-26T11:10:49+00:00
10.1109/iciss49785.2020.9316038,Study of Effective Feature Combination for Fault Diagnosis of Bearings in Motors,False,False,2020 3rd International Conference on Intelligent Sustainable Systems (ICISS),2026-08-26T11:10:49+00:00
10.1109/iciss49785.2020.9315912,Case-By-Case Meta-Analysis from A Bayesian Perspective,False,False,2020 3rd International Conference on Intelligent Sustainable Systems (ICISS),2026-08-26T11:10:49+00:00
10.1109/iciss49785.2020.9316062,Genetic Algorithm based Pressure Management Technique for Leakage reduction in the water Distribution System,False,False,2020 3rd International Conference on Intelligent Sustainable Systems (ICISS),2026-08-26T11:10:49+00:00
10.1109/iciss49785.2020.9315898,Cryptanalysis of Smart TV using Discrete Cosine Transforms,False,False,2020 3rd International Conference on Intelligent Sustainable Systems (ICISS),2026-08-26T11:10:49+00:00
10.1109/iciss49785.2020.9316123,An implementation and analysis of deep learning models for the detection of wheat rust disease,False,False,2020 3rd International Conference on Intelligent Sustainable Systems (ICISS),2026-08-26T11:10:49+00:00
10.1109/iciss49785.2020.9316119,Survey of Heart Disease Prediction and Identification using Machine Learning Approaches,False,False,2020 3rd International Conference on Intelligent Sustainable Systems (ICISS),2026-08-26T11:10:49+00:00
10.1109/iciss49785.2020.9316088,Three-Dimensional Architectural Modeling and Decoration Design System based on Virtual Reality,False,False,2020 3rd International Conference on Intelligent Sustainable Systems (ICISS),2026-08-26T11:10:49+00:00
10.1109/iciss49785.2020.11650748,Retraction Notice: Survey on Diagnosis of Chronic Kidney Disease UsingMachine Learning Algorithms,False,False,2020 3rd International Conference on Intelligent Sustainable Systems (ICISS),2026-08-26T11:10:49+00:00
10.1109/iciss49785.2020.9316113,Retracted: Code-Based Routing Using Distributed Approach for Wireless Networks,True,False,2020 3rd International Conference on Intelligent Sustainable Systems (ICISS),2026-08-26T11:10:49+00:00
10.1109/iciss49785.2020.9316096,"Data Sources for Urban Traffic Prediction: A Review on Classification, Comparison and Technologies",False,False,2020 3rd International Conference on Intelligent Sustainable Systems (ICISS),2026-08-26T11:10:49+00:00
10.1109/iciss49785.2020.9316074,Potentials of Machine Learning for Data analysis in IoT: A Detailed Survey,False,False,2020 3rd International Conference on Intelligent Sustainable Systems (ICISS),2026-08-26T11:10:49+00:00
10.1109/iciss49785.2020.9316026,An Optimal Heuristic Model for Greedy and Efficient Consolidation Process in Cloud Datacenters,False,False,2020 3rd International Conference on Intelligent Sustainable Systems (ICISS),2026-08-26T11:10:49+00:00
10.1109/iciss49785.2020.9315966,Taylor-Grey Rider based Deep Recurrent Neural Network using Feature Level Fusion for Cryptography Enabled Biometric System,False,False,2020 3rd International Conference on Intelligent Sustainable Systems (ICISS),2026-08-26T11:10:49+00:00
10.1109/iciss49785.2020.9316072,An Efficient Aquaculture Monitoring Automatic System for Real Time Applications,False,False,2020 3rd International Conference on Intelligent Sustainable Systems (ICISS),2026-08-26T11:10:49+00:00
10.1109/iciss49785.2020.9316114,Efficient Auto key based Encryption and Decryption using GICK and GDCK methods,False,False,2020 3rd International Conference on Intelligent Sustainable Systems (ICISS),2026-08-26T11:10:49+00:00
10.1109/iciss49785.2020.9315937,Data Mining based Action Research on Speculation Online Guiding Mode,False,False,2020 3rd International Conference on Intelligent Sustainable Systems (ICISS),2026-08-26T11:10:49+00:00
10.1109/iciss49785.2020.9316060,Devising Technical Trading Rules for Pakistan Stock Exchange using Genetic Programming,False,False,2020 3rd International Conference on Intelligent Sustainable Systems (ICISS),2026-08-26T11:10:49+00:00
10.1109/iciss49785.2020.11650740,Retraction Notice: Diagnosis of Alzheimer Disease using Classification Algorithms,False,False,2020 3rd International Conference on Intelligent Sustainable Systems (ICISS),2026-08-26T11:10:49+00:00
10.1109/iciss49785.2020.9315870,Retracted: Big Data Approach for Medical Data Classification: A Review Study,True,False,2020 3rd International Conference on Intelligent Sustainable Systems (ICISS),2026-08-26T11:10:49+00:00
10.1109/iciss49785.2020.9316085,Hybrid Feature Based Label Generation Approach for Prediction of Traffic Congestion in Smart Cities,False,False,2020 3rd International Conference on Intelligent Sustainable Systems (ICISS),2026-08-26T11:10:49+00:00
10.1109/iciss49785.2020.9315927,A Novel Approach to Detect Face Mask using CNN,False,False,2020 3rd International Conference on Intelligent Sustainable Systems (ICISS),2026-08-26T11:10:49+00:00
10.1109/iciss49785.2020.9315980,Gadget Recommendation System using Data Science,False,False,2020 3rd International Conference on Intelligent Sustainable Systems (ICISS),2026-08-26T11:10:49+00:00
10.1109/iciss49785.2020.9315951,Machine Learning Based Telecom-Customer Churn Prediction,False,False,2020 3rd International Conference on Intelligent Sustainable Systems (ICISS),2026-08-26T11:10:49+00:00
10.1109/iciss49785.2020.10702803,Retraction Notice: Face Detection based on Extraction by K-NNC and NMC Framework,False,False,2020 3rd International Conference on Intelligent Sustainable Systems (ICISS),2026-08-26T11:10:49+00:00
10.1109/iciss49785.2020.9315921,Smart Home- Making IoT Happen,False,False,2020 3rd International Conference on Intelligent Sustainable Systems (ICISS),2026-08-26T11:10:49+00:00
10.1109/iciss49785.2020.9315971,Brain Tumor Classification with MRI Brain Images Using 2-Level GLCM Features and Sparse Representation based Segmentation,False,False,2020 3rd International Conference on Intelligent Sustainable Systems (ICISS),2026-08-26T11:10:49+00:00
10.1109/iciss49785.2020.9316083,An Efficient Use of SVM and QDA Algorithms on EPG Signals,False,False,2020 3rd International Conference on Intelligent Sustainable Systems (ICISS),2026-08-26T11:10:49+00:00
10.1109/iciss49785.2020.9316027,Performance evaluation of various filters for Noise removal on near Infrared Palm Dorsal Vascular Images,False,False,2020 3rd International Conference on Intelligent Sustainable Systems (ICISS),2026-08-26T11:10:49+00:00
10.1109/iciss49785.2020.9315875,Ensemble Classification Approach for Opinion Mining in Social Media and Online Newsfeeds for Forex Market Prediction,False,False,2020 3rd International Conference on Intelligent Sustainable Systems (ICISS),2026-08-26T11:10:49+00:00
10.1109/iciss49785.2020.9315991,Diabetic Retinopathy Detection using ensemble deep Learning and Individual Channel Training,False,False,2020 3rd International Conference on Intelligent Sustainable Systems (ICISS),2026-08-26T11:10:49+00:00
10.1109/iciss49785.2020.9315918,An Intelligent and Hybrid Method of Combining Spatial and Frequency Representation for Digital Image Steganography,False,False,2020 3rd International Conference on Intelligent Sustainable Systems (ICISS),2026-08-26T11:10:49+00:00
10.1109/iciss49785.2020.11650736,Retraction Notice: Basic Structure on Artificial Intelligence: A Revolution in Risk Management and Compliance,False,False,2020 3rd International Conference on Intelligent Sustainable Systems (ICISS),2026-08-26T11:10:49+00:00
10.1109/iciss49785.2020.9316008,Values and Count Optimization of IVIM diffusion Weighting Parameter,False,False,2020 3rd International Conference on Intelligent Sustainable Systems (ICISS),2026-08-26T11:10:49+00:00
10.1109/iciss49785.2020.9315995,Effectual Cloud Storage Management based on De-duplication Techniques: A Survey,False,False,2020 3rd International Conference on Intelligent Sustainable Systems (ICISS),2026-08-26T11:10:49+00:00
10.1109/iciss49785.2020.9316120,Automating Guide selection process of the Department through Web Application,False,False,2020 3rd International Conference on Intelligent Sustainable Systems (ICISS),2026-08-26T11:10:49+00:00
10.1109/iciss49785.2020.9315910,"Target Detection, Tracking and Threat Evaluation in Multi Sensor System using Machine Learning",False,False,2020 3rd International Conference on Intelligent Sustainable Systems (ICISS),2026-08-26T11:10:49+00:00
10.1109/iciss49785.2020.9315866,Diabetes prediction by using Big Data Tool and Machine Learning Approaches,False,False,2020 3rd International Conference on Intelligent Sustainable Systems (ICISS),2026-08-26T11:10:49+00:00
10.1109/iciss49785.2020.9315979,Generation of Indian sign language by sentence processing and generative adversarial networks,False,False,2020 3rd International Conference on Intelligent Sustainable Systems (ICISS),2026-08-26T11:10:49+00:00
10.1109/iciss49785.2020.9315986,Retracted: Basic Structure on Artificial Intelligence: A Revolution in Risk Management and Compliance,True,False,2020 3rd International Conference on Intelligent Sustainable Systems (ICISS),2026-08-26T11:10:49+00:00
10.1109/iciss49785.2020.9316093,A Survey on Personality Trait Recognition from Handwriting: Approach and Applications,False,False,2020 3rd International Conference on Intelligent Sustainable Systems (ICISS),2026-08-26T11:10:49+00:00
10.1109/iciss49785.2020.9316109,Development and Analysis of Simulation Virtual Online Guiding Resources based on VR Technology,False,False,2020 3rd International Conference on Intelligent Sustainable Systems (ICISS),2026-08-26T11:10:49+00:00
10.1109/iciss49785.2020.9315872,Diverse Operations in Uncertain and Probabilistic Database - Trio,False,False,2020 3rd International Conference on Intelligent Sustainable Systems (ICISS),2026-08-26T11:10:49+00:00
10.1109/iciss49785.2020.9315967,Author Index,False,False,2020 3rd International Conference on Intelligent Sustainable Systems (ICISS),2026-08-26T11:10:49+00:00
10.1109/iciss49785.2020.9315992,Assistance for Quadriplegic with BCI Enabled Wheelchair and IoT,False,False,2020 3rd International Conference on Intelligent Sustainable Systems (ICISS),2026-08-26T11:10:49+00:00
10.1109/iciss49785.2020.9316043,Future Trends of Security and Privacy in Next Generation VANET,False,False,2020 3rd International Conference on Intelligent Sustainable Systems (ICISS),2026-08-26T11:10:49+00:00
10.1109/iciss49785.2020.9316048,Performance Analysis of an Efficient Ensemble Meta Learning Framework for Streaming Data Analytics,False,False,2020 3rd International Conference on Intelligent Sustainable Systems (ICISS),2026-08-26T11:10:49+00:00
10.1109/iciss49785.2020.9316023,PDCA Cycle of Environmental Management Accounting under the background of Data Mining and Intelligent Systems,False,False,2020 3rd International Conference on Intelligent Sustainable Systems (ICISS),2026-08-26T11:10:49+00:00
10.1109/iciss49785.2020.9316076,A Survey of Intelligent transportation systems based Modern Object Detectors Under Night-time Conditions,False,False,2020 3rd International Conference on Intelligent Sustainable Systems (ICISS),2026-08-26T11:10:49+00:00
10.1109/iciss49785.2020.9316033,Decentralized Motion Planning for Multi-Robot Navigation using Deep Reinforcement Learning,False,False,2020 3rd International Conference on Intelligent Sustainable Systems (ICISS),2026-08-26T11:10:49+00:00
10.1109/iciss49785.2020.9316078,Classification of Parkinson's Disease using Speech Attributes with Parametric and Nonparametric Machine Learning Techniques,False,False,2020 3rd International Conference on Intelligent Sustainable Systems (ICISS),2026-08-26T11:10:49+00:00
10.1109/iciss49785.2020.9316004,Advance Applications and Future Challenges of 5G IoT,False,False,2020 3rd International Conference on Intelligent Sustainable Systems (ICISS),2026-08-26T11:10:49+00:00
10.1109/iciss49785.2020.9316025,Design of Orthogonal Matching Pursuit Architecture based on Compressed Sampling Using FPGA,False,False,2020 3rd International Conference on Intelligent Sustainable Systems (ICISS),2026-08-26T11:10:49+00:00
10.1109/iciss49785.2020.9315978,A Detailed Analysis of Artificial Intelligence Support to Measure Negative Impacts Created by the Abnormal Growth of Prosopis Juliflora: A Review,False,False,2020 3rd International Conference on Intelligent Sustainable Systems (ICISS),2026-08-26T11:10:49+00:00
10.1109/iciss49785.2020.9316017,Face Anti-Spoofing by Spatial Fusion of Colour Texture Features and Deep Features,False,False,2020 3rd International Conference on Intelligent Sustainable Systems (ICISS),2026-08-26T11:10:49+00:00
10.1109/iciss49785.2020.9316110,An Intelligent System for Evaluation of Descriptive Answers,False,False,2020 3rd International Conference on Intelligent Sustainable Systems (ICISS),2026-08-26T11:10:49+00:00
10.1109/iciss49785.2020.9315911,Optimization of Distance Between Magnets for Magnetic Wall Climbing Robots,False,False,2020 3rd International Conference on Intelligent Sustainable Systems (ICISS),2026-08-26T11:10:49+00:00
10.1109/iciss49785.2020.9316068,Multimedia System and Information Modelling System for Computer Aided Red Dance Creation with Virtual Reality,False,False,2020 3rd International Conference on Intelligent Sustainable Systems (ICISS),2026-08-26T11:10:49+00:00
10.1109/iciss49785.2020.9316103,Centralized and Automated Healthcare Systems : A Essential Smart Application Post Covid-19,False,False,2020 3rd International Conference on Intelligent Sustainable Systems (ICISS),2026-08-26T11:10:49+00:00
10.1109/iciss49785.2020.9316059,A Contemporary Survey of Unimodal Liveness Detection Techniques: Challenges &amp; Opportunities,False,False,2020 3rd International Conference on Intelligent Sustainable Systems (ICISS),2026-08-26T11:10:49+00:00
10.1109/iciss49785.2020.9316047,Optimal Location of Battery Swapping Station for EV Using PSO,False,False,2020 3rd International Conference on Intelligent Sustainable Systems (ICISS),2026-08-26T11:10:49+00:00
10.1109/iciss49785.2020.9315889,Realization of Metamutator using Dual Output Operational Transconductance Amplifier,False,False,2020 3rd International Conference on Intelligent Sustainable Systems (ICISS),2026-08-26T11:10:49+00:00
10.1109/iciss49785.2020.9315884,Police Complaint Management System using Blockchain Technology,False,False,2020 3rd International Conference on Intelligent Sustainable Systems (ICISS),2026-08-26T11:10:49+00:00
10.1109/iciss49785.2020.9316124,Fusion of Structural and Textural Features for Glaucoma Detection,False,False,2020 3rd International Conference on Intelligent Sustainable Systems (ICISS),2026-08-26T11:10:49+00:00
10.1109/iciss49785.2020.9316070,Improving Cognitive Learning of Children with Dyspraxia using Selection based Mid-Air Gestures in Athynos Game,False,False,2020 3rd International Conference on Intelligent Sustainable Systems (ICISS),2026-08-26T11:10:49+00:00
10.1109/iciss49785.2020.9315970,Road Traffic Signal Control and Management System : A Survey,False,False,2020 3rd International Conference on Intelligent Sustainable Systems (ICISS),2026-08-26T11:10:49+00:00
10.1109/iciss49785.2020.10702804,Retraction Notice: Survey on IoT Based Pregnant Women Health Monitoring System,False,False,2020 3rd International Conference on Intelligent Sustainable Systems (ICISS),2026-08-26T11:10:49+00:00
10.1109/iciss49785.2020.9316042,Database Forensics and Security Measures to Defend from Cyber Threats,False,False,2020 3rd International Conference on Intelligent Sustainable Systems (ICISS),2026-08-26T11:10:49+00:00
10.1109/iciss49785.2020.11650742,Retraction Notice: Dual Translation of International and Indian Regional Language using Recent Machine Translation,False,False,2020 3rd International Conference on Intelligent Sustainable Systems (ICISS),2026-08-26T11:10:49+00:00
10.1109/iciss49785.2020.9316132,A new fragile image-in-audio watermarking scheme for tamper detection,False,False,2020 3rd International Conference on Intelligent Sustainable Systems (ICISS),2026-08-26T11:10:49+00:00
10.1109/iciss49785.2020.9315922,Soft Switching Hybrid Resonant Boost Converter for Energy Harvesting Application,False,False,2020 3rd International Conference on Intelligent Sustainable Systems (ICISS),2026-08-26T11:10:49+00:00
10.1109/iciss49785.2020.9315944,Comparative Analysis of Image Enhancement using Adaptive Threshold,False,False,2020 3rd International Conference on Intelligent Sustainable Systems (ICISS),2026-08-26T11:10:49+00:00
10.1109/iciss49785.2020.9315983,Deep Learning Based Dog Behavioural Monitoring System,False,False,2020 3rd International Conference on Intelligent Sustainable Systems (ICISS),2026-08-26T11:10:49+00:00
10.1109/iciss49785.2020.9315860,Performance Analysis of Current-fed DAB Converter for DC Microgrid with Active Power Control,False,False,2020 3rd International Conference on Intelligent Sustainable Systems (ICISS),2026-08-26T11:10:49+00:00
10.1109/iciss49785.2020.9315871,Dog Breed Classifier for Facial Recognition using Convolutional Neural Networks,False,False,2020 3rd International Conference on Intelligent Sustainable Systems (ICISS),2026-08-26T11:10:49+00:00
10.1109/iciss49785.2020.9316128,Indian Road Conditions and Accident Risk Predictions using Deep Learning Approach – A Review,False,False,2020 3rd International Conference on Intelligent Sustainable Systems (ICISS),2026-08-26T11:10:49+00:00
10.1109/iciss49785.2020.9316036,A Survey on DoA Measurement using ULA and UCA for Wireless Sensor Network Applications,False,False,2020 3rd International Conference on Intelligent Sustainable Systems (ICISS),2026-08-26T11:10:49+00:00
10.1109/iciss49785.2020.9315993,Seismic Image Pattern Analysis Using Fuzzy Logic Controller,False,False,2020 3rd International Conference on Intelligent Sustainable Systems (ICISS),2026-08-26T11:10:49+00:00
10.1109/iciss49785.2020.9315942,Retracted: Database Training: Requirement to Exploitation in Hyperspectral Imagery,True,False,2020 3rd International Conference on Intelligent Sustainable Systems (ICISS),2026-08-26T11:10:49+00:00
10.1109/iciss49785.2020.9316014,Retracted: Coronary Artery Disease Prediction using Data Mining Techniques,True,False,2020 3rd International Conference on Intelligent Sustainable Systems (ICISS),2026-08-26T11:10:49+00:00
10.1109/iciss49785.2020.9315901,Design of Amended Adaptive Equalizer using Butterfly Optimization Algorithm : Extension to LTE System,False,False,2020 3rd International Conference on Intelligent Sustainable Systems (ICISS),2026-08-26T11:10:49+00:00
10.1109/iciss49785.2020.9316067,Towards a collaborative approach for recommendation of services using a domain of ontology and agents,False,False,2020 3rd International Conference on Intelligent Sustainable Systems (ICISS),2026-08-26T11:10:49+00:00
10.1109/iciss49785.2020.9315914,H-slot Microstrip Patch Antenna for 5G WLAN Application,False,False,2020 3rd International Conference on Intelligent Sustainable Systems (ICISS),2026-08-26T11:10:49+00:00
10.1109/iciss49785.2020.9315862,Road Conditions and Obstacles Indication and Autonomous Braking System,False,False,2020 3rd International Conference on Intelligent Sustainable Systems (ICISS),2026-08-26T11:10:49+00:00
10.1109/iciss49785.2020.9315877,Intelligent Fuzzy Comprehensive Evaluation of Quality of Public Physical Education Based on HMM and AHP,False,False,2020 3rd International Conference on Intelligent Sustainable Systems (ICISS),2026-08-26T11:10:49+00:00
