config,model,calibration,repeat,brier,ece,calibration_slope,calibration_intercept
laboratory_model,logreg,isotonic,0,0.030412492232148994,0.032235105158836236,6.093566830323438,0.04676115158241679
laboratory_model,logreg,isotonic,1,0.030329299279640277,0.031677475677511086,8.186031379688599,-0.02973174160661219
laboratory_model,logreg,isotonic,2,0.027395127750268672,0.023085343145339485,8.168142043756921,0.04191328397271221
laboratory_model,logreg,isotonic,3,0.03007671047328523,0.02048225149109745,0.6576443552603622,-0.16283884979920246
laboratory_model,logreg,isotonic,4,0.031186496815991793,0.024246272691529902,8.938808637032546,0.24345861572021307
laboratory_model,logreg,isotonic,5,0.02809199006676871,0.01405186893925193,9.219043290904207,-0.0016511758201052044
laboratory_model,logreg,isotonic,6,0.027422770830219368,0.01927050507075215,0.6796000007833801,-0.018897860001362426
laboratory_model,logreg,isotonic,7,0.03799021883926785,0.03813340435287502,4.292880522924297,-0.0032576650481833504
laboratory_model,logreg,isotonic,8,0.036044396222796295,0.03185764679312769,8.06886001838711,-0.0756841077464627
laboratory_model,logreg,isotonic,9,0.026336936218576613,0.029418668608130003,0.6418721661867721,0.06019228226761487
laboratory_model,logreg,isotonic,10,0.031888082279226806,0.033193412224771957,7.820459022701947,0.23136061928995894
laboratory_model,logreg,isotonic,11,0.0286369167444425,0.01579804119338529,9.023047433415904,-0.009680364165196123
laboratory_model,logreg,isotonic,12,0.031328787996802804,0.023328760618211437,5.766026012290253,0.2633441738408535
laboratory_model,logreg,isotonic,13,0.03171536146980767,0.025162459677177906,0.5991285442292708,0.06929588284853029
laboratory_model,logreg,isotonic,14,0.0334126301344646,0.03727709271203424,7.8058083393644555,0.0598924703983142
laboratory_model,logreg,isotonic,15,0.03256738296625013,0.02849016637004441,0.5747471857870654,0.20983969908263447
laboratory_model,logreg,isotonic,16,0.03735700521387003,0.02422794866688378,0.7609134742661284,0.2529349239251672
laboratory_model,logreg,isotonic,17,0.03832078670205085,0.04360724205234169,0.4231167696570899,0.004410940365864383
laboratory_model,logreg,isotonic,18,0.03137675591710501,0.03402484502251824,6.4144017915188485,-0.44840363269809863
laboratory_model,logreg,isotonic,19,0.02816040557370443,0.025558728010526045,0.5808603099177593,0.0788057141704096
laboratory_model,logreg,none,0,0.12136580087130416,0.2741930602411335,9.183133574659832,0.609044754328988
laboratory_model,logreg,none,1,0.10819939009882744,0.24346899669614444,6.8732988310846475,0.5775922963027761
laboratory_model,logreg,none,2,0.12219301547295411,0.27753199926633787,8.148845931135398,0.585085879279216
laboratory_model,logreg,none,3,0.12113142038548157,0.2881520821943467,9.921619224247815,0.5834820329169039
laboratory_model,logreg,none,4,0.09494121668167743,0.22109421122246242,5.68391915551231,0.5911306618446456
laboratory_model,logreg,none,5,0.12225025657920498,0.2707577246947246,10.147374558039376,0.6298022290588772
laboratory_model,logreg,none,6,0.12116997825580322,0.27500779523589625,9.447602305762256,0.5613560047606025
laboratory_model,logreg,none,7,0.12125153934013895,0.2675295623887351,9.21002760391654,0.5861472266072907
laboratory_model,logreg,none,8,0.12108938138786123,0.2785798519217753,8.900182476111334,0.5573359748459048
laboratory_model,logreg,none,9,0.12158154855614545,0.27042193210103826,9.04626858294826,0.6107372579844722
laboratory_model,logreg,none,10,0.12222929238677072,0.27622525759449534,8.16070103759457,0.6121236528495972
laboratory_model,logreg,none,11,0.1215537100264298,0.27151933253678495,8.44971806238479,0.5874264527410326
laboratory_model,logreg,none,12,0.12102184268056053,0.2727162370996874,9.458340121088836,0.5615689464586703
laboratory_model,logreg,none,13,0.12106479937413833,0.2791760562611053,9.533626883070712,0.5617446055866322
laboratory_model,logreg,none,14,0.1204227380257715,0.2799530830970341,9.500295740804761,0.5585947126271523
laboratory_model,logreg,none,15,0.11347266686004792,0.26181117909332097,9.910894614207182,0.5851678635318732
laboratory_model,logreg,none,16,0.08838573409263432,0.16032965447188305,4.3111655062222916,0.5575102510976442
laboratory_model,logreg,none,17,0.09561191942831741,0.1919784503850346,1.8876475108765434,0.7019306782695844
laboratory_model,logreg,none,18,0.12125754340032525,0.2864036498791048,8.87057418384751,0.559671937722903
laboratory_model,logreg,none,19,0.12194363864115651,0.26647527560607254,9.873735715608483,0.5880061711251601
laboratory_model,logreg,sigmoid,0,0.038431330192628656,0.08589026529025474,2.6722483698154686,0.03526165908155635
laboratory_model,logreg,sigmoid,1,0.03860008324087354,0.08430977967955319,2.5494756689188263,0.034321171570152714
laboratory_model,logreg,sigmoid,2,0.03841314320404985,0.08535810470347611,2.671090352929242,0.024674814085180078
laboratory_model,logreg,sigmoid,3,0.0378517764419994,0.08549589204222781,2.717759425020823,0.022712105912480345
laboratory_model,logreg,sigmoid,4,0.038811938607348585,0.07907690006438226,2.578006278162898,0.052587668224714765
laboratory_model,logreg,sigmoid,5,0.03811828041217576,0.0805923698648863,2.7684184995465784,0.04557656803642585
laboratory_model,logreg,sigmoid,6,0.03758129608160074,0.08549881921700637,2.7406010339023315,0.034836350168586876
laboratory_model,logreg,sigmoid,7,0.03839626215361419,0.07723186450575056,2.5794845742702015,0.019059583272476692
laboratory_model,logreg,sigmoid,8,0.03894713753534881,0.07661806372788894,2.5226986250529886,0.035890772247560765
laboratory_model,logreg,sigmoid,9,0.037847120081009746,0.09121842931519239,2.801181626613993,0.04334735786136549
laboratory_model,logreg,sigmoid,10,0.03799864319690933,0.08309853695985676,2.729570477381841,0.043902234969809995
laboratory_model,logreg,sigmoid,11,0.03778686263289887,0.07996531479893075,2.714756492138363,0.03278236326533636
laboratory_model,logreg,sigmoid,12,0.03837193829952169,0.08733184215257292,2.71664479723515,0.03863871165265505
laboratory_model,logreg,sigmoid,13,0.037816879156177964,0.07701023391821987,2.6947241395882315,0.03820915051469499
laboratory_model,logreg,sigmoid,14,0.03760928827789927,0.08230685382300705,2.7351120024306566,0.03082558567083711
laboratory_model,logreg,sigmoid,15,0.038748176788421594,0.08837858467915485,2.773006887204038,0.05292059618528675
laboratory_model,logreg,sigmoid,16,0.044528019705603356,0.0826167325164931,2.5500374438637228,0.09167985507559652
laboratory_model,logreg,sigmoid,17,0.04216735372666545,0.07980746401000215,2.3546774036143585,0.04006675449959388
laboratory_model,logreg,sigmoid,18,0.03899631680870494,0.08393554610799196,2.539530047282032,0.021056070674710027
laboratory_model,logreg,sigmoid,19,0.03896166683642232,0.0957409133248124,2.65356338451214,0.02781055616637963
laboratory_model,random_forest,isotonic,0,0.03164197339017323,0.01921978453327096,0.5619606349404268,-0.032240736238297915
laboratory_model,random_forest,isotonic,1,0.033686642927691225,0.038476498390582606,0.7593888622186652,0.09920761121710152
laboratory_model,random_forest,isotonic,2,0.040171556296978966,0.038574331575782606,0.6429825238380922,-0.07171205060816321
laboratory_model,random_forest,isotonic,3,0.04509716938887558,0.041800308971840956,6.094301617218134,-0.4040824051204616
laboratory_model,random_forest,isotonic,4,0.034404231872605065,0.02627935006064178,0.4856226881278298,0.23689916222490287
laboratory_model,random_forest,isotonic,5,0.033437637900754026,0.02894371047323766,0.6499505121613758,0.1817235716183581
laboratory_model,random_forest,isotonic,6,0.029505112170627595,0.03124065992392091,0.8698120245952514,-0.16978899308983159
laboratory_model,random_forest,isotonic,7,0.039175394411043785,0.028844786697857075,0.3677603204759196,-0.0378633595031135
laboratory_model,random_forest,isotonic,8,0.04041410822325897,0.035778628997925804,5.484112531374569,0.19374008298334747
laboratory_model,random_forest,isotonic,9,0.033492443446641054,0.0197565067061916,0.7254309286131317,-0.1420756695006575
laboratory_model,random_forest,isotonic,10,0.03739408160324551,0.03125987387125615,0.4210276729512834,0.2365055788991369
laboratory_model,random_forest,isotonic,11,0.03895260440816838,0.04160027610937653,3.6232145357578016,0.17388999064337865
laboratory_model,random_forest,isotonic,12,0.03319855216254537,0.018244542684127733,9.491223946256385,0.1419586765369818
laboratory_model,random_forest,isotonic,13,0.030783376629324847,0.028233448085860747,0.7714343655495643,0.024038273124586593
laboratory_model,random_forest,isotonic,14,0.04024164033730158,0.030482275293620045,0.7007935384385091,-0.19148042602903953
laboratory_model,random_forest,isotonic,15,0.03266647315579227,0.03779976190823435,6.616869447814454,0.08098433517348251
laboratory_model,random_forest,isotonic,16,0.03812826670454993,0.034404124396965066,0.7432851418222444,-0.18943664487538772
laboratory_model,random_forest,isotonic,17,0.03999694614653092,0.040321150490035006,0.6004728201530476,0.13743352510937698
laboratory_model,random_forest,isotonic,18,0.0349642508462411,0.03007358670151957,8.746525736664978,-0.17893486593371957
laboratory_model,random_forest,isotonic,19,0.03610824616481346,0.03218460113056232,7.449056752815546,-0.03856781412408381
laboratory_model,random_forest,none,0,0.03325780818322489,0.05675767118313537,1.8636724722629956,0.06879097720887073
laboratory_model,random_forest,none,1,0.03149494444444444,0.048650000000000006,1.4407747488304408,0.10714911458926267
laboratory_model,random_forest,none,2,0.03476594552891017,0.030327669109088927,1.6244370632701863,0.10250019653344117
laboratory_model,random_forest,none,3,0.03708779299298186,0.05910544271901619,1.706575932326611,0.18442339352644813
laboratory_model,random_forest,none,4,0.0368702091687051,0.060521326097645184,1.7364082282534246,0.3356065181646365
laboratory_model,random_forest,none,5,0.02853316666666666,0.047350000000000024,1.5826346850438604,0.2209827309488008
laboratory_model,random_forest,none,6,0.031478103704045385,0.0530784013562147,1.6689254070296389,0.39447041603708527
laboratory_model,random_forest,none,7,0.03374336817530489,0.04039379988335592,1.6485518548067501,0.2511844592064886
laboratory_model,random_forest,none,8,0.03913942317255634,0.03630649746094516,1.292430132806535,0.30688457526102114
laboratory_model,random_forest,none,9,0.03285290442194721,0.04608479499836165,1.6291275732494346,-0.09269239300698727
laboratory_model,random_forest,none,10,0.029889627233713613,0.04195681667394893,1.8402442457903043,0.183836522074541
laboratory_model,random_forest,none,11,0.03779374882845542,0.04230804163493355,1.6333254943553022,0.2740257388709665
laboratory_model,random_forest,none,12,0.031877611111111114,0.03584999999999998,1.4093151089042315,0.24132779739279236
laboratory_model,random_forest,none,13,0.03612603454260433,0.07159493258490761,1.922918556909276,0.3421694578395103
laboratory_model,random_forest,none,14,0.03213996554169807,0.04460572837151616,1.6772562063522352,0.13829696713584044
laboratory_model,random_forest,none,15,0.03455436391409746,0.04900605998001175,1.7070339239017434,0.13637328024817486
laboratory_model,random_forest,none,16,0.033883219074847655,0.03603236203717654,1.6456855522569531,0.13065154137866408
laboratory_model,random_forest,none,17,0.03717123342783312,0.033851623238744175,1.229892135449806,0.26753765681489905
laboratory_model,random_forest,none,18,0.03642927308858955,0.047710529468518295,1.778169831019272,0.3212749540456751
laboratory_model,random_forest,none,19,0.03294811111111111,0.04053333333333314,1.2021416183758413,0.2593818627894595
laboratory_model,random_forest,sigmoid,0,0.03316460678370358,0.05740707112536669,1.5721660916071833,-0.04169747728771796
laboratory_model,random_forest,sigmoid,1,0.03594016462587476,0.06782376973182398,1.5083547684938163,0.04121016170704225
laboratory_model,random_forest,sigmoid,2,0.03680719459433209,0.059424016397252324,1.5221145054387595,0.010784748343715728
laboratory_model,random_forest,sigmoid,3,0.03845626266903108,0.054006795606532036,1.4516868020872273,-0.02202414644877308
laboratory_model,random_forest,sigmoid,4,0.035168493621268525,0.06507294724887944,1.5595926676547307,0.09204956759234223
laboratory_model,random_forest,sigmoid,5,0.03194766776216956,0.06664497732401649,1.58380850558098,0.03709610463155588
laboratory_model,random_forest,sigmoid,6,0.033571270182678636,0.05591702039078406,1.5902120307941527,0.04432869691712546
laboratory_model,random_forest,sigmoid,7,0.034772160965395885,0.06826900104779154,1.5165054243663232,0.022621259834329086
laboratory_model,random_forest,sigmoid,8,0.03912829284586511,0.047841364789878424,1.4304923193268775,0.0778501012993935
laboratory_model,random_forest,sigmoid,9,0.03522197115511441,0.06451579906568096,1.5248125178414693,-0.03505747822133083
laboratory_model,random_forest,sigmoid,10,0.032256493279259904,0.05642459116892596,1.5957587542487066,0.07236601006214463
laboratory_model,random_forest,sigmoid,11,0.03689204283366045,0.049489848464352545,1.4636970700791612,0.025262936375141407
laboratory_model,random_forest,sigmoid,12,0.033570843736929375,0.06579718564791615,1.5828860373243843,0.0714098935964739
laboratory_model,random_forest,sigmoid,13,0.033644584127980354,0.0551816814247135,1.5890720498645923,0.081044403190567
laboratory_model,random_forest,sigmoid,14,0.035958475437250004,0.06741614110170999,1.4747987657179913,-0.016471853222705477
laboratory_model,random_forest,sigmoid,15,0.03378377288921357,0.05817081371124398,1.5792709964549168,0.0019042068492172357
laboratory_model,random_forest,sigmoid,16,0.035771874570251654,0.05483492308546739,1.5295507866771443,0.0024580161968748874
laboratory_model,random_forest,sigmoid,17,0.037636836096683356,0.057999951765410396,1.4274977360769414,0.12508888318679365
laboratory_model,random_forest,sigmoid,18,0.034659973951113913,0.05303148680406969,1.49612706320769,0.0031234886117400855
laboratory_model,random_forest,sigmoid,19,0.03524072281433904,0.05285981263204098,1.4456872876073332,0.045240274998870976
laboratory_model,svm,isotonic,0,0.02964179318759931,0.029104809124821572,6.407411771313321,0.06613345347086556
laboratory_model,svm,isotonic,1,0.026249467377814834,0.030015932875140223,0.5523133181992516,0.1747723639589789
laboratory_model,svm,isotonic,2,0.02735590612639162,0.022001738652882945,0.44197035139816165,0.11312148463222492
laboratory_model,svm,isotonic,3,0.02962886894705292,0.030345504704712638,0.4992727711454662,-0.7453272091013159
laboratory_model,svm,isotonic,4,0.02862832473397094,0.020033828216870487,8.220308609543734,0.0936278840154265
laboratory_model,svm,isotonic,5,0.0284626372786945,0.03371011153416379,0.7715508763883312,0.09880509243342327
laboratory_model,svm,isotonic,6,0.026501114182767287,0.02948079386585767,8.02002901017204,0.09055416111823707
laboratory_model,svm,isotonic,7,0.03291341824522201,0.025815332488871665,3.8683684013376967,-0.08786909748961859
laboratory_model,svm,isotonic,8,0.03180822304447404,0.032945889656928476,7.202168599630255,-0.13869342537028542
laboratory_model,svm,isotonic,9,0.02755645335180495,0.025869374511702296,6.609251581264242,0.12283763688659632
laboratory_model,svm,isotonic,10,0.028378090655605873,0.02361521711675463,0.6390831183558442,0.2973564133062074
laboratory_model,svm,isotonic,11,0.028811609282182113,0.02708743747736446,6.590150036388632,0.0746399646329689
laboratory_model,svm,isotonic,12,0.028918628648490163,0.034228061897895214,0.7325658787415139,0.17433578088087862
laboratory_model,svm,isotonic,13,0.02681140628072044,0.010860421164562418,0.6570372233007653,-0.06195029020170706
laboratory_model,svm,isotonic,14,0.03203603836915749,0.034340505093609544,3.1837618343099807,0.20380101868347186
laboratory_model,svm,isotonic,15,0.02334933154056576,0.02198276408672121,7.402886233964304,0.1699141598677376
laboratory_model,svm,isotonic,16,0.02934510015956513,0.026124741811000794,0.623818565939544,-0.06914275523458067
laboratory_model,svm,isotonic,17,0.03521348184063434,0.041857886570683144,4.8484417637111585,0.06824885125588628
laboratory_model,svm,isotonic,18,0.02879086195351382,0.029003314301567693,7.354114464915218,-0.42609175291155954
laboratory_model,svm,isotonic,19,0.029811443163214157,0.023811446251925453,4.7286789207854545,-0.0474099123969692
laboratory_model,svm,none,0,0.034577565843525324,0.06659819913408227,1.9035353130492938,0.2418647126368888
laboratory_model,svm,none,1,0.03084881362282229,0.02842946730929051,1.0917961736583381,0.4403156517784323
laboratory_model,svm,none,2,0.03194487075195709,0.04437022908504559,1.4276904266680615,0.5353394791565934
laboratory_model,svm,none,3,0.029001312950435162,0.03905410524724938,1.297206048951392,0.45076122022855863
laboratory_model,svm,none,4,0.029693053286683292,0.027452165609597495,1.2165047171150476,0.45697800797694893
laboratory_model,svm,none,5,0.032580506121284,0.04229251805147764,1.4621517229549899,0.0838747123257928
laboratory_model,svm,none,6,0.025740756061023315,0.02731634151874053,1.181990071976821,0.2820837843635384
laboratory_model,svm,none,7,0.03145880441405108,0.04176579062557865,1.5072066678851823,0.7129162302130259
laboratory_model,svm,none,8,0.030933516417482272,0.03352629130524283,1.3627256819243452,0.2575821650461756
laboratory_model,svm,none,9,0.02745888489315971,0.02532797132943026,1.2663684984334451,0.3961454408462186
laboratory_model,svm,none,10,0.029518298166544932,0.030282757506051597,1.219506765820748,0.5053668067704817
laboratory_model,svm,none,11,0.02811713844950566,0.022468584378223265,1.168751283832366,0.21632902162884915
laboratory_model,svm,none,12,0.032166422418508825,0.03298336059717921,1.3492283710637054,0.20329317782452228
laboratory_model,svm,none,13,0.031129201420184605,0.02665051825916082,1.1689601866515373,0.6451512808410864
laboratory_model,svm,none,14,0.03701718153769479,0.03435824869901617,1.3890728301187518,0.5457165003950224
laboratory_model,svm,none,15,0.024727690829654928,0.02640354099812702,1.2431118149085616,0.16734642212846218
laboratory_model,svm,none,16,0.034055634265020604,0.031033960783457916,1.1494156478636812,0.5396385509213636
laboratory_model,svm,none,17,0.030165165349174093,0.04796097670824828,1.6984970318379742,0.07465427689511521
laboratory_model,svm,none,18,0.02638498013892067,0.03569174876247683,1.134144034416698,0.10399933323645423
laboratory_model,svm,none,19,0.03211613445152548,0.01852230686043873,1.1373645548825921,0.3422342946223135
laboratory_model,svm,sigmoid,0,0.03274688067471789,0.06391763196895281,2.288703088035968,0.04559789167965564
laboratory_model,svm,sigmoid,1,0.031045735810680316,0.07770071771628896,2.040211078869064,0.002044736528978786
laboratory_model,svm,sigmoid,2,0.03247812773996011,0.06888009292503007,2.1605772943907846,0.019386268626237664
laboratory_model,svm,sigmoid,3,0.032227617186726856,0.0638235032980472,1.9767741209930658,0.014299238957397858
laboratory_model,svm,sigmoid,4,0.030813619497498106,0.058246418846064095,1.9820948634666893,0.035884477361358746
laboratory_model,svm,sigmoid,5,0.033516323965542084,0.07248082761642821,2.348482082714587,0.04777209204989325
laboratory_model,svm,sigmoid,6,0.030546016090256055,0.06151763727060125,1.802929208512015,0.05077160511563899
laboratory_model,svm,sigmoid,7,0.033934452571870166,0.06889789001983004,2.1518686808315173,0.002022576828781421
laboratory_model,svm,sigmoid,8,0.0345108021714952,0.0758974903087029,2.4353542749405905,0.004772845409325137
laboratory_model,svm,sigmoid,9,0.03393545638825885,0.06986508793417613,2.2512454008426723,0.11499962476492857
laboratory_model,svm,sigmoid,10,0.029484641358264434,0.060856202157759054,1.984349764479325,0.09399133753351786
laboratory_model,svm,sigmoid,11,0.03002551519967468,0.06190308466547828,1.8438555948348616,0.028571836552704694
laboratory_model,svm,sigmoid,12,0.031195603055983245,0.06212635886729844,1.901257699117582,0.04854249323854797
laboratory_model,svm,sigmoid,13,0.032555579762700904,0.06628008661169371,1.9404971225466003,-0.024453924226102347
laboratory_model,svm,sigmoid,14,0.03215670847976797,0.08317299702008615,2.3418822241246064,0.04446544052939264
laboratory_model,svm,sigmoid,15,0.030628674189311606,0.06336988118212006,2.059530834125277,0.048784880206035705
laboratory_model,svm,sigmoid,16,0.0314123897387921,0.058513103524701474,2.00004746021185,0.0786779453100522
laboratory_model,svm,sigmoid,17,0.033416224407520415,0.07624335427644677,2.5159978109820984,0.054715524500851494
laboratory_model,svm,sigmoid,18,0.030256258878865166,0.05765960008384324,1.8307670430948613,0.0031142836637483326
laboratory_model,svm,sigmoid,19,0.034991972153500174,0.06583677689595822,1.8360397739333856,0.03763682095580639
low_cost_model,logreg,isotonic,0,0.028419170225768453,0.02986922931982097,2.8426752486079407,0.4016679658694319
low_cost_model,logreg,isotonic,1,0.03022835829140769,0.040971931813467845,2.5135814982872207,0.46951316547772315
low_cost_model,logreg,isotonic,2,0.02973896965454691,0.02747456944021962,1.9521193084469068,0.24338263327535822
low_cost_model,logreg,isotonic,3,0.028055088255564686,0.021679967859816605,0.5063748792572101,0.49095365792552326
low_cost_model,logreg,isotonic,4,0.02987414632252894,0.02605959317198105,2.560374816498671,0.25738988166300203
low_cost_model,logreg,isotonic,5,0.02998030670349673,0.02349746788518833,0.5738999019173836,0.3934349789365406
low_cost_model,logreg,isotonic,6,0.03641516523842207,0.05233794285419721,2.619271380233793,0.32260899458965936
low_cost_model,logreg,isotonic,7,0.027664426546719457,0.026961881241164134,2.9961559140350853,0.35341561020910384
low_cost_model,logreg,isotonic,8,0.029407954561407535,0.038379302735386915,3.09592478044279,0.5528549417753297
low_cost_model,logreg,isotonic,9,0.03100788879435506,0.03499300022812091,0.6231443286170799,0.7729958420410946
low_cost_model,logreg,isotonic,10,0.02586820674196347,0.013802623388683821,3.550746617548576,0.12312254985271359
low_cost_model,logreg,isotonic,11,0.03014501761475707,0.02409756888629991,3.0894873530501057,-0.021226613782721324
low_cost_model,logreg,isotonic,12,0.032895976834003145,0.03604406264427511,3.1411964338474143,0.32737329174202145
low_cost_model,logreg,isotonic,13,0.030033829416950885,0.02706276341243663,0.5404814066852642,0.15558465158790938
low_cost_model,logreg,isotonic,14,0.03225868396884651,0.0385431137291808,0.6308497084452758,0.22672571821951681
low_cost_model,logreg,isotonic,15,0.032022845911387016,0.04159486159645087,2.517200857264676,0.5537832270857002
low_cost_model,logreg,isotonic,16,0.028128161892794303,0.03500964189566727,3.1748670777439343,0.1595101134555587
low_cost_model,logreg,isotonic,17,0.030449032743461536,0.036603514376804765,0.7841576623595431,0.2832295369408121
low_cost_model,logreg,isotonic,18,0.03098862900206527,0.031146533639198466,2.3699092503764034,0.5851116052756623
low_cost_model,logreg,isotonic,19,0.023478658510156878,0.0235692247853982,1.0209151749349774,0.11497880904238328
low_cost_model,logreg,none,0,0.05179164631173576,0.08307494417628643,2.2662854123127336,0.4804474493583339
low_cost_model,logreg,none,1,0.04528229470711759,0.07086470006458762,2.622089210876243,0.5322161328320545
low_cost_model,logreg,none,2,0.03704938479840863,0.05192790394110475,2.8215267783573843,0.5421620503286584
low_cost_model,logreg,none,3,0.062035916703662035,0.11412463519880275,3.192774353046965,0.5685608362146302
low_cost_model,logreg,none,4,0.03680153338756101,0.046778660258714994,2.225199302615591,0.4045011758456518
low_cost_model,logreg,none,5,0.0423941266677509,0.052642165502292025,2.2804200818414584,0.5383844283449702
low_cost_model,logreg,none,6,0.04376424645744372,0.066759593798086,2.2844900885862525,0.4154618974302759
low_cost_model,logreg,none,7,0.041871182342341384,0.05510128039124674,1.9295975765837163,0.6274571957848798
low_cost_model,logreg,none,8,0.03970617972930376,0.047672901811075814,2.090729096328016,0.5340998563457391
low_cost_model,logreg,none,9,0.044358747430144806,0.06228450330578082,1.8587619079593325,0.6235000508114179
low_cost_model,logreg,none,10,0.038088259927364254,0.05306019900186468,2.1972223646193134,0.4465872234962907
low_cost_model,logreg,none,11,0.0348141883582101,0.03727689514670807,1.657872708582091,0.5545787710778561
low_cost_model,logreg,none,12,0.05008812406605477,0.08497750356006595,2.030199629269756,0.6406459595574083
low_cost_model,logreg,none,13,0.03968509804557186,0.0489477240542091,2.199033007574715,0.6321458457106217
low_cost_model,logreg,none,14,0.059125551589268396,0.10764093193239876,2.985645696854441,0.6054820924890508
low_cost_model,logreg,none,15,0.038735531913352175,0.052302611411456805,2.0883815440788633,0.41298133498303524
low_cost_model,logreg,none,16,0.0398239318902696,0.06184233787638594,2.907511965358964,0.41262532947580305
low_cost_model,logreg,none,17,0.03674243795487639,0.050642076453835456,1.898458109052791,0.5070574983320009
low_cost_model,logreg,none,18,0.051443371564498276,0.06875128954840905,2.1345947117316717,0.7343025903231011
low_cost_model,logreg,none,19,0.03228835203939714,0.037186506443700154,1.9763733311281697,0.4880186533030904
low_cost_model,logreg,sigmoid,0,0.04572590984152452,0.09071948919955987,2.3705426370756357,0.09908289441155708
low_cost_model,logreg,sigmoid,1,0.04180769524493538,0.0821297733868537,2.9329483152606155,0.043612169290642634
low_cost_model,logreg,sigmoid,2,0.04098557735303152,0.08610822293694809,3.627668954779068,0.028485242325751284
low_cost_model,logreg,sigmoid,3,0.0408874823213997,0.07857401656226325,3.089770485158605,0.09065771994776328
low_cost_model,logreg,sigmoid,4,0.041869535411518354,0.08339514832516498,2.7234444831443616,0.04681570684748141
low_cost_model,logreg,sigmoid,5,0.04422909141362069,0.08695440499022394,3.1149021302427355,0.10317544832793357
low_cost_model,logreg,sigmoid,6,0.04601660396062278,0.08613243388813013,2.3898056157520795,0.013404463115637802
low_cost_model,logreg,sigmoid,7,0.04174987801179911,0.0883594004915392,3.0233114637560274,0.07520550072929666
low_cost_model,logreg,sigmoid,8,0.04432016491891323,0.08714089501512279,3.1409058603936213,0.08901051648722232
low_cost_model,logreg,sigmoid,9,0.04680248397852143,0.08992150375504411,3.470614250210708,0.17334155840375592
low_cost_model,logreg,sigmoid,10,0.041455366331558864,0.09357343426934549,3.920251480907994,0.05436259206409578
low_cost_model,logreg,sigmoid,11,0.04221749007242101,0.0868127593980911,3.1858038021643686,0.014823975170664225
low_cost_model,logreg,sigmoid,12,0.045984662957887584,0.08549864542123913,2.420286159098926,0.02763323093607923
low_cost_model,logreg,sigmoid,13,0.04477667154584619,0.09105397489974647,3.1195955757060503,0.03336685103965937
low_cost_model,logreg,sigmoid,14,0.044435619067242235,0.096837302777655,3.5027131010983386,0.07283793786565416
low_cost_model,logreg,sigmoid,15,0.044914515869379903,0.08765456024812228,2.7124670675770948,0.06976921754565295
low_cost_model,logreg,sigmoid,16,0.04098595710315438,0.09067043250362253,2.9795300268002842,-0.028157402848612897
low_cost_model,logreg,sigmoid,17,0.04541430487536612,0.08839277949827645,2.830851855454478,0.09195906072925866
low_cost_model,logreg,sigmoid,18,0.0456310983868928,0.08737568485854136,2.7485732649527486,0.11519210607859622
low_cost_model,logreg,sigmoid,19,0.04211909687851766,0.09522960262054168,3.5978358456993904,0.0172517264999526
low_cost_model,random_forest,isotonic,0,0.0293889751410684,0.03286982726024621,2.4128637864259215,0.06133162677788689
low_cost_model,random_forest,isotonic,1,0.023175115053817974,0.017698068721496873,0.8067750751458614,0.2034865375031453
low_cost_model,random_forest,isotonic,2,0.03465677402955372,0.04088246888612661,5.635483971839138,0.07962346430216677
low_cost_model,random_forest,isotonic,3,0.024552287882786305,0.03597426258264176,3.2264663565221974,0.29266684855200986
low_cost_model,random_forest,isotonic,4,0.023308921680491722,0.021528312227165537,0.7089181168126085,0.17732893678394168
low_cost_model,random_forest,isotonic,5,0.020254293538678348,0.023798681667789687,1.0798471775184717,0.2920819062207944
low_cost_model,random_forest,isotonic,6,0.024130484708851138,0.023984106332202694,0.40686758632316317,0.40174015215774006
low_cost_model,random_forest,isotonic,7,0.023739358349092198,0.02476526175478319,0.8121189356738177,0.41400505907829
low_cost_model,random_forest,isotonic,8,0.023208734981035654,0.029938837490917213,0.5149919456062826,0.30007179301555287
low_cost_model,random_forest,isotonic,9,0.02623318403074304,0.023453484125777767,0.4223294734436139,0.369126076393509
low_cost_model,random_forest,isotonic,10,0.025065782973478185,0.028370788132504685,0.4794448974404523,-0.054231640711302535
low_cost_model,random_forest,isotonic,11,0.018984092036485295,0.01329170299371556,1.292153604769238,0.30789615594974123
low_cost_model,random_forest,isotonic,12,0.024433716960194696,0.02771994223762457,0.8907439120079035,-0.2984451862699055
low_cost_model,random_forest,isotonic,13,0.018971888151653717,0.021855317535936013,1.939971406408882,0.3310057542882389
low_cost_model,random_forest,isotonic,14,0.022832547762849247,0.014991598865163618,0.8397863753902122,0.16713254779858835
low_cost_model,random_forest,isotonic,15,0.020018977195666476,0.010123725428774202,1.2784114157867765,0.32124807333884364
low_cost_model,random_forest,isotonic,16,0.02754697547647908,0.03223918675347968,0.7745346071895388,0.44643565701973975
low_cost_model,random_forest,isotonic,17,0.025255586857717116,0.03529200859957555,6.518984085519272,0.4545077560269802
low_cost_model,random_forest,isotonic,18,0.025177756127916454,0.019993578000860657,0.845108397769271,0.22905391662635013
low_cost_model,random_forest,isotonic,19,0.023137616830411004,0.015130168273374255,0.6599434331457684,-0.06881777180253759
low_cost_model,random_forest,none,0,0.03613221226012235,0.0663720754918834,1.6901930791508908,0.29684925254432915
low_cost_model,random_forest,none,1,0.033053927641144475,0.06819954994477441,2.593198357790365,0.35762078977094425
low_cost_model,random_forest,none,2,0.02998228585366335,0.035160804473304406,1.8867554095563037,1.0456226977780578
low_cost_model,random_forest,none,3,0.03380020534472593,0.07862272315526972,2.353139455341134,0.2365216014346962
low_cost_model,random_forest,none,4,0.03786648567636506,0.07777689365517983,2.5114132693789504,0.17161907718965216
low_cost_model,random_forest,none,5,0.03476777551638746,0.0864802388605774,8.131322748293137,0.10029391883317325
low_cost_model,random_forest,none,6,0.03442312872707745,0.07351311405439223,1.1468676689870896,0.3397143425518295
low_cost_model,random_forest,none,7,0.026510684882187264,0.03683207199195185,0.9510187411316222,0.6232250250218412
low_cost_model,random_forest,none,8,0.03662393696613711,0.08216263268858841,2.0167875847703685,0.2913438811273586
low_cost_model,random_forest,none,9,0.029053764501618264,0.04361190402190395,1.7683861098909621,1.2428411037386022
low_cost_model,random_forest,none,10,0.035819727397822215,0.06997898280917207,1.5463979610931295,0.23524984117925354
low_cost_model,random_forest,none,11,0.035344661944632774,0.07977382332243242,2.836374225785041,0.34027790748410763
low_cost_model,random_forest,none,12,0.038390301766570954,0.08959016130647231,3.5434684835169974,0.2933109182551498
low_cost_model,random_forest,none,13,0.031666874416155066,0.06936473088942002,1.5394893866169999,0.42106304145197737
low_cost_model,random_forest,none,14,0.038096041758761794,0.06914116990208968,1.7451814938357857,0.34091475164156937
low_cost_model,random_forest,none,15,0.024489872879434736,0.04002720948287945,2.139082414008671,0.6046368970034846
low_cost_model,random_forest,none,16,0.032482819769386787,0.05859616769380208,1.5803195650604807,0.4031702523373945
low_cost_model,random_forest,none,17,0.03448992412883863,0.07204234723799134,2.755576602633782,0.3222416185345441
low_cost_model,random_forest,none,18,0.036918557268910315,0.06061145544670668,1.8366773206154714,0.3916353695702354
low_cost_model,random_forest,none,19,0.024272169187505074,0.03925150701150702,0.8132645754046115,0.8164950856558105
low_cost_model,random_forest,sigmoid,0,0.03008328402652305,0.05984898220587666,1.6959111602042398,0.038520009535248256
low_cost_model,random_forest,sigmoid,1,0.025247324592797823,0.05585681572876048,2.0301958393088197,0.040823466250980406
low_cost_model,random_forest,sigmoid,2,0.029734798592033398,0.05083584865821898,1.476220827119858,0.08992305380283244
low_cost_model,random_forest,sigmoid,3,0.025885063715170794,0.055755998214753154,1.9619332814073196,0.09322917633115296
low_cost_model,random_forest,sigmoid,4,0.028415022280773385,0.05338613030721642,1.904292762763646,0.02470938121599658
low_cost_model,random_forest,sigmoid,5,0.024477880792196087,0.05411204935311201,3.6205477310090317,0.05800827436332433
low_cost_model,random_forest,sigmoid,6,0.027107174537943344,0.049319811551310114,1.6741246215911267,0.028762924189882164
low_cost_model,random_forest,sigmoid,7,0.02499388167374257,0.048345999656241034,1.746080757550161,0.07583292082635745
low_cost_model,random_forest,sigmoid,8,0.026124353200220288,0.055618554683535396,1.9644418838314899,0.09324412893390424
low_cost_model,random_forest,sigmoid,9,0.025988491752886457,0.04724625978093486,1.611943521671728,0.09492646493327918
low_cost_model,random_forest,sigmoid,10,0.030559111234008816,0.05879724093392859,1.6990061575632778,-0.012257299175076486
low_cost_model,random_forest,sigmoid,11,0.025398787393676257,0.05628616895808581,2.385962039904923,0.06114363299925469
low_cost_model,random_forest,sigmoid,12,0.02944713213370149,0.06345328357330074,2.0156117447047643,0.034073371857281425
low_cost_model,random_forest,sigmoid,13,0.025103798256325534,0.05377595433465972,1.9977240212412668,0.061125215348283975
low_cost_model,random_forest,sigmoid,14,0.028156712758496807,0.055802742236954826,1.8399676792054573,0.04014345077567744
low_cost_model,random_forest,sigmoid,15,0.023386142608846906,0.05659509240368019,2.239711354553106,0.09547443592527763
low_cost_model,random_forest,sigmoid,16,0.028269800566755498,0.06152357210160712,1.7174744412233434,0.001735076383516632
low_cost_model,random_forest,sigmoid,17,0.02779872591822178,0.05274766121268797,1.9188074188797029,0.12984413483895077
low_cost_model,random_forest,sigmoid,18,0.029089589251674514,0.05204801081321668,1.7455687862478841,0.03949994895976991
low_cost_model,random_forest,sigmoid,19,0.025134552249618608,0.05617172784387055,1.8443766183244137,-0.0027046391954150526
low_cost_model,svm,isotonic,0,0.021318371520539125,0.014817190819672922,1.1175435912894842,0.06216075468535298
low_cost_model,svm,isotonic,1,0.02027948348184997,0.020025155159705037,1.1587398763374361,0.3627277423464632
low_cost_model,svm,isotonic,2,0.023868250294521706,0.023456277491954752,3.0754302423004756,-0.2031912591606525
low_cost_model,svm,isotonic,3,0.0191227427999995,0.01654040533059348,1.1377526426775155,0.09990002489031093
low_cost_model,svm,isotonic,4,0.018542277408576252,0.010393576346198901,1.194222311643479,0.006429165044127206
low_cost_model,svm,isotonic,5,0.021181403804615532,0.018747813383454114,1.1091709470821174,0.502536650792954
low_cost_model,svm,isotonic,6,0.02110505931932954,0.019180375051093403,2.9048268129242283,0.4481299277302104
low_cost_model,svm,isotonic,7,0.018228074905984232,0.021545704078596017,0.92769515964715,0.0476102595446751
low_cost_model,svm,isotonic,8,0.022900390424189926,0.02088814931756889,0.9874016098056212,0.44126595200491997
low_cost_model,svm,isotonic,9,0.022412911257726546,0.01979118398485429,1.855338980196251,0.5386622030161344
low_cost_model,svm,isotonic,10,0.024599849688321695,0.028971430634276662,0.7740335361752813,0.03376408592905516
low_cost_model,svm,isotonic,11,0.01747694756218304,0.01724595023332987,0.9863284714056797,0.4034366832416602
low_cost_model,svm,isotonic,12,0.02163779083319487,0.028585044509322366,0.904151925599303,0.32583339413585105
low_cost_model,svm,isotonic,13,0.02063249152602179,0.01620771346141496,1.1997330712313792,0.5420165643090382
low_cost_model,svm,isotonic,14,0.01976554590062702,0.01944776878546178,0.8544363729465334,0.3265182608117131
low_cost_model,svm,isotonic,15,0.01890928173160956,0.014164309019794678,1.1748807885372867,0.37692862921066816
low_cost_model,svm,isotonic,16,0.01918559352757274,0.01701650269724279,1.279523276395895,0.47848805830238456
low_cost_model,svm,isotonic,17,0.02160943144237085,0.01942647541828773,2.5120398312401218,0.3670676867049371
low_cost_model,svm,isotonic,18,0.01920797362231084,0.021402278769465568,1.1082412243129418,0.26679488687008546
low_cost_model,svm,isotonic,19,0.021307018143605853,0.013834927105044212,0.9624362373130986,0.30439162180243834
low_cost_model,svm,none,0,0.025768233536386173,0.022499791624479726,1.9403340744487894,0.021163921695271707
low_cost_model,svm,none,1,0.02278791210053865,0.015596244845395797,2.8833980541979742,-0.05058395998418148
low_cost_model,svm,none,2,0.021964230195411726,0.023397106417387875,1.448785657695705,-0.13775299261315319
low_cost_model,svm,none,3,0.02013245516538861,0.026960444544962978,5.373830557323307,-0.1818416578200942
low_cost_model,svm,none,4,0.020613734519832318,0.019507316347505847,1.7239744862557413,-0.1493277327843561
low_cost_model,svm,none,5,0.02415749862469264,0.025333582799867714,2.620509995772646,0.1335012189847244
low_cost_model,svm,none,6,0.02097692154886391,0.019061872926320268,1.6507598247430626,-0.05743344308032768
low_cost_model,svm,none,7,0.01875064919352349,0.02762731031880956,3.3882801516838703,-0.19204639262133555
low_cost_model,svm,none,8,0.02595512208062253,0.023312555489397157,4.514227090231454,0.0876985079892601
low_cost_model,svm,none,9,0.02661507652925256,0.021366619777578054,1.562787587444561,0.022046930864681992
low_cost_model,svm,none,10,0.025966023457672915,0.024400344792460584,1.8403366137851247,0.04399659206813594
low_cost_model,svm,none,11,0.019956997600021578,0.022508696784704924,1.7492050912866999,-0.12717690959997144
low_cost_model,svm,none,12,0.021008579703290665,0.02193972844702768,1.7130754984405334,-0.13691300447265797
low_cost_model,svm,none,13,0.02442594600781698,0.029921126433058564,3.5871154987563263,-0.03624365515922698
low_cost_model,svm,none,14,0.019554024260230375,0.017808720584239466,2.334287789223282,-0.06975008138724126
low_cost_model,svm,none,15,0.020555970660875084,0.02928922326169449,2.885371659106785,-0.02389778644809838
low_cost_model,svm,none,16,0.025269721104878132,0.021896521493306124,2.6993293201297917,0.017893089343602994
low_cost_model,svm,none,17,0.02663022842741296,0.019446540390876954,1.2028145799296024,0.07716278073157291
low_cost_model,svm,none,18,0.020496020597129974,0.022991674547229432,2.784364989117495,-0.05405941062154845
low_cost_model,svm,none,19,0.02366979231803799,0.01652874552664557,1.8835021140118011,0.015600892396818028
low_cost_model,svm,sigmoid,0,0.0355197002438008,0.0760317070854886,2.94119359413743,0.05125796220607195
low_cost_model,svm,sigmoid,1,0.02900821635622192,0.06034452820527818,3.7567811608909993,0.008723137854603512
low_cost_model,svm,sigmoid,2,0.028157113492061674,0.06499165008583818,2.1815593851603796,0.01519977822683076
low_cost_model,svm,sigmoid,3,0.028708546374923562,0.07498724002641932,11.344458006620702,-0.03620219157936149
low_cost_model,svm,sigmoid,4,0.026939673285911417,0.06513412628438747,2.813702756875253,-0.016042669890654362
low_cost_model,svm,sigmoid,5,0.030515951022813226,0.0587874450814611,3.8261235984420607,0.13900538310338684
low_cost_model,svm,sigmoid,6,0.030066239484672286,0.06888261624371964,2.541811253845835,0.03014861031979499
low_cost_model,svm,sigmoid,7,0.025839968213234928,0.06769627133946979,3.9833307223671115,-0.009527997044459842
low_cost_model,svm,sigmoid,8,0.033781497807641954,0.0697798949352395,5.070745647907345,0.08152795270164195
low_cost_model,svm,sigmoid,9,0.03163860554321849,0.0595545711447477,2.5278910492361266,0.11170384265458176
low_cost_model,svm,sigmoid,10,0.03343505001850758,0.062289967619843775,3.0956143748884832,0.08410395638255938
low_cost_model,svm,sigmoid,11,0.02466686117476472,0.058290850989924696,2.5054676833194467,0.0004626085239957754
low_cost_model,svm,sigmoid,12,0.030556140790764862,0.07394452745415375,2.872397864834694,0.02339615028176361
low_cost_model,svm,sigmoid,13,0.033120541500883144,0.07181057953458066,4.869972345981304,0.04318677628622384
low_cost_model,svm,sigmoid,14,0.026157797947523615,0.06180965788451721,3.55323717666027,0.037524402078378864
low_cost_model,svm,sigmoid,15,0.027436787352134995,0.06753842006063139,3.6329689276487125,0.06961745632915373
low_cost_model,svm,sigmoid,16,0.0312795768209403,0.06268877106079715,4.928223134023311,0.04378497541911334
low_cost_model,svm,sigmoid,17,0.030731400886014684,0.059185281887346286,2.1543073397243067,0.062428974129297266
low_cost_model,svm,sigmoid,18,0.02746302486607367,0.06446351880152494,3.9064028856520197,0.0461815649421748
low_cost_model,svm,sigmoid,19,0.029134603542577676,0.06510015185367356,3.5035805057841563,0.08323813414631956
