variable,n_observed,n_imputed_in_v2,auc_binned_observed_only,auc_continuous_observed_only,binning_cost,auc_binned_all_pinned,attenuation_from_imputed_rows
sc,177,10,0.6802,0.9464,0.2662,0.6709,0.0092
pot,150,37,0.5176,0.5877,0.07,0.5128,0.0048
sod,150,37,0.8058,0.8202,0.0144,0.8011,0.0047
wbcc,141,46,0.6089,0.6201,0.0112,0.6174,-0.0085
bu,176,11,0.7861,0.7938,0.0077,0.7728,0.0132
pcv,156,31,0.9704,0.9746,0.0042,0.9549,0.0155
rbcc,129,58,0.9277,0.929,0.0013,0.8724,0.0553
sg,165,22,0.9133,0.9133,0.0,0.8846,0.0287
su,164,23,0.6392,0.6392,0.0,0.6154,0.0238
al,164,23,0.8814,0.8814,0.0,0.8162,0.0652
hemo,165,22,0.9851,0.9848,-0.0002,0.9737,0.0114
age,184,3,0.6518,0.6513,-0.0006,0.651,0.0008
bgr,171,16,0.7268,0.7197,-0.0071,0.7222,0.0046
