config,model,n_resamples,ci_low_mean,ci_high_mean,ci_low_sd,ci_high_sd,width_mean,full_ci_low,full_ci_high,n_available
full_valid_model,svm,25,0.9992387152777777,1.0,0.00035873569206155,0.0,0.0007612847222222263,0.9990207248263889,1.0,200
full_valid_model,svm,50,0.9992323133680554,1.0,0.0002763130643585303,0.0,0.0007676866319444664,0.9990207248263889,1.0,200
full_valid_model,svm,75,0.9990826822916666,1.0,0.00022356343084915816,0.0,0.0009173177083333339,0.9990207248263889,1.0,200
full_valid_model,svm,100,0.9991139865451388,1.0,0.00018938578511619442,0.0,0.0008860134548611387,0.9990207248263889,1.0,200
full_valid_model,svm,125,0.9990881076388889,1.0,0.00015265069731470665,0.0,0.0009118923611111529,0.9990207248263889,1.0,200
full_valid_model,svm,150,0.9990322808159722,1.0,0.00011432153732810843,0.0,0.0009677191840277977,0.9990207248263889,1.0,200
full_valid_model,svm,175,0.9990323350694444,1.0,0.00010190508275905728,0.0,0.0009676649305555562,0.9990207248263889,1.0,200
full_valid_model,svm,200,0.9990207248263888,1.0,1.1214946133455537e-16,0.0,0.0009792751736110716,0.9990207248263889,1.0,200
laboratory_model,svm,25,0.9737157118055555,0.9983454861111111,0.00688222079150764,0.0008733161530953594,0.024629774305555588,0.9699869791666668,0.9990288628472223,200
laboratory_model,svm,50,0.972416286892361,0.9987315538194443,0.006163063551338286,0.0007555105851467329,0.02631526692708335,0.9699869791666668,0.9990288628472223,200
laboratory_model,svm,75,0.9717433810763889,0.9988697916666667,0.0049659043362821785,0.0005967443471703917,0.027126410590277795,0.9699869791666668,0.9990288628472223,200
laboratory_model,svm,100,0.97104833984375,0.9989560004340278,0.004444509424182711,0.0004234392591735053,0.02790766059027777,0.9699869791666668,0.9990288628472223,200
laboratory_model,svm,125,0.9709242621527778,0.9990403645833333,0.003735214132797989,0.00029400572729964327,0.028116102430555533,0.9699869791666668,0.9990288628472223,200
laboratory_model,svm,150,0.9705531684027778,0.9990262586805556,0.0030184781205052015,0.0002454601548953013,0.028473090277777738,0.9699869791666668,0.9990288628472223,200
laboratory_model,svm,175,0.9706746961805556,0.9990345052083331,0.0023974885274834373,0.00012030986918027997,0.028359809027777697,0.9699869791666668,0.9990288628472223,200
laboratory_model,svm,200,0.9699869791666669,0.9990288628472225,1.1214946133455537e-16,2.2429892266911074e-16,0.02904188368055549,0.9699869791666668,0.9990288628472223,200
low_cost_model,random_forest,25,0.9703400607638889,0.9985553385416667,0.004619795077973812,0.000891583349813883,0.028215277777777784,0.9675008138020833,0.9991373697916667,200
low_cost_model,random_forest,50,0.9690593261718751,0.9989937065972222,0.004044406452623525,0.0005686832941632772,0.0299343804253472,0.9675008138020833,0.9991373697916667,200
low_cost_model,random_forest,75,0.96904248046875,0.9990691731770832,0.003500132704493669,0.00044977959210840715,0.03002669270833326,0.9675008138020833,0.9991373697916667,200
low_cost_model,random_forest,100,0.9683224826388889,0.9989841851128471,0.0026959612624212577,0.000392735442878229,0.030661702473958333,0.9675008138020833,0.9991373697916667,200
low_cost_model,random_forest,125,0.9683153211805556,0.9990380859375,0.001728193307485124,0.0003246620712828588,0.030722764756944382,0.9675008138020833,0.9991373697916667,200
low_cost_model,random_forest,150,0.9679139539930556,0.9990804036458333,0.001301198270736448,0.00023644507486984958,0.031166449652777716,0.9675008138020833,0.9991373697916667,200
low_cost_model,random_forest,175,0.9678573133680556,0.999120334201389,0.0007256614481294506,0.00018058659080354153,0.03126302083333328,0.9675008138020833,0.9991373697916667,200
low_cost_model,random_forest,200,0.9675008138020832,0.9991373697916667,1.1214946133455537e-16,0.0,0.03163655598958338,0.9675008138020833,0.9991373697916667,200
low_cost_model,svm,25,0.9653079427083334,0.9969455295138888,0.007331340426075509,0.0013864842399790324,0.031637586805555534,0.959912109375,0.9981580946180555,200
low_cost_model,svm,50,0.9640375434027777,0.9975836859809029,0.008471425880745464,0.0009241460381277031,0.033546142578125035,0.959912109375,0.9981580946180555,200
low_cost_model,svm,75,0.9645789388020833,0.997888943142361,0.006367186622842544,0.0006967875446026246,0.03331000434027775,0.959912109375,0.9981580946180555,200
low_cost_model,svm,100,0.9641392144097222,0.9978267144097223,0.005660485198340811,0.0004743640300798662,0.03368749999999999,0.959912109375,0.9981580946180555,200
low_cost_model,svm,125,0.9622263454861111,0.9979741753472221,0.004568563025096394,0.00032684862712821267,0.03574782986111111,0.959912109375,0.9981580946180555,200
low_cost_model,svm,150,0.9624748806423612,0.9980645616319443,0.003846272963468122,0.00021617440889725204,0.035589680989583344,0.959912109375,0.9981580946180555,200
low_cost_model,svm,175,0.9618493923611111,0.9980289713541666,0.003181398747797263,0.00023921112168765588,0.03617957899305555,0.959912109375,0.9981580946180555,200
low_cost_model,svm,200,0.9599121093749998,0.9981580946180556,2.2429892266911074e-16,1.1214946133455537e-16,0.03824598524305545,0.959912109375,0.9981580946180555,200
