item,section,topic,requirement,status,evidence
1,Title,Title,"Identify the study as developing or evaluating a prediction model, the target population, and the outcome",adapted,"Title identifies a re-analysis of a benchmark rather than model development; the study evaluates measurement properties, not a model for deployment. Deviation is deliberate and stated in the study-type box."
2,Abstract,Abstract,"Structured summary of objectives, methods, results, conclusions",satisfied,"Report abstract: background (literature survey), objective, methods, results per mechanism, conclusions."
3,Introduction,Background,"Explain the medical context and rationale, including why the model is needed",satisfied,"Section 1, with the clinical context and the benchmark-quality rationale."
4,Introduction,Objectives,"Specify the study objectives, including whether development or evaluation",satisfied,"Section 2: three mechanisms as primary objectives, four supporting questions."
5,Methods,Data source,Describe the source of data and rationale,satisfied,"Section 3.1, including the provenance contradiction and its consequences."
6,Methods,Participants,Describe eligibility criteria and setting,partly,"Sections 3.1 and 3.3. The released file documents no eligibility criteria, and the provenance check shows the stated setting is unverified. Reported as a limitation rather than resolved."
7,Methods,Data preparation,"Describe any data pre-processing, including handling of missing data",satisfied,"Sections 3.2, 3.4 and 4.4; fold-wise median imputation. Section 5.15 additionally audits the imputation performed by the data provider before release."
8,Methods,Outcome,"Define the outcome, how and when measured",partly,Section 3.3 and limitation 9: the outcome is CKD status as labelled; chronicity cannot be verified from a cross-sectional record.
9,Methods,Predictors,"Define all predictors, how and when measured",satisfied,"src/ckd/features/configs.py: one VariableSpec per column with tier and rationale; 10 flagged uncertain, of which 2 are resolved in section 5.15."
10,Methods,Sample size,Explain how study size was arrived at,satisfied,Section 3.3: fixed by the released file; events per predictor reported (2.88) against Riley et al. See limitation 1.
11,Methods,Missing data,Describe how missing data were handled,satisfied,Fold-wise median imputation inside training folds only; verified by TestNoPreprocessingOnFullData.
12,Methods,Analytical methods,"Describe model type, building procedure, and validation",satisfied,"Sections 4.2 and 4.3: 6 model families, repeated nested stratified CV (5 outer x 4 inner, 5 repeats)."
13,Methods,Class imbalance,Describe how class imbalance was addressed,satisfied,"Not addressed by resampling, deliberately: imbalance is mild (64/36) and synthetic oversampling at n=200 would manufacture structure. A test forbids SMOTE-style methods."
14,Methods,Model output,Specify the output of the model (e.g. predicted probability),satisfied,Predicted probability; calibration reported in section 5.6 including non-identified slopes.
15,Methods,Performance measures,Specify all measures used to assess model performance,satisfied,"Section 4.5: discrimination, classification at prespecified and screening thresholds, calibration (slope, intercept, Brier, ECE), net benefit (exploratory)."
16,Methods,Model updating,Describe any model updating or recalibration,satisfied,"Sections 4.5 and 5.6: none / Platt / isotonic, each fitted inside training folds only."
17,Methods,Fairness,Describe any assessment of fairness or subgroup performance,partly,"Section 5.5 reports stage-based subgroup performance. Demographic subgroup analysis is impossible: the file carries no sex, ethnicity or socioeconomic variables. Limitation 7 states this as a reason for caution."
18,Methods,Explainability,Describe methods used to interpret the model,satisfied,Section 5.7 (permutation and SHAP importance with stability statistics) and 5.12 (EBM shape functions with a documented suppression term).
19,Results,Participants,Describe the flow of participants and their characteristics,satisfied,"Sections 3.3 to 3.5, figure E1, table 00."
20,Results,Model development,Report the final model and its specification,satisfied,Sections 5.9 and 5.10 with table 16; the prespecified rule's pick is reported alongside an explicit argument for not endorsing it.
21,Results,Model performance,Report performance with uncertainty intervals,satisfied,"Sections 5.2 to 5.4 and 5.8; patient-level stratified bootstrap, 2000 resamples."
22,Results,Model updating,Report results of any model updating,satisfied,"Section 5.6, calibration method comparison."
23,Discussion,Interpretation,Give an overall interpretation in context of objectives and evidence,satisfied,Section 6.
24,Discussion,Limitations,"Discuss limitations, including non-representativeness and missing data",satisfied,"Section 7: 13 limitations, several quantified rather than asserted."
25,Discussion,Usability,Discuss usability in clinical practice and implications,satisfied,Section 8 and the study-type box: the work makes no deployment claim and states why the sample cannot support one.
26,Other,Data availability,State where data can be accessed,satisfied,"Section 9 and README; the analysed file is CC BY 4.0, checksummed, never modified."
27,Other,Code availability,State where code can be accessed,satisfied,The repository is the artefact; every number is generated by scripts/ from data/.
28,Other,Funding,State sources of funding,not-applicable,No external funding; recorded so the omission is visible rather than accidental.
29,Other,Conflicts of interest,Declare conflicts of interest,not-applicable,None.
30,Other,Protocol or registration,State whether a protocol or analysis plan exists,partly,"The analysis design (seed, folds, thresholds, selection rule) is fixed in config/experiment.yaml and was not changed after results were seen; analyses added later are labelled EXPLORATORY and post hoc. No public preregistration exists."
