featureset,n_features,model,removed,n,n_cases,n_controls,roc_auc,pr_auc,sensitivity,specificity,brier,roc_auc_ci_low,roc_auc_ci_high,pr_auc_ci_low,pr_auc_ci_high,sensitivity_ci_low,sensitivity_ci_high
full_valid (reference),25,logreg,none,200,128,72,0.9997829861111112,0.9998784028282461,0.984375,0.9861111111111112,0.007851246640075346,0.9989149305555556,1.0,0.9994604895260075,1.0,0.9609375,1.0
full_valid (reference),25,random_forest,none,200,128,72,0.9993489583333331,0.9996327528197723,0.9921875,0.9722222222222222,0.008597351531215148,0.9976128472222222,1.0,0.9986598358464737,1.0,0.9765625,1.0
full_valid (reference),25,svm,none,200,128,72,1.0,1.0,1.0,1.0,0.003576930539943832,1.0,1.0,1.0,1.0,1.0,1.0
minus consequences of advanced disease,21,logreg,ane;hemo;pcv;rbcc,200,128,72,0.9938151041666666,0.996967509494953,0.9609375,0.9722222222222222,0.025127853992898682,0.9841552734375,0.9994574652777778,0.9928844539705323,0.9996990411307969,0.921875,0.9921875
minus consequences of advanced disease,21,random_forest,ane;hemo;pcv;rbcc,200,128,72,0.9926215277777777,0.996453486059379,0.9765625,0.9722222222222222,0.02008177710783248,0.9790581597222223,0.9998914930555556,0.9903499907294616,1.0,0.9453125,1.0
minus consequences of advanced disease,21,svm,ane;hemo;pcv;rbcc,200,128,72,0.9981553819444443,0.9989891504432145,0.96875,0.9861111111111112,0.017112905984559924,0.9948974609375,1.0,0.9972770049376765,1.0,0.9375,0.9921875
minus diagnostic-criterion inputs,23,logreg,bu;sc,200,128,72,0.9996744791666667,0.9998168870802147,0.984375,0.9861111111111112,0.008696858211994223,0.9984809027777778,1.0,0.9991118757392982,1.0,0.9609375,1.0
minus diagnostic-criterion inputs,23,random_forest,bu;sc,200,128,72,0.9995659722222223,0.9997548831119607,1.0,0.9722222222222222,0.007309449686691152,0.9982638888888888,1.0,0.9990163719267902,1.0,1.0,1.0
minus diagnostic-criterion inputs,23,svm,bu;sc,200,128,72,1.0,1.0,1.0,1.0,0.003664146748581974,1.0,1.0,1.0,1.0,1.0,1.0
minus both,19,logreg,ane;bu;hemo;pcv;rbcc;sc,200,128,72,0.9881727430555555,0.9944742712747378,0.9609375,0.9861111111111112,0.02737070442700358,0.9734130859375,0.9984809027777778,0.9885796233568912,0.9989698607402587,0.921875,0.9921875
minus both,19,random_forest,ane;bu;hemo;pcv;rbcc;sc,200,128,72,0.9891493055555556,0.9951296950140042,0.96875,1.0,0.020282013214617724,0.9721110026041666,0.9997829861111112,0.9879562874042009,0.9999409520348838,0.9373046875,0.9921875
minus both,19,svm,ane;bu;hemo;pcv;rbcc;sc,200,128,72,0.99072265625,0.9956321884380395,0.9609375,0.9861111111111112,0.02365842821283921,0.9752604166666667,0.9995659722222222,0.9889057451917539,0.9997022224195076,0.921875,0.9921875
pre-index available only,11,logreg,ane;appet;bp (Diastolic);bp limit;bu;cad;dm;hemo;pcv;pot;rbc;rbcc;sc;su,200,128,72,0.9911024305555555,0.9954977834278209,0.96875,0.9444444444444444,0.03319312667236145,0.9802490234375,0.9982666015625,0.9907741183453169,0.9989909959696118,0.9296875,0.9921875
pre-index available only,11,random_forest,ane;appet;bp (Diastolic);bp limit;bu;cad;dm;hemo;pcv;pot;rbc;rbcc;sc;su,200,128,72,0.9924045138888888,0.9964080995388639,0.9765625,0.9722222222222222,0.0260926998755106,0.9812255859375,0.9993489583333333,0.9913298588228118,0.9996376739781536,0.9453125,1.0
pre-index available only,11,svm,ane;appet;bp (Diastolic);bp limit;bu;cad;dm;hemo;pcv;pot;rbc;rbcc;sc;su,200,128,72,0.9938151041666667,0.9967259513516608,0.9609375,0.9722222222222222,0.030174977218940597,0.9862196180555556,0.9988064236111112,0.9928572242739949,0.9993043319177081,0.921875,0.9921875
