config,model,calibration,subgroup,subgroup_label,n_ckd,n_non_ckd,prevalence,roc_auc,pr_auc,sensitivity,specificity,npv,precision,brier
clinical_only_model,dummy,isotonic,all_patients,All patients (as sampled),128,72,0.64,0.47227647569444453,0.6255828458454166,1.0,0.0,,0.64,0.230477109375
clinical_only_model,dummy,isotonic,early_ckd_only,Early CKD (s1-s2) vs non-CKD,21,72,0.2258,0.49933862433862436,0.23657150551374104,1.0,0.0,,0.22580645161290322,0.34646987567204296
clinical_only_model,dummy,isotonic,moderate_ckd_only,Moderate CKD (s3) vs non-CKD,31,72,0.301,0.4890232974910394,0.30642144407831534,1.0,0.0,,0.30097087378640774,0.3254148209951456
clinical_only_model,dummy,isotonic,advanced_ckd_only,Advanced CKD (s4-s5) vs non-CKD,76,72,0.5135,0.45796783625730997,0.4927012432636372,1.0,0.0,,0.5135135135135135,0.2659318623310811
clinical_only_model,dummy,none,all_patients,All patients (as sampled),128,72,0.64,0.47227647569444453,0.6255828458454166,1.0,0.0,,0.64,0.230477109375
clinical_only_model,dummy,none,early_ckd_only,Early CKD (s1-s2) vs non-CKD,21,72,0.2258,0.49933862433862436,0.23657150551374104,1.0,0.0,,0.22580645161290322,0.34646987567204296
clinical_only_model,dummy,none,moderate_ckd_only,Moderate CKD (s3) vs non-CKD,31,72,0.301,0.4890232974910394,0.30642144407831534,1.0,0.0,,0.30097087378640774,0.3254148209951456
clinical_only_model,dummy,none,advanced_ckd_only,Advanced CKD (s4-s5) vs non-CKD,76,72,0.5135,0.45796783625730997,0.4927012432636372,1.0,0.0,,0.5135135135135135,0.2659318623310811
clinical_only_model,dummy,sigmoid,all_patients,All patients (as sampled),128,72,0.64,0.47227647569444453,0.6255828458454166,1.0,0.0,,0.64,0.23047785338932422
clinical_only_model,dummy,sigmoid,early_ckd_only,Early CKD (s1-s2) vs non-CKD,21,72,0.2258,0.49933862433862436,0.23657150551374104,1.0,0.0,,0.22580645161290322,0.34544358167906003
clinical_only_model,dummy,sigmoid,moderate_ckd_only,Moderate CKD (s3) vs non-CKD,31,72,0.301,0.4890232974910394,0.30642144407831534,1.0,0.0,,0.30097087378640774,0.3245749416457691
clinical_only_model,dummy,sigmoid,advanced_ckd_only,Advanced CKD (s4-s5) vs non-CKD,76,72,0.5135,0.45796783625730997,0.4927012432636372,1.0,0.0,,0.5135135135135135,0.2656187525260771
clinical_only_model,ebm,isotonic,all_patients,All patients (as sampled),128,72,0.64,0.9519314236111112,0.9794209682011878,0.8984375,0.9861111111111112,0.8452380952380952,0.9913793103448276,0.05858477395196994
clinical_only_model,ebm,isotonic,early_ckd_only,Early CKD (s1-s2) vs non-CKD,21,72,0.2258,0.9087301587301587,0.8825120626372505,0.7619047619047619,0.9861111111111112,0.9342105263157895,0.9411764705882353,0.060914653357367836
clinical_only_model,ebm,isotonic,moderate_ckd_only,Moderate CKD (s3) vs non-CKD,31,72,0.301,0.96415770609319,0.9634412939660894,0.9354838709677419,0.9861111111111112,0.9726027397260274,0.9666666666666667,0.036728941336669325
clinical_only_model,ebm,isotonic,advanced_ckd_only,Advanced CKD (s4-s5) vs non-CKD,76,72,0.5135,0.9588815789473684,0.9760247894546005,0.9210526315789473,0.9861111111111112,0.922077922077922,0.9859154929577465,0.04500190916174334
clinical_only_model,ebm,none,all_patients,All patients (as sampled),128,72,0.64,0.9525824652777778,0.9794755207272987,0.9140625,0.9861111111111112,0.8658536585365854,0.9915254237288136,0.05768103219568554
clinical_only_model,ebm,none,early_ckd_only,Early CKD (s1-s2) vs non-CKD,21,72,0.2258,0.9074074074074073,0.8731765878161535,0.8095238095238095,0.9861111111111112,0.9466666666666667,0.9444444444444444,0.06422197920968525
clinical_only_model,ebm,none,moderate_ckd_only,Moderate CKD (s3) vs non-CKD,31,72,0.301,0.961021505376344,0.9612543604128454,0.9354838709677419,0.9861111111111112,0.9726027397260274,0.9666666666666667,0.04201688348675421
clinical_only_model,ebm,none,advanced_ckd_only,Advanced CKD (s4-s5) vs non-CKD,76,72,0.5135,0.9616228070175439,0.9770068403962279,0.9342105263157895,0.9861111111111112,0.9342105263157895,0.9861111111111112,0.04643964582087452
clinical_only_model,ebm,sigmoid,all_patients,All patients (as sampled),128,72,0.64,0.9474826388888888,0.9778039146963629,0.875,1.0,0.8181818181818182,1.0,0.07710679682119173
clinical_only_model,ebm,sigmoid,early_ckd_only,Early CKD (s1-s2) vs non-CKD,21,72,0.2258,0.8948412698412699,0.8706985016228717,0.6666666666666666,1.0,0.9113924050632911,1.0,0.09683704314367789
clinical_only_model,ebm,sigmoid,moderate_ckd_only,Moderate CKD (s3) vs non-CKD,31,72,0.301,0.9578853046594982,0.9608724608724606,0.9354838709677419,1.0,0.972972972972973,1.0,0.06865377625877499
clinical_only_model,ebm,sigmoid,advanced_ckd_only,Advanced CKD (s4-s5) vs non-CKD,76,72,0.5135,0.9577850877192982,0.9753095026106409,0.9078947368421053,1.0,0.9113924050632911,1.0,0.06670427726984914
clinical_only_model,logreg,isotonic,all_patients,All patients (as sampled),128,72,0.64,0.8968098958333335,0.959832235564074,0.875,0.9861111111111112,0.8160919540229885,0.9911504424778761,0.07491314796726535
clinical_only_model,logreg,isotonic,early_ckd_only,Early CKD (s1-s2) vs non-CKD,21,72,0.2258,0.6911375661375662,0.7374374935841285,0.6666666666666666,0.9861111111111112,0.9102564102564102,0.9333333333333333,0.09256619329853885
clinical_only_model,logreg,isotonic,moderate_ckd_only,Moderate CKD (s3) vs non-CKD,31,72,0.301,0.946236559139785,0.956377421892425,0.9032258064516129,0.9861111111111112,0.9594594594594594,0.9655172413793104,0.04645322534077367
clinical_only_model,logreg,isotonic,advanced_ckd_only,Advanced CKD (s4-s5) vs non-CKD,76,72,0.5135,0.9334795321637426,0.9644844808449052,0.9210526315789473,0.9861111111111112,0.922077922077922,0.9859154929577465,0.05042760199376006
clinical_only_model,logreg,none,all_patients,All patients (as sampled),128,72,0.64,0.9058159722222223,0.9623241275318986,0.859375,1.0,0.8,1.0,0.09435424282723791
clinical_only_model,logreg,none,early_ckd_only,Early CKD (s1-s2) vs non-CKD,21,72,0.2258,0.7420634920634921,0.754211743095071,0.6190476190476191,1.0,0.9,1.0,0.10701737006876763
clinical_only_model,logreg,none,moderate_ckd_only,Moderate CKD (s3) vs non-CKD,31,72,0.301,0.9471326164874552,0.9501309622277362,0.9032258064516129,1.0,0.96,1.0,0.06878843415591038
clinical_only_model,logreg,none,advanced_ckd_only,Advanced CKD (s4-s5) vs non-CKD,76,72,0.5135,0.9342105263157894,0.9647762541469029,0.9078947368421053,1.0,0.9113924050632911,1.0,0.07094160457254998
clinical_only_model,logreg,sigmoid,all_patients,All patients (as sampled),128,72,0.64,0.9039713541666666,0.9618273762068268,0.8671875,1.0,0.8089887640449438,1.0,0.09215353890293149
clinical_only_model,logreg,sigmoid,early_ckd_only,Early CKD (s1-s2) vs non-CKD,21,72,0.2258,0.701058201058201,0.7362973043237961,0.6190476190476191,1.0,0.9,1.0,0.12631631060080376
clinical_only_model,logreg,sigmoid,moderate_ckd_only,Moderate CKD (s3) vs non-CKD,31,72,0.301,0.9583333333333333,0.9601653409927822,0.9032258064516129,1.0,0.96,1.0,0.0855066315201959
clinical_only_model,logreg,sigmoid,advanced_ckd_only,Advanced CKD (s4-s5) vs non-CKD,76,72,0.5135,0.9378654970760234,0.9659776756416829,0.9210526315789473,1.0,0.9230769230769231,1.0,0.07646875095669396
clinical_only_model,random_forest,isotonic,all_patients,All patients (as sampled),128,72,0.64,0.9535590277777778,0.979608204987315,0.890625,0.9861111111111112,0.8352941176470589,0.991304347826087,0.06314454310080027
clinical_only_model,random_forest,isotonic,early_ckd_only,Early CKD (s1-s2) vs non-CKD,21,72,0.2258,0.9186507936507936,0.8646050844580255,0.7619047619047619,0.9861111111111112,0.9342105263157895,0.9411764705882353,0.06812971870616916
clinical_only_model,random_forest,isotonic,moderate_ckd_only,Moderate CKD (s3) vs non-CKD,31,72,0.301,0.968189964157706,0.9658839342188488,0.9032258064516129,0.9861111111111112,0.9594594594594594,0.9655172413793104,0.04375451598272267
clinical_only_model,random_forest,isotonic,advanced_ckd_only,Advanced CKD (s4-s5) vs non-CKD,76,72,0.5135,0.9572368421052632,0.9750898719899886,0.9210526315789473,0.9861111111111112,0.922077922077922,0.9859154929577465,0.04913915664104739
clinical_only_model,random_forest,none,all_patients,All patients (as sampled),128,72,0.64,0.9474826388888888,0.9771869110712119,0.875,1.0,0.8181818181818182,1.0,0.08157500009027899
clinical_only_model,random_forest,none,early_ckd_only,Early CKD (s1-s2) vs non-CKD,21,72,0.2258,0.8677248677248677,0.83889368377674,0.7142857142857143,1.0,0.9230769230769231,1.0,0.09131293329328279
clinical_only_model,random_forest,none,moderate_ckd_only,Moderate CKD (s3) vs non-CKD,31,72,0.301,0.9623655913978494,0.9627217149114863,0.9032258064516129,1.0,0.96,1.0,0.06265076192981589
clinical_only_model,random_forest,none,advanced_ckd_only,Advanced CKD (s4-s5) vs non-CKD,76,72,0.5135,0.9634502923976609,0.9774181964899789,0.9078947368421053,1.0,0.9113924050632911,1.0,0.06562372966876052
clinical_only_model,random_forest,sigmoid,all_patients,All patients (as sampled),128,72,0.64,0.9481336805555556,0.9773610123007143,0.8828125,1.0,0.8275862068965517,1.0,0.06767632991317661
clinical_only_model,random_forest,sigmoid,early_ckd_only,Early CKD (s1-s2) vs non-CKD,21,72,0.2258,0.8974867724867726,0.8535663366284978,0.7142857142857143,1.0,0.9230769230769231,1.0,0.08224454881163966
clinical_only_model,random_forest,sigmoid,moderate_ckd_only,Moderate CKD (s3) vs non-CKD,31,72,0.301,0.9704301075268816,0.9659754224270352,0.9032258064516129,1.0,0.96,1.0,0.05484757327289039
clinical_only_model,random_forest,sigmoid,advanced_ckd_only,Advanced CKD (s4-s5) vs non-CKD,76,72,0.5135,0.9530336257309941,0.9727217177809235,0.9210526315789473,1.0,0.9230769230769231,1.0,0.0556567728310975
clinical_only_model,svm,isotonic,all_patients,All patients (as sampled),128,72,0.64,0.9431423611111112,0.9763772999013871,0.8984375,0.9861111111111112,0.8452380952380952,0.9913793103448276,0.05994276061065047
clinical_only_model,svm,isotonic,early_ckd_only,Early CKD (s1-s2) vs non-CKD,21,72,0.2258,0.8974867724867726,0.8709388954032382,0.7619047619047619,0.9861111111111112,0.9342105263157895,0.9411764705882353,0.06286981534695435
clinical_only_model,svm,isotonic,moderate_ckd_only,Moderate CKD (s3) vs non-CKD,31,72,0.301,0.953405017921147,0.9605058288086873,0.9354838709677419,0.9861111111111112,0.9726027397260274,0.9666666666666667,0.0377479985187911
clinical_only_model,svm,isotonic,advanced_ckd_only,Advanced CKD (s4-s5) vs non-CKD,76,72,0.5135,0.9515716374269007,0.9728978272036659,0.9210526315789473,0.9861111111111112,0.922077922077922,0.9859154929577465,0.04562238058683708
clinical_only_model,svm,none,all_patients,All patients (as sampled),128,72,0.64,0.9442274305555556,0.9767198083227688,0.890625,0.9861111111111112,0.8352941176470589,0.991304347826087,0.05964884479938944
clinical_only_model,svm,none,early_ckd_only,Early CKD (s1-s2) vs non-CKD,21,72,0.2258,0.8849206349206349,0.8589704063443562,0.7142857142857143,0.9861111111111112,0.922077922077922,0.9375,0.06970042112041612
clinical_only_model,svm,none,moderate_ckd_only,Moderate CKD (s3) vs non-CKD,31,72,0.301,0.9516129032258065,0.9590877804799705,0.9354838709677419,0.9861111111111112,0.9726027397260274,0.9666666666666667,0.0395739061319387
clinical_only_model,svm,none,advanced_ckd_only,Advanced CKD (s4-s5) vs non-CKD,76,72,0.5135,0.9576023391812865,0.9754715181463872,0.9210526315789473,0.9861111111111112,0.922077922077922,0.9859154929577465,0.04467455062342365
clinical_only_model,svm,sigmoid,all_patients,All patients (as sampled),128,72,0.64,0.9440104166666666,0.9766124192648981,0.8828125,1.0,0.8275862068965517,1.0,0.06403245290387209
clinical_only_model,svm,sigmoid,early_ckd_only,Early CKD (s1-s2) vs non-CKD,21,72,0.2258,0.8849206349206349,0.857788141096232,0.6666666666666666,1.0,0.9113924050632911,1.0,0.07999696945754468
clinical_only_model,svm,sigmoid,moderate_ckd_only,Moderate CKD (s3) vs non-CKD,31,72,0.301,0.9587813620071683,0.9614138783142988,0.9354838709677419,1.0,0.972972972972973,1.0,0.048839993791124386
clinical_only_model,svm,sigmoid,advanced_ckd_only,Advanced CKD (s4-s5) vs non-CKD,76,72,0.5135,0.954312865497076,0.9742435712267377,0.9210526315789473,1.0,0.9230769230769231,1.0,0.05151679332636819
clinical_only_model,xgboost,isotonic,all_patients,All patients (as sampled),128,72,0.64,0.9130859375,0.9629990733923941,0.8515625,0.9861111111111112,0.7888888888888889,0.990909090909091,0.08509987956340442
clinical_only_model,xgboost,isotonic,early_ckd_only,Early CKD (s1-s2) vs non-CKD,21,72,0.2258,0.826058201058201,0.7948276566587049,0.6666666666666666,0.9861111111111112,0.9102564102564102,0.9333333333333333,0.09224947855884312
clinical_only_model,xgboost,isotonic,moderate_ckd_only,Moderate CKD (s3) vs non-CKD,31,72,0.301,0.9363799283154121,0.9408879524397538,0.9032258064516129,0.9861111111111112,0.9594594594594594,0.9655172413793104,0.05778714390767063
clinical_only_model,xgboost,isotonic,advanced_ckd_only,Advanced CKD (s4-s5) vs non-CKD,76,72,0.5135,0.9276315789473684,0.9577579814816479,0.881578947368421,0.9861111111111112,0.8875,0.9852941176470589,0.06915307586932928
clinical_only_model,xgboost,none,all_patients,All patients (as sampled),128,72,0.64,0.9169921875,0.9647229353057528,0.8515625,0.9861111111111112,0.7888888888888889,0.990909090909091,0.08509932853455236
clinical_only_model,xgboost,none,early_ckd_only,Early CKD (s1-s2) vs non-CKD,21,72,0.2258,0.8485449735449735,0.8192703863104314,0.6666666666666666,0.9861111111111112,0.9102564102564102,0.9333333333333333,0.09755790345079136
clinical_only_model,xgboost,none,moderate_ckd_only,Moderate CKD (s3) vs non-CKD,31,72,0.301,0.9345878136200716,0.9402002633501683,0.9032258064516129,0.9861111111111112,0.9594594594594594,0.9655172413793104,0.06672516498608895
clinical_only_model,xgboost,none,advanced_ckd_only,Advanced CKD (s4-s5) vs non-CKD,76,72,0.5135,0.9287280701754386,0.9582351961746673,0.881578947368421,0.9861111111111112,0.8875,0.9852941176470589,0.07299151026018798
clinical_only_model,xgboost,sigmoid,all_patients,All patients (as sampled),128,72,0.64,0.9110243055555556,0.9622485227089723,0.8515625,0.9861111111111112,0.7888888888888889,0.990909090909091,0.08919653699323106
clinical_only_model,xgboost,sigmoid,early_ckd_only,Early CKD (s1-s2) vs non-CKD,21,72,0.2258,0.8392857142857143,0.8029153255538712,0.6666666666666666,0.9861111111111112,0.9102564102564102,0.9333333333333333,0.11044498765914865
clinical_only_model,xgboost,sigmoid,moderate_ckd_only,Moderate CKD (s3) vs non-CKD,31,72,0.301,0.9305555555555555,0.9387692785303288,0.9032258064516129,0.9861111111111112,0.9594594594594594,0.9655172413793104,0.07791388459418369
clinical_only_model,xgboost,sigmoid,advanced_ckd_only,Advanced CKD (s4-s5) vs non-CKD,76,72,0.5135,0.9228801169590642,0.9551650502032993,0.881578947368421,0.9861111111111112,0.8875,0.9852941176470589,0.0793085252250385
full_valid_model,dummy,isotonic,all_patients,All patients (as sampled),128,72,0.64,0.47227647569444453,0.6255828458454166,1.0,0.0,,0.64,0.230477109375
full_valid_model,dummy,isotonic,early_ckd_only,Early CKD (s1-s2) vs non-CKD,21,72,0.2258,0.49933862433862436,0.23657150551374104,1.0,0.0,,0.22580645161290322,0.34646987567204296
full_valid_model,dummy,isotonic,moderate_ckd_only,Moderate CKD (s3) vs non-CKD,31,72,0.301,0.4890232974910394,0.30642144407831534,1.0,0.0,,0.30097087378640774,0.3254148209951456
full_valid_model,dummy,isotonic,advanced_ckd_only,Advanced CKD (s4-s5) vs non-CKD,76,72,0.5135,0.45796783625730997,0.4927012432636372,1.0,0.0,,0.5135135135135135,0.2659318623310811
full_valid_model,dummy,none,all_patients,All patients (as sampled),128,72,0.64,0.47227647569444453,0.6255828458454166,1.0,0.0,,0.64,0.230477109375
full_valid_model,dummy,none,early_ckd_only,Early CKD (s1-s2) vs non-CKD,21,72,0.2258,0.49933862433862436,0.23657150551374104,1.0,0.0,,0.22580645161290322,0.34646987567204296
full_valid_model,dummy,none,moderate_ckd_only,Moderate CKD (s3) vs non-CKD,31,72,0.301,0.4890232974910394,0.30642144407831534,1.0,0.0,,0.30097087378640774,0.3254148209951456
full_valid_model,dummy,none,advanced_ckd_only,Advanced CKD (s4-s5) vs non-CKD,76,72,0.5135,0.45796783625730997,0.4927012432636372,1.0,0.0,,0.5135135135135135,0.2659318623310811
full_valid_model,dummy,sigmoid,all_patients,All patients (as sampled),128,72,0.64,0.47227647569444453,0.6255828458454166,1.0,0.0,,0.64,0.23047785338932422
full_valid_model,dummy,sigmoid,early_ckd_only,Early CKD (s1-s2) vs non-CKD,21,72,0.2258,0.49933862433862436,0.23657150551374104,1.0,0.0,,0.22580645161290322,0.34544358167906003
full_valid_model,dummy,sigmoid,moderate_ckd_only,Moderate CKD (s3) vs non-CKD,31,72,0.301,0.4890232974910394,0.30642144407831534,1.0,0.0,,0.30097087378640774,0.3245749416457691
full_valid_model,dummy,sigmoid,advanced_ckd_only,Advanced CKD (s4-s5) vs non-CKD,76,72,0.5135,0.45796783625730997,0.4927012432636372,1.0,0.0,,0.5135135135135135,0.2656187525260771
full_valid_model,ebm,isotonic,all_patients,All patients (as sampled),128,72,0.64,0.9996744791666667,0.9998168870802147,0.9921875,0.9861111111111112,0.9861111111111112,0.9921875,0.008052227658628477
full_valid_model,ebm,isotonic,early_ckd_only,Early CKD (s1-s2) vs non-CKD,21,72,0.2258,0.9993386243386243,0.9978354978354979,1.0,0.9861111111111112,1.0,0.9545454545454546,0.011791715461829697
full_valid_model,ebm,isotonic,moderate_ckd_only,Moderate CKD (s3) vs non-CKD,31,72,0.301,1.0,1.0,1.0,0.9861111111111112,1.0,0.96875,0.008941003573947219
full_valid_model,ebm,isotonic,advanced_ckd_only,Advanced CKD (s4-s5) vs non-CKD,76,72,0.5135,0.9996345029239766,0.9996559880562651,0.9868421052631579,0.9861111111111112,0.9861111111111112,0.9868421052631579,0.0096925740806221
full_valid_model,ebm,none,all_patients,All patients (as sampled),128,72,0.64,0.9994574652777778,0.9996923831119606,0.984375,0.9861111111111112,0.9726027397260274,0.9921259842519685,0.009457410016811435
full_valid_model,ebm,none,early_ckd_only,Early CKD (s1-s2) vs non-CKD,21,72,0.2258,0.9993386243386244,0.9978354978354982,1.0,0.9861111111111112,1.0,0.9545454545454546,0.010742369211257123
full_valid_model,ebm,none,moderate_ckd_only,Moderate CKD (s3) vs non-CKD,31,72,0.301,1.0,0.9999999999999998,1.0,0.9861111111111112,1.0,0.96875,0.008812819491124385
full_valid_model,ebm,none,advanced_ckd_only,Advanced CKD (s4-s5) vs non-CKD,76,72,0.5135,0.9992690058479533,0.9993027400714383,0.9736842105263158,0.9861111111111112,0.9726027397260274,0.9866666666666667,0.012163251343151153
full_valid_model,ebm,sigmoid,all_patients,All patients (as sampled),128,72,0.64,0.9996744791666667,0.9998168870802147,0.984375,0.9861111111111112,0.9726027397260274,0.9921259842519685,0.02000242791902472
full_valid_model,ebm,sigmoid,early_ckd_only,Early CKD (s1-s2) vs non-CKD,21,72,0.2258,0.9993386243386244,0.9978354978354982,1.0,0.9861111111111112,1.0,0.9545454545454546,0.02902122431264491
full_valid_model,ebm,sigmoid,moderate_ckd_only,Moderate CKD (s3) vs non-CKD,31,72,0.301,1.0,0.9999999999999998,1.0,0.9861111111111112,1.0,0.96875,0.01705619216831511
full_valid_model,ebm,sigmoid,advanced_ckd_only,Advanced CKD (s4-s5) vs non-CKD,76,72,0.5135,0.9996345029239767,0.9996559880562652,0.9736842105263158,0.9861111111111112,0.9726027397260274,0.9866666666666667,0.01871445058088511
full_valid_model,logreg,isotonic,all_patients,All patients (as sampled),128,72,0.64,0.9997829861111112,0.9998784028282461,0.984375,0.9861111111111112,0.9726027397260274,0.9921259842519685,0.007851246640075346
full_valid_model,logreg,isotonic,early_ckd_only,Early CKD (s1-s2) vs non-CKD,21,72,0.2258,0.9993386243386243,0.9978354978354979,0.9523809523809523,0.9861111111111112,0.9861111111111112,0.9523809523809523,0.012066909272958849
full_valid_model,logreg,isotonic,moderate_ckd_only,Moderate CKD (s3) vs non-CKD,31,72,0.301,1.0,1.0,1.0,0.9861111111111112,1.0,0.96875,0.006486927730302658
full_valid_model,logreg,isotonic,advanced_ckd_only,Advanced CKD (s4-s5) vs non-CKD,76,72,0.5135,0.9998172514619883,0.9998291182501708,0.9868421052631579,0.9861111111111112,0.9861111111111112,0.9868421052631579,0.007536946215146322
full_valid_model,logreg,none,all_patients,All patients (as sampled),128,72,0.64,0.9997829861111112,0.9998784028282461,0.8515625,1.0,0.7912087912087912,1.0,0.09298467966509176
full_valid_model,logreg,none,early_ckd_only,Early CKD (s1-s2) vs non-CKD,21,72,0.2258,0.9993386243386244,0.9978354978354982,0.47619047619047616,1.0,0.8674698795180723,1.0,0.09048789795287396
full_valid_model,logreg,none,moderate_ckd_only,Moderate CKD (s3) vs non-CKD,31,72,0.301,1.0,0.9999999999999998,0.967741935483871,1.0,0.9863013698630136,1.0,0.06586630468338163
full_valid_model,logreg,none,advanced_ckd_only,Advanced CKD (s4-s5) vs non-CKD,76,72,0.5135,0.9998172514619883,0.999829118250171,0.9078947368421053,1.0,0.9113924050632911,1.0,0.06981336009057028
full_valid_model,logreg,sigmoid,all_patients,All patients (as sampled),128,72,0.64,0.9997829861111112,0.9998784028282461,0.984375,1.0,0.972972972972973,1.0,0.02242424292200741
full_valid_model,logreg,sigmoid,early_ckd_only,Early CKD (s1-s2) vs non-CKD,21,72,0.2258,0.9993386243386244,0.9978354978354982,0.9523809523809523,1.0,0.9863013698630136,1.0,0.03458761921432632
full_valid_model,logreg,sigmoid,moderate_ckd_only,Moderate CKD (s3) vs non-CKD,31,72,0.301,1.0,0.9999999999999998,1.0,1.0,1.0,1.0,0.01768491604078283
full_valid_model,logreg,sigmoid,advanced_ckd_only,Advanced CKD (s4-s5) vs non-CKD,76,72,0.5135,0.9998172514619883,0.999829118250171,0.9868421052631579,1.0,0.9863013698630136,1.0,0.018300396799520596
full_valid_model,random_forest,isotonic,all_patients,All patients (as sampled),128,72,0.64,0.9993489583333331,0.9996327528197723,0.9921875,0.9722222222222222,0.9859154929577465,0.9844961240310077,0.008597351531215148
full_valid_model,random_forest,isotonic,early_ckd_only,Early CKD (s1-s2) vs non-CKD,21,72,0.2258,0.9966931216931216,0.9887044215092597,0.9523809523809523,0.9722222222222222,0.9859154929577465,0.9090909090909091,0.017139771526542127
full_valid_model,random_forest,isotonic,moderate_ckd_only,Moderate CKD (s3) vs non-CKD,31,72,0.301,1.0,1.0,1.0,0.9722222222222222,1.0,0.9393939393939394,0.011250446560783873
full_valid_model,random_forest,isotonic,advanced_ckd_only,Advanced CKD (s4-s5) vs non-CKD,76,72,0.5135,0.9998172514619883,0.9998291182501708,1.0,0.9722222222222222,1.0,0.9743589743589743,0.008677483446184802
full_valid_model,random_forest,none,all_patients,All patients (as sampled),128,72,0.64,0.9995659722222223,0.9997548831119607,1.0,0.9861111111111112,1.0,0.9922480620155039,0.016834838262796713
full_valid_model,random_forest,none,early_ckd_only,Early CKD (s1-s2) vs non-CKD,21,72,0.2258,0.998015873015873,0.9931869717584005,1.0,0.9861111111111112,1.0,0.9545454545454546,0.02648518299518989
full_valid_model,random_forest,none,moderate_ckd_only,Moderate CKD (s3) vs non-CKD,31,72,0.301,1.0,0.9999999999999998,1.0,0.9861111111111112,1.0,0.96875,0.014733549106381548
full_valid_model,random_forest,none,advanced_ckd_only,Advanced CKD (s4-s5) vs non-CKD,76,72,0.5135,0.9998172514619883,0.999829118250171,1.0,0.9861111111111112,1.0,0.987012987012987,0.014448230407310943
full_valid_model,random_forest,sigmoid,all_patients,All patients (as sampled),128,72,0.64,0.9994574652777778,0.9996923831119606,1.0,0.9722222222222222,1.0,0.9846153846153847,0.011783668315921697
full_valid_model,random_forest,sigmoid,early_ckd_only,Early CKD (s1-s2) vs non-CKD,21,72,0.2258,0.9973544973544974,0.9906807060942402,1.0,0.9722222222222222,1.0,0.9130434782608695,0.021968509085047695
full_valid_model,random_forest,sigmoid,moderate_ckd_only,Moderate CKD (s3) vs non-CKD,31,72,0.301,1.0,0.9999999999999998,1.0,0.9722222222222222,1.0,0.9393939393939394,0.014357913286935586
full_valid_model,random_forest,sigmoid,advanced_ckd_only,Advanced CKD (s4-s5) vs non-CKD,76,72,0.5135,0.9998172514619883,0.999829118250171,1.0,0.9722222222222222,1.0,0.9743589743589743,0.011627460123822278
full_valid_model,svm,isotonic,all_patients,All patients (as sampled),128,72,0.64,1.0,1.0,1.0,1.0,1.0,1.0,0.0035769305399438317
full_valid_model,svm,isotonic,early_ckd_only,Early CKD (s1-s2) vs non-CKD,21,72,0.2258,1.0,1.0,1.0,1.0,1.0,1.0,0.005040768146480879
full_valid_model,svm,isotonic,moderate_ckd_only,Moderate CKD (s3) vs non-CKD,31,72,0.301,1.0,1.0,1.0,1.0,1.0,1.0,0.001953330659884221
full_valid_model,svm,isotonic,advanced_ckd_only,Advanced CKD (s4-s5) vs non-CKD,76,72,0.5135,1.0,1.0,1.0,1.0,1.0,1.0,0.0030252543522356254
full_valid_model,svm,none,all_patients,All patients (as sampled),128,72,0.64,1.0,1.0,0.9765625,1.0,0.96,1.0,0.006946092730178056
full_valid_model,svm,none,early_ckd_only,Early CKD (s1-s2) vs non-CKD,21,72,0.2258,1.0,1.0000000000000002,0.9047619047619048,1.0,0.972972972972973,1.0,0.010742876873531638
full_valid_model,svm,none,moderate_ckd_only,Moderate CKD (s3) vs non-CKD,31,72,0.301,1.0,0.9999999999999998,1.0,1.0,1.0,1.0,0.001823083362364473
full_valid_model,svm,none,advanced_ckd_only,Advanced CKD (s4-s5) vs non-CKD,76,72,0.5135,1.0,1.0000000000000002,0.9868421052631579,1.0,0.9863013698630136,1.0,0.003845511254208534
full_valid_model,svm,sigmoid,all_patients,All patients (as sampled),128,72,0.64,1.0,1.0,0.9765625,1.0,0.96,1.0,0.013784547614680098
full_valid_model,svm,sigmoid,early_ckd_only,Early CKD (s1-s2) vs non-CKD,21,72,0.2258,1.0,1.0000000000000002,0.9047619047619048,1.0,0.972972972972973,1.0,0.021907638248752522
full_valid_model,svm,sigmoid,moderate_ckd_only,Moderate CKD (s3) vs non-CKD,31,72,0.301,1.0,0.9999999999999998,1.0,1.0,1.0,1.0,0.00948571930990205
full_valid_model,svm,sigmoid,advanced_ckd_only,Advanced CKD (s4-s5) vs non-CKD,76,72,0.5135,1.0,1.0000000000000002,0.9868421052631579,1.0,0.9863013698630136,1.0,0.010452944546434055
full_valid_model,xgboost,isotonic,all_patients,All patients (as sampled),128,72,0.64,0.9970703125,0.9984206296607845,0.984375,0.9583333333333334,0.971830985915493,0.9767441860465116,0.02029929123986675
full_valid_model,xgboost,isotonic,early_ckd_only,Early CKD (s1-s2) vs non-CKD,21,72,0.2258,0.9914021164021163,0.973375899462856,0.9523809523809523,0.9583333333333334,0.9857142857142858,0.8695652173913043,0.03372534749867987
full_valid_model,xgboost,isotonic,moderate_ckd_only,Moderate CKD (s3) vs non-CKD,31,72,0.301,1.0,1.0,1.0,0.9583333333333334,1.0,0.9117647058823529,0.02158898910326883
full_valid_model,xgboost,isotonic,advanced_ckd_only,Advanced CKD (s4-s5) vs non-CKD,76,72,0.5135,0.9974415204678363,0.9978639781271361,0.9868421052631579,0.9583333333333334,0.9857142857142858,0.9615384615384616,0.021246670269112033
full_valid_model,xgboost,none,all_patients,All patients (as sampled),128,72,0.64,0.9979383680555556,0.9988743678341252,0.984375,0.9583333333333334,0.971830985915493,0.9767441860465116,0.018686968623480314
full_valid_model,xgboost,none,early_ckd_only,Early CKD (s1-s2) vs non-CKD,21,72,0.2258,0.9947089947089948,0.9826772016621643,0.9523809523809523,0.9583333333333334,0.9857142857142858,0.8695652173913043,0.02930317534404435
full_valid_model,xgboost,none,moderate_ckd_only,Moderate CKD (s3) vs non-CKD,31,72,0.301,1.0,0.9999999999999998,1.0,0.9583333333333334,1.0,0.9117647058823529,0.019144311280509415
full_valid_model,xgboost,none,advanced_ckd_only,Advanced CKD (s4-s5) vs non-CKD,76,72,0.5135,0.9979897660818713,0.9982650476458527,0.9868421052631579,0.9583333333333334,0.9857142857142858,0.9615384615384616,0.020064512698527583
full_valid_model,xgboost,sigmoid,all_patients,All patients (as sampled),128,72,0.64,0.9966362847222222,0.9982006047775083,0.984375,0.9583333333333334,0.971830985915493,0.9767441860465116,0.023868940473253396
full_valid_model,xgboost,sigmoid,early_ckd_only,Early CKD (s1-s2) vs non-CKD,21,72,0.2258,0.9914021164021164,0.9722688583558152,0.9523809523809523,0.9583333333333334,0.9857142857142858,0.8695652173913043,0.03963987017733877
full_valid_model,xgboost,sigmoid,moderate_ckd_only,Moderate CKD (s3) vs non-CKD,31,72,0.301,1.0,0.9999999999999998,1.0,0.9583333333333334,1.0,0.9117647058823529,0.027799417661995816
full_valid_model,xgboost,sigmoid,advanced_ckd_only,Advanced CKD (s4-s5) vs non-CKD,76,72,0.5135,0.9967105263157894,0.9973139141560196,0.9868421052631579,0.9583333333333334,0.9857142857142858,0.9615384615384616,0.025823701296090327
laboratory_model,dummy,isotonic,all_patients,All patients (as sampled),128,72,0.64,0.47227647569444453,0.6255828458454166,1.0,0.0,,0.64,0.230477109375
laboratory_model,dummy,isotonic,early_ckd_only,Early CKD (s1-s2) vs non-CKD,21,72,0.2258,0.49933862433862436,0.23657150551374104,1.0,0.0,,0.22580645161290322,0.34646987567204296
laboratory_model,dummy,isotonic,moderate_ckd_only,Moderate CKD (s3) vs non-CKD,31,72,0.301,0.4890232974910394,0.30642144407831534,1.0,0.0,,0.30097087378640774,0.3254148209951456
laboratory_model,dummy,isotonic,advanced_ckd_only,Advanced CKD (s4-s5) vs non-CKD,76,72,0.5135,0.45796783625730997,0.4927012432636372,1.0,0.0,,0.5135135135135135,0.2659318623310811
laboratory_model,dummy,none,all_patients,All patients (as sampled),128,72,0.64,0.47227647569444453,0.6255828458454166,1.0,0.0,,0.64,0.230477109375
laboratory_model,dummy,none,early_ckd_only,Early CKD (s1-s2) vs non-CKD,21,72,0.2258,0.49933862433862436,0.23657150551374104,1.0,0.0,,0.22580645161290322,0.34646987567204296
laboratory_model,dummy,none,moderate_ckd_only,Moderate CKD (s3) vs non-CKD,31,72,0.301,0.4890232974910394,0.30642144407831534,1.0,0.0,,0.30097087378640774,0.3254148209951456
laboratory_model,dummy,none,advanced_ckd_only,Advanced CKD (s4-s5) vs non-CKD,76,72,0.5135,0.45796783625730997,0.4927012432636372,1.0,0.0,,0.5135135135135135,0.2659318623310811
laboratory_model,dummy,sigmoid,all_patients,All patients (as sampled),128,72,0.64,0.47227647569444453,0.6255828458454166,1.0,0.0,,0.64,0.23047785338932422
laboratory_model,dummy,sigmoid,early_ckd_only,Early CKD (s1-s2) vs non-CKD,21,72,0.2258,0.49933862433862436,0.23657150551374104,1.0,0.0,,0.22580645161290322,0.34544358167906003
laboratory_model,dummy,sigmoid,moderate_ckd_only,Moderate CKD (s3) vs non-CKD,31,72,0.301,0.4890232974910394,0.30642144407831534,1.0,0.0,,0.30097087378640774,0.3245749416457691
laboratory_model,dummy,sigmoid,advanced_ckd_only,Advanced CKD (s4-s5) vs non-CKD,76,72,0.5135,0.45796783625730997,0.4927012432636372,1.0,0.0,,0.5135135135135135,0.2656187525260771
laboratory_model,ebm,isotonic,all_patients,All patients (as sampled),128,72,0.64,0.992404513888889,0.9958877484730733,0.96875,0.9305555555555556,0.9436619718309859,0.9612403100775194,0.03348263900467685
laboratory_model,ebm,isotonic,early_ckd_only,Early CKD (s1-s2) vs non-CKD,21,72,0.2258,0.9755291005291005,0.9343053108182844,0.8571428571428571,0.9305555555555556,0.9571428571428572,0.782608695652174,0.056036494955421824
laboratory_model,ebm,isotonic,moderate_ckd_only,Moderate CKD (s3) vs non-CKD,31,72,0.301,0.9973118279569892,0.9942211488701052,1.0,0.9305555555555556,1.0,0.8611111111111112,0.03446589748145158
laboratory_model,ebm,isotonic,advanced_ckd_only,Advanced CKD (s4-s5) vs non-CKD,76,72,0.5135,0.9950657894736842,0.9958283647272722,0.9868421052631579,0.9305555555555556,0.9852941176470589,0.9375,0.029432789315444404
laboratory_model,ebm,none,all_patients,All patients (as sampled),128,72,0.64,0.9896918402777778,0.9945180999230914,0.96875,0.9305555555555556,0.9436619718309859,0.9612403100775194,0.03862998386929631
laboratory_model,ebm,none,early_ckd_only,Early CKD (s1-s2) vs non-CKD,21,72,0.2258,0.9708994708994709,0.9195428867985262,0.8571428571428571,0.9305555555555556,0.9571428571428572,0.782608695652174,0.06605404068766285
laboratory_model,ebm,none,moderate_ckd_only,Moderate CKD (s3) vs non-CKD,31,72,0.301,0.9946236559139785,0.9888302528781194,1.0,0.9305555555555556,1.0,0.8611111111111112,0.042714534564021946
laboratory_model,ebm,none,advanced_ckd_only,Advanced CKD (s4-s5) vs non-CKD,76,72,0.5135,0.9928728070175439,0.9944713739846863,0.9868421052631579,0.9305555555555556,0.9852941176470589,0.9375,0.03455949608905265
laboratory_model,ebm,sigmoid,all_patients,All patients (as sampled),128,72,0.64,0.9933810763888888,0.9963854930824068,0.96875,0.9166666666666666,0.9428571428571428,0.9538461538461539,0.04197895276078533
laboratory_model,ebm,sigmoid,early_ckd_only,Early CKD (s1-s2) vs non-CKD,21,72,0.2258,0.9801587301587301,0.9438958136860984,0.8571428571428571,0.9166666666666666,0.9565217391304348,0.75,0.06709501663421247
laboratory_model,ebm,sigmoid,moderate_ckd_only,Moderate CKD (s3) vs non-CKD,31,72,0.301,0.9968637992831542,0.9931458800529007,1.0,0.9166666666666666,1.0,0.8378378378378378,0.04797504795627641
laboratory_model,ebm,sigmoid,advanced_ckd_only,Advanced CKD (s4-s5) vs non-CKD,76,72,0.5135,0.9956140350877193,0.9963040334887532,0.9868421052631579,0.9166666666666666,0.9850746268656716,0.9259259259259259,0.03937908105828003
laboratory_model,logreg,isotonic,all_patients,All patients (as sampled),128,72,0.64,0.9937065972222222,0.9967427522341787,0.953125,0.9444444444444444,0.918918918918919,0.9682539682539683,0.029075276597530966
laboratory_model,logreg,isotonic,early_ckd_only,Early CKD (s1-s2) vs non-CKD,21,72,0.2258,0.9828042328042328,0.951263800657415,0.8095238095238095,0.9444444444444444,0.9444444444444444,0.8095238095238095,0.04773269979316771
laboratory_model,logreg,isotonic,moderate_ckd_only,Moderate CKD (s3) vs non-CKD,31,72,0.301,0.9991039426523297,0.9979513527575442,1.0,0.9444444444444444,1.0,0.8857142857142857,0.0253933192255481
laboratory_model,logreg,isotonic,advanced_ckd_only,Advanced CKD (s4-s5) vs non-CKD,76,72,0.5135,0.9945175438596491,0.9959014342473554,0.9736842105263158,0.9444444444444444,0.9714285714285714,0.9487179487179487,0.02536817887892775
laboratory_model,logreg,none,all_patients,All patients (as sampled),128,72,0.64,0.9938151041666666,0.9967922390706045,0.8359375,1.0,0.7741935483870968,1.0,0.11090872781981904
laboratory_model,logreg,none,early_ckd_only,Early CKD (s1-s2) vs non-CKD,21,72,0.2258,0.9768518518518519,0.9443333319290081,0.5238095238095238,1.0,0.8780487804878049,1.0,0.11282941534416656
laboratory_model,logreg,none,moderate_ckd_only,Moderate CKD (s3) vs non-CKD,31,72,0.301,0.9991039426523297,0.998044965786901,0.9032258064516129,1.0,0.96,1.0,0.09167516405381482
laboratory_model,logreg,none,advanced_ckd_only,Advanced CKD (s4-s5) vs non-CKD,76,72,0.5135,0.9963450292397661,0.9971386396358402,0.8947368421052632,1.0,0.9,1.0,0.08942909989575692
laboratory_model,logreg,sigmoid,all_patients,All patients (as sampled),128,72,0.64,0.994900173611111,0.9972930874856148,0.953125,0.9722222222222222,0.9210526315789473,0.9838709677419355,0.0383137892139898
laboratory_model,logreg,sigmoid,early_ckd_only,Early CKD (s1-s2) vs non-CKD,21,72,0.2258,0.9847883597883598,0.9565058413580583,0.8095238095238095,0.9722222222222222,0.9459459459459459,0.8947368421052632,0.05991681223240534
laboratory_model,logreg,sigmoid,moderate_ckd_only,Moderate CKD (s3) vs non-CKD,31,72,0.301,0.9986559139784946,0.9970043830605744,1.0,0.9722222222222222,1.0,0.9393939393939394,0.037881936978194856
laboratory_model,logreg,sigmoid,advanced_ckd_only,Advanced CKD (s4-s5) vs non-CKD,76,72,0.5135,0.9961622807017544,0.9969743302610045,0.9736842105263158,0.9722222222222222,0.9722222222222222,0.9736842105263158,0.03379859452986933
laboratory_model,random_forest,isotonic,all_patients,All patients (as sampled),128,72,0.64,0.9927300347222222,0.9961320335515018,0.953125,0.9305555555555556,0.9178082191780822,0.9606299212598425,0.03507991050105865
laboratory_model,random_forest,isotonic,early_ckd_only,Early CKD (s1-s2) vs non-CKD,21,72,0.2258,0.9715608465608466,0.9313445205126021,0.8095238095238095,0.9305555555555556,0.9436619718309859,0.7727272727272727,0.06124928204672497
laboratory_model,random_forest,isotonic,moderate_ckd_only,Moderate CKD (s3) vs non-CKD,31,72,0.301,0.9991039426523297,0.9980449657869013,1.0,0.9305555555555556,1.0,0.8611111111111112,0.02872464430209348
laboratory_model,random_forest,isotonic,advanced_ckd_only,Advanced CKD (s4-s5) vs non-CKD,76,72,0.5135,0.9959795321637427,0.996558554317491,0.9736842105263158,0.9305555555555556,0.9710144927536232,0.9367088607594937,0.027957321152263886
laboratory_model,random_forest,none,all_patients,All patients (as sampled),128,72,0.64,0.9942491319444444,0.9969053944644266,0.953125,0.9583333333333334,0.92,0.976,0.03283188724205681
laboratory_model,random_forest,none,early_ckd_only,Early CKD (s1-s2) vs non-CKD,21,72,0.2258,0.9768518518518519,0.9410199815157865,0.8095238095238095,0.9583333333333334,0.9452054794520548,0.85,0.05285815151244196
laboratory_model,random_forest,none,moderate_ckd_only,Moderate CKD (s3) vs non-CKD,31,72,0.301,0.9991039426523297,0.998044965786901,1.0,0.9583333333333334,1.0,0.9117647058823529,0.026558947294040274
laboratory_model,random_forest,none,advanced_ckd_only,Advanced CKD (s4-s5) vs non-CKD,76,72,0.5135,0.9970760233918129,0.9974381823366468,0.9736842105263158,0.9583333333333334,0.971830985915493,0.961038961038961,0.026105865303514997
laboratory_model,random_forest,sigmoid,all_patients,All patients (as sampled),128,72,0.64,0.9930555555555556,0.9963247294318149,0.953125,0.9444444444444444,0.918918918918919,0.9682539682539683,0.03524948513033235
laboratory_model,random_forest,sigmoid,early_ckd_only,Early CKD (s1-s2) vs non-CKD,21,72,0.2258,0.9715608465608465,0.932217012223062,0.8095238095238095,0.9444444444444444,0.9444444444444444,0.8095238095238095,0.060933139381524136
laboratory_model,random_forest,sigmoid,moderate_ckd_only,Moderate CKD (s3) vs non-CKD,31,72,0.301,0.9991039426523297,0.998044965786901,1.0,0.9444444444444444,1.0,0.8857142857142857,0.0323134627811817
laboratory_model,random_forest,sigmoid,advanced_ckd_only,Advanced CKD (s4-s5) vs non-CKD,76,72,0.5135,0.9965277777777778,0.9970371128179303,0.9736842105263158,0.9444444444444444,0.9714285714285714,0.9487179487179487,0.02969583958851544
laboratory_model,svm,isotonic,all_patients,All patients (as sampled),128,72,0.64,0.9939236111111112,0.9968929874934903,0.96875,0.9722222222222222,0.9459459459459459,0.9841269841269841,0.026554276718984724
laboratory_model,svm,isotonic,early_ckd_only,Early CKD (s1-s2) vs non-CKD,21,72,0.2258,0.9794973544973544,0.9467788166317578,0.8571428571428571,0.9722222222222222,0.958904109589041,0.9,0.044998564431894504
laboratory_model,svm,isotonic,moderate_ckd_only,Moderate CKD (s3) vs non-CKD,31,72,0.301,0.9995519713261649,0.998991935483871,1.0,0.9722222222222222,1.0,0.9393939393939394,0.022556376390170402
laboratory_model,svm,isotonic,advanced_ckd_only,Advanced CKD (s4-s5) vs non-CKD,76,72,0.5135,0.9956140350877193,0.9967699851702622,0.9868421052631579,0.9722222222222222,0.9859154929577465,0.974025974025974,0.022178885691037677
laboratory_model,svm,none,all_patients,All patients (as sampled),128,72,0.64,0.9951171875,0.9973952493891751,0.96875,0.9722222222222222,0.9459459459459459,0.9841269841269841,0.02757735259554642
laboratory_model,svm,none,early_ckd_only,Early CKD (s1-s2) vs non-CKD,21,72,0.2258,0.9814814814814815,0.9494885895169696,0.8571428571428571,0.9722222222222222,0.958904109589041,0.9,0.044535495636947836
laboratory_model,svm,none,moderate_ckd_only,Moderate CKD (s3) vs non-CKD,31,72,0.301,0.9991039426523298,0.9979513527575441,1.0,0.9722222222222222,1.0,0.9393939393939394,0.01921686529329648
laboratory_model,svm,none,advanced_ckd_only,Advanced CKD (s4-s5) vs non-CKD,76,72,0.5135,0.9972587719298246,0.9977800861803634,0.9868421052631579,0.9722222222222222,0.9859154929577465,0.974025974025974,0.01926001815833786
laboratory_model,svm,sigmoid,all_patients,All patients (as sampled),128,72,0.64,0.9952256944444444,0.9974822551387418,0.96875,0.9722222222222222,0.9459459459459459,0.9841269841269841,0.030760585447212455
laboratory_model,svm,sigmoid,early_ckd_only,Early CKD (s1-s2) vs non-CKD,21,72,0.2258,0.9834656084656085,0.9558321308321311,0.8571428571428571,0.9722222222222222,0.958904109589041,0.9,0.05162142385013583
laboratory_model,svm,sigmoid,moderate_ckd_only,Moderate CKD (s3) vs non-CKD,31,72,0.301,0.9991039426523297,0.998044965786901,1.0,0.9722222222222222,1.0,0.9393939393939394,0.030604442978270936
laboratory_model,svm,sigmoid,advanced_ckd_only,Advanced CKD (s4-s5) vs non-CKD,76,72,0.5135,0.9968932748538012,0.9975385402866436,0.9868421052631579,0.9722222222222222,0.9859154929577465,0.974025974025974,0.026690919430680967
laboratory_model,xgboost,isotonic,all_patients,All patients (as sampled),128,72,0.64,0.9858940972222222,0.9926932271504022,0.953125,0.9166666666666666,0.9166666666666666,0.953125,0.04125835135234185
laboratory_model,xgboost,isotonic,early_ckd_only,Early CKD (s1-s2) vs non-CKD,21,72,0.2258,0.9490740740740741,0.8920937912988249,0.8095238095238095,0.9166666666666666,0.9428571428571428,0.7391304347826086,0.07108873819091471
laboratory_model,xgboost,isotonic,moderate_ckd_only,Moderate CKD (s3) vs non-CKD,31,72,0.301,0.996863799283154,0.9928353242497094,1.0,0.9166666666666666,1.0,0.8378378378378378,0.03864899226498622
laboratory_model,xgboost,isotonic,advanced_ckd_only,Advanced CKD (s4-s5) vs non-CKD,76,72,0.5135,0.991593567251462,0.9929997597270281,0.9736842105263158,0.9166666666666666,0.9705882352941176,0.925,0.03578185053910235
laboratory_model,xgboost,none,all_patients,All patients (as sampled),128,72,0.64,0.9881727430555556,0.9937584406154938,0.9609375,0.9027777777777778,0.9285714285714286,0.9461538461538461,0.04055189603814733
laboratory_model,xgboost,none,early_ckd_only,Early CKD (s1-s2) vs non-CKD,21,72,0.2258,0.9583333333333333,0.9023388331994615,0.8571428571428571,0.9027777777777778,0.9558823529411765,0.72,0.0711284430954421
laboratory_model,xgboost,none,moderate_ckd_only,Moderate CKD (s3) vs non-CKD,31,72,0.301,0.9973118279569892,0.9939255015939418,1.0,0.9027777777777778,1.0,0.8157894736842105,0.04229588574632042
laboratory_model,xgboost,none,advanced_ckd_only,Advanced CKD (s4-s5) vs non-CKD,76,72,0.5135,0.9926900584795322,0.9938691500903403,0.9736842105263158,0.9027777777777778,0.9701492537313433,0.9135802469135802,0.03802139742503777
laboratory_model,xgboost,sigmoid,all_patients,All patients (as sampled),128,72,0.64,0.9845920138888888,0.992325369289901,0.9609375,0.9027777777777778,0.9285714285714286,0.9461538461538461,0.04489197832787477
laboratory_model,xgboost,sigmoid,early_ckd_only,Early CKD (s1-s2) vs non-CKD,21,72,0.2258,0.9503968253968254,0.8949963899533033,0.8571428571428571,0.9027777777777778,0.9558823529411765,0.72,0.07829080841866479
laboratory_model,xgboost,sigmoid,moderate_ckd_only,Moderate CKD (s3) vs non-CKD,31,72,0.301,0.9968637992831542,0.9926891471524395,1.0,0.9027777777777778,1.0,0.8157894736842105,0.04891757841227051
laboratory_model,xgboost,sigmoid,advanced_ckd_only,Advanced CKD (s4-s5) vs non-CKD,76,72,0.5135,0.9890350877192983,0.9920600306222355,0.9736842105263158,0.9027777777777778,0.9701492537313433,0.9135802469135802,0.04325136209427391
leaky_model,dummy,isotonic,all_patients,All patients (as sampled),128,72,0.64,0.47227647569444453,0.6255828458454166,1.0,0.0,,0.64,0.230477109375
leaky_model,dummy,isotonic,early_ckd_only,Early CKD (s1-s2) vs non-CKD,21,72,0.2258,0.49933862433862436,0.23657150551374104,1.0,0.0,,0.22580645161290322,0.34646987567204296
leaky_model,dummy,isotonic,moderate_ckd_only,Moderate CKD (s3) vs non-CKD,31,72,0.301,0.4890232974910394,0.30642144407831534,1.0,0.0,,0.30097087378640774,0.3254148209951456
leaky_model,dummy,isotonic,advanced_ckd_only,Advanced CKD (s4-s5) vs non-CKD,76,72,0.5135,0.45796783625730997,0.4927012432636372,1.0,0.0,,0.5135135135135135,0.2659318623310811
leaky_model,dummy,none,all_patients,All patients (as sampled),128,72,0.64,0.47227647569444453,0.6255828458454166,1.0,0.0,,0.64,0.230477109375
leaky_model,dummy,none,early_ckd_only,Early CKD (s1-s2) vs non-CKD,21,72,0.2258,0.49933862433862436,0.23657150551374104,1.0,0.0,,0.22580645161290322,0.34646987567204296
leaky_model,dummy,none,moderate_ckd_only,Moderate CKD (s3) vs non-CKD,31,72,0.301,0.4890232974910394,0.30642144407831534,1.0,0.0,,0.30097087378640774,0.3254148209951456
leaky_model,dummy,none,advanced_ckd_only,Advanced CKD (s4-s5) vs non-CKD,76,72,0.5135,0.45796783625730997,0.4927012432636372,1.0,0.0,,0.5135135135135135,0.2659318623310811
leaky_model,dummy,sigmoid,all_patients,All patients (as sampled),128,72,0.64,0.47227647569444453,0.6255828458454166,1.0,0.0,,0.64,0.23047785338932422
leaky_model,dummy,sigmoid,early_ckd_only,Early CKD (s1-s2) vs non-CKD,21,72,0.2258,0.49933862433862436,0.23657150551374104,1.0,0.0,,0.22580645161290322,0.34544358167906003
leaky_model,dummy,sigmoid,moderate_ckd_only,Moderate CKD (s3) vs non-CKD,31,72,0.301,0.4890232974910394,0.30642144407831534,1.0,0.0,,0.30097087378640774,0.3245749416457691
leaky_model,dummy,sigmoid,advanced_ckd_only,Advanced CKD (s4-s5) vs non-CKD,76,72,0.5135,0.45796783625730997,0.4927012432636372,1.0,0.0,,0.5135135135135135,0.2656187525260771
leaky_model,ebm,isotonic,all_patients,All patients (as sampled),128,72,0.64,1.0,1.0,1.0,1.0,1.0,1.0,1.244548138553042e-05
leaky_model,ebm,isotonic,early_ckd_only,Early CKD (s1-s2) vs non-CKD,21,72,0.2258,1.0,1.0,1.0,1.0,1.0,1.0,2.603180006840848e-05
leaky_model,ebm,isotonic,moderate_ckd_only,Moderate CKD (s3) vs non-CKD,31,72,0.301,1.0,1.0,1.0,1.0,1.0,1.0,7.24790586773837e-06
leaky_model,ebm,isotonic,advanced_ckd_only,Advanced CKD (s4-s5) vs non-CKD,76,72,0.5135,1.0,1.0,1.0,1.0,1.0,1.0,5.472160153740706e-06
leaky_model,ebm,none,all_patients,All patients (as sampled),128,72,0.64,1.0,1.0,1.0,1.0,1.0,1.0,1.2670214149080504e-11
leaky_model,ebm,none,early_ckd_only,Early CKD (s1-s2) vs non-CKD,21,72,0.2258,1.0,1.0000000000000002,1.0,1.0,1.0,1.0,2.5157481701000375e-11
leaky_model,ebm,none,moderate_ckd_only,Moderate CKD (s3) vs non-CKD,31,72,0.301,1.0,0.9999999999999998,1.0,1.0,1.0,1.0,5.692475083021508e-12
leaky_model,ebm,none,advanced_ckd_only,Advanced CKD (s4-s5) vs non-CKD,76,72,0.5135,1.0,1.0000000000000002,1.0,1.0,1.0,1.0,4.8934814270300994e-12
leaky_model,ebm,sigmoid,all_patients,All patients (as sampled),128,72,0.64,1.0,1.0,1.0,1.0,1.0,1.0,0.0028225274360249835
leaky_model,ebm,sigmoid,early_ckd_only,Early CKD (s1-s2) vs non-CKD,21,72,0.2258,1.0,1.0000000000000002,1.0,1.0,1.0,1.0,0.004455400511162534
leaky_model,ebm,sigmoid,moderate_ckd_only,Moderate CKD (s3) vs non-CKD,31,72,0.301,1.0,0.9999999999999998,1.0,1.0,1.0,1.0,0.003518563026179909
leaky_model,ebm,sigmoid,advanced_ckd_only,Advanced CKD (s4-s5) vs non-CKD,76,72,0.5135,1.0,1.0000000000000002,1.0,1.0,1.0,1.0,0.0027400523346673266
leaky_model,logreg,isotonic,all_patients,All patients (as sampled),128,72,0.64,0.9996744791666667,0.9998210877862596,0.9921875,1.0,0.9863013698630136,1.0,0.005157004675194719
leaky_model,logreg,isotonic,early_ckd_only,Early CKD (s1-s2) vs non-CKD,21,72,0.2258,0.998015873015873,0.9940476190476191,0.9523809523809523,1.0,0.9863013698630136,1.0,0.011047325837060884
leaky_model,logreg,isotonic,moderate_ckd_only,Moderate CKD (s3) vs non-CKD,31,72,0.301,1.0,1.0,1.0,1.0,1.0,1.0,0.0024674063019980157
leaky_model,logreg,isotonic,advanced_ckd_only,Advanced CKD (s4-s5) vs non-CKD,76,72,0.5135,1.0,1.0,1.0,1.0,1.0,1.0,0.0017438338725374793
leaky_model,logreg,none,all_patients,All patients (as sampled),128,72,0.64,1.0,1.0,0.9296875,1.0,0.8888888888888888,1.0,0.06023484408433759
leaky_model,logreg,none,early_ckd_only,Early CKD (s1-s2) vs non-CKD,21,72,0.2258,1.0,1.0000000000000002,0.6190476190476191,1.0,0.9,1.0,0.0655057424159476
leaky_model,logreg,none,moderate_ckd_only,Moderate CKD (s3) vs non-CKD,31,72,0.301,1.0,0.9999999999999998,1.0,1.0,1.0,1.0,0.03729514820625717
leaky_model,logreg,none,advanced_ckd_only,Advanced CKD (s4-s5) vs non-CKD,76,72,0.5135,1.0,1.0000000000000002,0.9868421052631579,1.0,0.9863013698630136,1.0,0.037253258869657566
leaky_model,logreg,sigmoid,all_patients,All patients (as sampled),128,72,0.64,0.9998914930555556,0.9999394379844961,0.9921875,1.0,0.9863013698630136,1.0,0.014013988620778272
leaky_model,logreg,sigmoid,early_ckd_only,Early CKD (s1-s2) vs non-CKD,21,72,0.2258,0.9993386243386244,0.9978354978354982,0.9523809523809523,1.0,0.9863013698630136,1.0,0.02672793842921117
leaky_model,logreg,sigmoid,moderate_ckd_only,Moderate CKD (s3) vs non-CKD,31,72,0.301,1.0,0.9999999999999998,1.0,1.0,1.0,1.0,0.011402939772147824
leaky_model,logreg,sigmoid,advanced_ckd_only,Advanced CKD (s4-s5) vs non-CKD,76,72,0.5135,1.0,1.0000000000000002,1.0,1.0,1.0,1.0,0.008858340625720574
leaky_model,random_forest,isotonic,all_patients,All patients (as sampled),128,72,0.64,1.0,1.0,1.0,1.0,1.0,1.0,0.0005014579500845067
leaky_model,random_forest,isotonic,early_ckd_only,Early CKD (s1-s2) vs non-CKD,21,72,0.2258,1.0,1.0,1.0,1.0,1.0,1.0,0.0010640563591610142
leaky_model,random_forest,isotonic,moderate_ckd_only,Moderate CKD (s3) vs non-CKD,31,72,0.301,1.0,1.0,1.0,1.0,1.0,1.0,0.00047081676800787565
leaky_model,random_forest,isotonic,advanced_ckd_only,Advanced CKD (s4-s5) vs non-CKD,76,72,0.5135,1.0,1.0,1.0,1.0,1.0,1.0,0.00033667888999823107
leaky_model,random_forest,none,all_patients,All patients (as sampled),128,72,0.64,1.0,1.0,1.0,1.0,1.0,1.0,0.007189421551865822
leaky_model,random_forest,none,early_ckd_only,Early CKD (s1-s2) vs non-CKD,21,72,0.2258,1.0,1.0000000000000002,1.0,1.0,1.0,1.0,0.013540041277937093
leaky_model,random_forest,none,moderate_ckd_only,Moderate CKD (s3) vs non-CKD,31,72,0.301,1.0,0.9999999999999998,1.0,1.0,1.0,1.0,0.006699381935814704
leaky_model,random_forest,none,advanced_ckd_only,Advanced CKD (s4-s5) vs non-CKD,76,72,0.5135,1.0,1.0000000000000002,1.0,1.0,1.0,1.0,0.00554318651333542
leaky_model,random_forest,sigmoid,all_patients,All patients (as sampled),128,72,0.64,1.0,1.0,1.0,1.0,1.0,1.0,0.00434883825170284
leaky_model,random_forest,sigmoid,early_ckd_only,Early CKD (s1-s2) vs non-CKD,21,72,0.2258,1.0,1.0000000000000002,1.0,1.0,1.0,1.0,0.007994208421513025
leaky_model,random_forest,sigmoid,moderate_ckd_only,Moderate CKD (s3) vs non-CKD,31,72,0.301,1.0,0.9999999999999998,1.0,1.0,1.0,1.0,0.005401227923459091
leaky_model,random_forest,sigmoid,advanced_ckd_only,Advanced CKD (s4-s5) vs non-CKD,76,72,0.5135,1.0,1.0000000000000002,1.0,1.0,1.0,1.0,0.004216928123109807
leaky_model,svm,isotonic,all_patients,All patients (as sampled),128,72,0.64,1.0,1.0,1.0,1.0,1.0,1.0,0.002326458089969031
leaky_model,svm,isotonic,early_ckd_only,Early CKD (s1-s2) vs non-CKD,21,72,0.2258,1.0,1.0,1.0,1.0,1.0,1.0,0.004985290936978374
leaky_model,svm,isotonic,moderate_ckd_only,Moderate CKD (s3) vs non-CKD,31,72,0.301,1.0,1.0,1.0,1.0,1.0,1.0,0.0018871138389874287
leaky_model,svm,isotonic,advanced_ckd_only,Advanced CKD (s4-s5) vs non-CKD,76,72,0.5135,1.0,1.0,1.0,1.0,1.0,1.0,0.0013244073431091699
leaky_model,svm,none,all_patients,All patients (as sampled),128,72,0.64,1.0,1.0,1.0,1.0,1.0,1.0,0.0025132490674016107
leaky_model,svm,none,early_ckd_only,Early CKD (s1-s2) vs non-CKD,21,72,0.2258,1.0,1.0000000000000002,1.0,1.0,1.0,1.0,0.005301997421348052
leaky_model,svm,none,moderate_ckd_only,Moderate CKD (s3) vs non-CKD,31,72,0.301,1.0,0.9999999999999998,1.0,1.0,1.0,1.0,0.002075478146164721
leaky_model,svm,none,advanced_ckd_only,Advanced CKD (s4-s5) vs non-CKD,76,72,0.5135,1.0,1.0000000000000002,1.0,1.0,1.0,1.0,0.001495776989893931
leaky_model,svm,sigmoid,all_patients,All patients (as sampled),128,72,0.64,1.0,1.0,1.0,1.0,1.0,1.0,0.007691185300450546
leaky_model,svm,sigmoid,early_ckd_only,Early CKD (s1-s2) vs non-CKD,21,72,0.2258,1.0,1.0000000000000002,1.0,1.0,1.0,1.0,0.01501816379988412
leaky_model,svm,sigmoid,moderate_ckd_only,Moderate CKD (s3) vs non-CKD,31,72,0.301,1.0,0.9999999999999998,1.0,1.0,1.0,1.0,0.007833117229354673
leaky_model,svm,sigmoid,advanced_ckd_only,Advanced CKD (s4-s5) vs non-CKD,76,72,0.5135,1.0,1.0000000000000002,1.0,1.0,1.0,1.0,0.005928392659651737
leaky_model,xgboost,isotonic,all_patients,All patients (as sampled),128,72,0.64,1.0,1.0,1.0,1.0,1.0,1.0,1.1534869717800011e-05
leaky_model,xgboost,isotonic,early_ckd_only,Early CKD (s1-s2) vs non-CKD,21,72,0.2258,1.0,1.0,1.0,1.0,1.0,1.0,2.4640725932021083e-05
leaky_model,xgboost,isotonic,moderate_ckd_only,Moderate CKD (s3) vs non-CKD,31,72,0.301,1.0,1.0,1.0,1.0,1.0,1.0,2.0396443287407255e-05
leaky_model,xgboost,isotonic,advanced_ckd_only,Advanced CKD (s4-s5) vs non-CKD,76,72,0.5135,1.0,1.0,1.0,1.0,1.0,1.0,1.42972849095246e-05
leaky_model,xgboost,none,all_patients,All patients (as sampled),128,72,0.64,1.0,1.0,1.0,1.0,1.0,1.0,0.0003138085693180922
leaky_model,xgboost,none,early_ckd_only,Early CKD (s1-s2) vs non-CKD,21,72,0.2258,1.0,1.0000000000000002,1.0,1.0,1.0,1.0,0.000543378438453776
leaky_model,xgboost,none,moderate_ckd_only,Moderate CKD (s3) vs non-CKD,31,72,0.301,1.0,0.9999999999999998,1.0,1.0,1.0,1.0,0.0004377418791390783
leaky_model,xgboost,none,advanced_ckd_only,Advanced CKD (s4-s5) vs non-CKD,76,72,0.5135,1.0,1.0,1.0,1.0,1.0,1.0,0.000346277802155845
leaky_model,xgboost,sigmoid,all_patients,All patients (as sampled),128,72,0.64,1.0,1.0,1.0,1.0,1.0,1.0,0.002210853630489705
leaky_model,xgboost,sigmoid,early_ckd_only,Early CKD (s1-s2) vs non-CKD,21,72,0.2258,1.0,1.0000000000000002,1.0,1.0,1.0,1.0,0.0032766403937247645
leaky_model,xgboost,sigmoid,moderate_ckd_only,Moderate CKD (s3) vs non-CKD,31,72,0.301,1.0,0.9999999999999998,1.0,1.0,1.0,1.0,0.003039937592451123
leaky_model,xgboost,sigmoid,advanced_ckd_only,Advanced CKD (s4-s5) vs non-CKD,76,72,0.5135,1.0,1.0000000000000002,1.0,1.0,1.0,1.0,0.0025102833461853294
low_cost_model,dummy,isotonic,all_patients,All patients (as sampled),128,72,0.64,0.47227647569444453,0.6255828458454166,1.0,0.0,,0.64,0.230477109375
low_cost_model,dummy,isotonic,early_ckd_only,Early CKD (s1-s2) vs non-CKD,21,72,0.2258,0.49933862433862436,0.23657150551374104,1.0,0.0,,0.22580645161290322,0.34646987567204296
low_cost_model,dummy,isotonic,moderate_ckd_only,Moderate CKD (s3) vs non-CKD,31,72,0.301,0.4890232974910394,0.30642144407831534,1.0,0.0,,0.30097087378640774,0.3254148209951456
low_cost_model,dummy,isotonic,advanced_ckd_only,Advanced CKD (s4-s5) vs non-CKD,76,72,0.5135,0.45796783625730997,0.4927012432636372,1.0,0.0,,0.5135135135135135,0.2659318623310811
low_cost_model,dummy,none,all_patients,All patients (as sampled),128,72,0.64,0.47227647569444453,0.6255828458454166,1.0,0.0,,0.64,0.230477109375
low_cost_model,dummy,none,early_ckd_only,Early CKD (s1-s2) vs non-CKD,21,72,0.2258,0.49933862433862436,0.23657150551374104,1.0,0.0,,0.22580645161290322,0.34646987567204296
low_cost_model,dummy,none,moderate_ckd_only,Moderate CKD (s3) vs non-CKD,31,72,0.301,0.4890232974910394,0.30642144407831534,1.0,0.0,,0.30097087378640774,0.3254148209951456
low_cost_model,dummy,none,advanced_ckd_only,Advanced CKD (s4-s5) vs non-CKD,76,72,0.5135,0.45796783625730997,0.4927012432636372,1.0,0.0,,0.5135135135135135,0.2659318623310811
low_cost_model,dummy,sigmoid,all_patients,All patients (as sampled),128,72,0.64,0.47227647569444453,0.6255828458454166,1.0,0.0,,0.64,0.23047785338932422
low_cost_model,dummy,sigmoid,early_ckd_only,Early CKD (s1-s2) vs non-CKD,21,72,0.2258,0.49933862433862436,0.23657150551374104,1.0,0.0,,0.22580645161290322,0.34544358167906003
low_cost_model,dummy,sigmoid,moderate_ckd_only,Moderate CKD (s3) vs non-CKD,31,72,0.301,0.4890232974910394,0.30642144407831534,1.0,0.0,,0.30097087378640774,0.3245749416457691
low_cost_model,dummy,sigmoid,advanced_ckd_only,Advanced CKD (s4-s5) vs non-CKD,76,72,0.5135,0.45796783625730997,0.4927012432636372,1.0,0.0,,0.5135135135135135,0.2656187525260771
low_cost_model,ebm,isotonic,all_patients,All patients (as sampled),128,72,0.64,0.9866536458333334,0.9941236825017332,0.9609375,0.9861111111111112,0.9342105263157895,0.9919354838709677,0.02758784089029255
low_cost_model,ebm,isotonic,early_ckd_only,Early CKD (s1-s2) vs non-CKD,21,72,0.2258,0.9464285714285714,0.940336387490859,0.9047619047619048,0.9861111111111112,0.9726027397260274,0.95,0.03269383032480721
low_cost_model,ebm,isotonic,moderate_ckd_only,Moderate CKD (s3) vs non-CKD,31,72,0.301,0.9955197132616487,0.99213217938631,0.967741935483871,0.9861111111111112,0.9861111111111112,0.967741935483871,0.01817537404663038
low_cost_model,ebm,isotonic,advanced_ckd_only,Advanced CKD (s4-s5) vs non-CKD,76,72,0.5135,0.9941520467836257,0.9956713679623896,0.9736842105263158,0.9861111111111112,0.9726027397260274,0.9866666666666667,0.020258198150543714
low_cost_model,ebm,none,all_patients,All patients (as sampled),128,72,0.64,0.9875217013888888,0.9942100789481751,0.9609375,1.0,0.935064935064935,1.0,0.026958400650449344
low_cost_model,ebm,none,early_ckd_only,Early CKD (s1-s2) vs non-CKD,21,72,0.2258,0.9623015873015872,0.9490065490065493,0.9047619047619048,1.0,0.972972972972973,1.0,0.026223371074001744
low_cost_model,ebm,none,moderate_ckd_only,Moderate CKD (s3) vs non-CKD,31,72,0.301,0.9937275985663083,0.9899641577060929,0.967741935483871,1.0,0.9863013698630136,1.0,0.015238738299918151
low_cost_model,ebm,none,advanced_ckd_only,Advanced CKD (s4-s5) vs non-CKD,76,72,0.5135,0.9919590643274854,0.994244119751375,0.9736842105263158,1.0,0.972972972972973,1.0,0.01837956499390342
low_cost_model,ebm,sigmoid,all_patients,All patients (as sampled),128,72,0.64,0.9880642361111112,0.9943782287864182,0.953125,1.0,0.9230769230769231,1.0,0.04356734112725711
low_cost_model,ebm,sigmoid,early_ckd_only,Early CKD (s1-s2) vs non-CKD,21,72,0.2258,0.9623015873015872,0.9478458049886624,0.9047619047619048,1.0,0.972972972972973,1.0,0.051512281532516774
low_cost_model,ebm,sigmoid,moderate_ckd_only,Moderate CKD (s3) vs non-CKD,31,72,0.301,0.992831541218638,0.9890185312285515,0.967741935483871,1.0,0.9863013698630136,1.0,0.03583851728954239
low_cost_model,ebm,sigmoid,advanced_ckd_only,Advanced CKD (s4-s5) vs non-CKD,76,72,0.5135,0.9932383040935673,0.9949282133295,0.9605263157894737,1.0,0.96,1.0,0.040216571618033034
low_cost_model,logreg,isotonic,all_patients,All patients (as sampled),128,72,0.64,0.9837239583333333,0.9925085766328406,0.953125,1.0,0.9230769230769231,1.0,0.02791771612809397
low_cost_model,logreg,isotonic,early_ckd_only,Early CKD (s1-s2) vs non-CKD,21,72,0.2258,0.9424603174603174,0.9169491525423729,0.8571428571428571,1.0,0.96,1.0,0.03364014282492127
low_cost_model,logreg,isotonic,moderate_ckd_only,Moderate CKD (s3) vs non-CKD,31,72,0.301,0.9991039426523297,0.9980449657869013,0.967741935483871,1.0,0.9863013698630136,1.0,0.011369268831863994
low_cost_model,logreg,isotonic,advanced_ckd_only,Advanced CKD (s4-s5) vs non-CKD,76,72,0.5135,0.9888523391812865,0.992450042217844,0.9736842105263158,1.0,0.972972972972973,1.0,0.015402907024455497
low_cost_model,logreg,none,all_patients,All patients (as sampled),128,72,0.64,0.9888237847222222,0.9949290458527814,0.9375,1.0,0.9,1.0,0.04123905554748629
low_cost_model,logreg,none,early_ckd_only,Early CKD (s1-s2) vs non-CKD,21,72,0.2258,0.9623015873015873,0.949992879599505,0.8571428571428571,1.0,0.96,1.0,0.04140948531238769
low_cost_model,logreg,none,moderate_ckd_only,Moderate CKD (s3) vs non-CKD,31,72,0.301,0.9968637992831542,0.994057724957555,0.967741935483871,1.0,0.9863013698630136,1.0,0.020425826132210657
low_cost_model,logreg,none,advanced_ckd_only,Advanced CKD (s4-s5) vs non-CKD,76,72,0.5135,0.9928728070175439,0.9949781296058575,0.9473684210526315,1.0,0.9473684210526315,1.0,0.030457152291986863
low_cost_model,logreg,sigmoid,all_patients,All patients (as sampled),128,72,0.64,0.9814453125,0.9916152570209036,0.953125,1.0,0.9230769230769231,1.0,0.04162248603578794
low_cost_model,logreg,sigmoid,early_ckd_only,Early CKD (s1-s2) vs non-CKD,21,72,0.2258,0.9305555555555556,0.9090995211684869,0.8571428571428571,1.0,0.96,1.0,0.05234405004707103
low_cost_model,logreg,sigmoid,moderate_ckd_only,Moderate CKD (s3) vs non-CKD,31,72,0.301,0.9986559139784946,0.9971537001897531,0.967741935483871,1.0,0.9863013698630136,1.0,0.032042771414901784
low_cost_model,logreg,sigmoid,advanced_ckd_only,Advanced CKD (s4-s5) vs non-CKD,76,72,0.5135,0.9884868421052632,0.9923044819619364,0.9736842105263158,1.0,0.972972972972973,1.0,0.03413010718105046
low_cost_model,random_forest,isotonic,all_patients,All patients (as sampled),128,72,0.64,0.9900173611111112,0.9952759603153014,0.96875,1.0,0.9473684210526315,1.0,0.02353069775032229
low_cost_model,random_forest,isotonic,early_ckd_only,Early CKD (s1-s2) vs non-CKD,21,72,0.2258,0.9675925925925926,0.948789772319184,0.9047619047619048,1.0,0.972972972972973,1.0,0.02962615178611789
low_cost_model,random_forest,isotonic,moderate_ckd_only,Moderate CKD (s3) vs non-CKD,31,72,0.301,1.0,1.0,1.0,1.0,1.0,1.0,0.009052503728593739
low_cost_model,random_forest,isotonic,advanced_ckd_only,Advanced CKD (s4-s5) vs non-CKD,76,72,0.5135,0.9921418128654971,0.9943730176230134,0.9736842105263158,1.0,0.972972972972973,1.0,0.019147450040723143
low_cost_model,random_forest,none,all_patients,All patients (as sampled),128,72,0.64,0.9920789930555556,0.9962370596629181,0.9609375,1.0,0.935064935064935,1.0,0.0300754227346847
low_cost_model,random_forest,none,early_ckd_only,Early CKD (s1-s2) vs non-CKD,21,72,0.2258,0.9649470899470899,0.9489219416580195,0.9047619047619048,1.0,0.972972972972973,1.0,0.03269111973187939
low_cost_model,random_forest,none,moderate_ckd_only,Moderate CKD (s3) vs non-CKD,31,72,0.301,1.0,0.9999999999999998,1.0,1.0,1.0,1.0,0.01399048530073847
low_cost_model,random_forest,none,advanced_ckd_only,Advanced CKD (s4-s5) vs non-CKD,76,72,0.5135,0.9963450292397661,0.9969375108087853,0.9605263157894737,1.0,0.96,1.0,0.025302967000570758
low_cost_model,random_forest,sigmoid,all_patients,All patients (as sampled),128,72,0.64,0.9888237847222222,0.9947839668588261,0.96875,1.0,0.9473684210526315,1.0,0.02631655662416416
low_cost_model,random_forest,sigmoid,early_ckd_only,Early CKD (s1-s2) vs non-CKD,21,72,0.2258,0.9583333333333334,0.9427072178196618,0.9047619047619048,1.0,0.972972972972973,1.0,0.032585342080987366
low_cost_model,random_forest,sigmoid,moderate_ckd_only,Moderate CKD (s3) vs non-CKD,31,72,0.301,1.0,0.9999999999999998,1.0,1.0,1.0,1.0,0.014295523262529891
low_cost_model,random_forest,sigmoid,advanced_ckd_only,Advanced CKD (s4-s5) vs non-CKD,76,72,0.5135,0.9926900584795322,0.9945286292654715,0.9736842105263158,1.0,0.972972972972973,1.0,0.02294997734265457
low_cost_model,svm,isotonic,all_patients,All patients (as sampled),128,72,0.64,0.9932725694444445,0.9967742437956668,0.96875,1.0,0.9473684210526315,1.0,0.019172094992059966
low_cost_model,svm,isotonic,early_ckd_only,Early CKD (s1-s2) vs non-CKD,21,72,0.2258,0.9834656084656085,0.9640552995391705,0.9047619047619048,1.0,0.972972972972973,1.0,0.024197987166198046
low_cost_model,svm,isotonic,moderate_ckd_only,Moderate CKD (s3) vs non-CKD,31,72,0.301,1.0,1.0,1.0,1.0,1.0,1.0,0.006977741039635541
low_cost_model,svm,isotonic,advanced_ckd_only,Advanced CKD (s4-s5) vs non-CKD,76,72,0.5135,0.9932383040935673,0.9954269414795731,0.9736842105263158,1.0,0.972972972972973,1.0,0.014146942172449144
low_cost_model,svm,none,all_patients,All patients (as sampled),128,72,0.64,0.9908854166666667,0.9957508402085797,0.96875,1.0,0.9473684210526315,1.0,0.021044378973145726
low_cost_model,svm,none,early_ckd_only,Early CKD (s1-s2) vs non-CKD,21,72,0.2258,0.9708994708994709,0.9533917340521116,0.9047619047619048,1.0,0.972972972972973,1.0,0.02575590138410131
low_cost_model,svm,none,moderate_ckd_only,Moderate CKD (s3) vs non-CKD,31,72,0.301,1.0,0.9999999999999998,1.0,1.0,1.0,1.0,0.008519701014585187
low_cost_model,svm,none,advanced_ckd_only,Advanced CKD (s4-s5) vs non-CKD,76,72,0.5135,0.9926900584795322,0.9949583554846714,0.9736842105263158,1.0,0.972972972972973,1.0,0.016040459043749677
low_cost_model,svm,sigmoid,all_patients,All patients (as sampled),128,72,0.64,0.9906684027777778,0.9956684115118974,0.96875,1.0,0.9473684210526315,1.0,0.02849605317861963
low_cost_model,svm,sigmoid,early_ckd_only,Early CKD (s1-s2) vs non-CKD,21,72,0.2258,0.9695767195767195,0.9516410337719996,0.9047619047619048,1.0,0.972972972972973,1.0,0.03642412251400787
low_cost_model,svm,sigmoid,moderate_ckd_only,Moderate CKD (s3) vs non-CKD,31,72,0.301,1.0,0.9999999999999998,1.0,1.0,1.0,1.0,0.019794438635156716
low_cost_model,svm,sigmoid,advanced_ckd_only,Advanced CKD (s4-s5) vs non-CKD,76,72,0.5135,0.9926900584795321,0.9950287458511143,0.9736842105263158,1.0,0.972972972972973,1.0,0.024291080822980718
low_cost_model,xgboost,isotonic,all_patients,All patients (as sampled),128,72,0.64,0.9869791666666666,0.9937285029035139,0.953125,0.9861111111111112,0.922077922077922,0.991869918699187,0.030515981485741608
low_cost_model,xgboost,isotonic,early_ckd_only,Early CKD (s1-s2) vs non-CKD,21,72,0.2258,0.968915343915344,0.9501097736391855,0.9047619047619048,0.9861111111111112,0.9726027397260274,0.95,0.03164963403075985
low_cost_model,xgboost,isotonic,moderate_ckd_only,Moderate CKD (s3) vs non-CKD,31,72,0.301,0.9982078853046594,0.9963133640552996,0.967741935483871,0.9861111111111112,0.9861111111111112,0.967741935483871,0.01824762057515584
low_cost_model,xgboost,isotonic,advanced_ckd_only,Advanced CKD (s4-s5) vs non-CKD,76,72,0.5135,0.987390350877193,0.9907962796128058,0.9605263157894737,0.9861111111111112,0.9594594594594594,0.9864864864864865,0.026554212669787323
low_cost_model,xgboost,none,all_patients,All patients (as sampled),128,72,0.64,0.9860026041666667,0.9932744103246076,0.953125,1.0,0.9230769230769231,1.0,0.03533139748303198
low_cost_model,xgboost,none,early_ckd_only,Early CKD (s1-s2) vs non-CKD,21,72,0.2258,0.966931216931217,0.9479907084785135,0.9047619047619048,1.0,0.972972972972973,1.0,0.03532933531854311
low_cost_model,xgboost,none,moderate_ckd_only,Moderate CKD (s3) vs non-CKD,31,72,0.301,0.9973118279569892,0.9947689625108977,0.967741935483871,1.0,0.9863013698630136,1.0,0.022008295599228577
low_cost_model,xgboost,none,advanced_ckd_only,Advanced CKD (s4-s5) vs non-CKD,76,72,0.5135,0.9866593567251462,0.9903502587508224,0.9605263157894737,1.0,0.96,1.0,0.031715538014794514
low_cost_model,xgboost,sigmoid,all_patients,All patients (as sampled),128,72,0.64,0.9860026041666667,0.9933147653451131,0.953125,1.0,0.9230769230769231,1.0,0.03439543373829099
low_cost_model,xgboost,sigmoid,early_ckd_only,Early CKD (s1-s2) vs non-CKD,21,72,0.2258,0.9675925925925926,0.9490553306342782,0.9047619047619048,1.0,0.972972972972973,1.0,0.03798155257806077
low_cost_model,xgboost,sigmoid,moderate_ckd_only,Moderate CKD (s3) vs non-CKD,31,72,0.301,0.9977598566308244,0.9955197132616486,0.967741935483871,1.0,0.9863013698630136,1.0,0.02535531675550041
low_cost_model,xgboost,sigmoid,advanced_ckd_only,Advanced CKD (s4-s5) vs non-CKD,76,72,0.5135,0.9862938596491228,0.9901776876062145,0.9605263157894737,1.0,0.96,1.0,0.03204956764134039
low_cost_plus_urine_micro_model,dummy,isotonic,all_patients,All patients (as sampled),128,72,0.64,0.47227647569444453,0.6255828458454166,1.0,0.0,,0.64,0.230477109375
low_cost_plus_urine_micro_model,dummy,isotonic,early_ckd_only,Early CKD (s1-s2) vs non-CKD,21,72,0.2258,0.49933862433862436,0.23657150551374104,1.0,0.0,,0.22580645161290322,0.34646987567204296
low_cost_plus_urine_micro_model,dummy,isotonic,moderate_ckd_only,Moderate CKD (s3) vs non-CKD,31,72,0.301,0.4890232974910394,0.30642144407831534,1.0,0.0,,0.30097087378640774,0.3254148209951456
low_cost_plus_urine_micro_model,dummy,isotonic,advanced_ckd_only,Advanced CKD (s4-s5) vs non-CKD,76,72,0.5135,0.45796783625730997,0.4927012432636372,1.0,0.0,,0.5135135135135135,0.2659318623310811
low_cost_plus_urine_micro_model,dummy,none,all_patients,All patients (as sampled),128,72,0.64,0.47227647569444453,0.6255828458454166,1.0,0.0,,0.64,0.230477109375
low_cost_plus_urine_micro_model,dummy,none,early_ckd_only,Early CKD (s1-s2) vs non-CKD,21,72,0.2258,0.49933862433862436,0.23657150551374104,1.0,0.0,,0.22580645161290322,0.34646987567204296
low_cost_plus_urine_micro_model,dummy,none,moderate_ckd_only,Moderate CKD (s3) vs non-CKD,31,72,0.301,0.4890232974910394,0.30642144407831534,1.0,0.0,,0.30097087378640774,0.3254148209951456
low_cost_plus_urine_micro_model,dummy,none,advanced_ckd_only,Advanced CKD (s4-s5) vs non-CKD,76,72,0.5135,0.45796783625730997,0.4927012432636372,1.0,0.0,,0.5135135135135135,0.2659318623310811
low_cost_plus_urine_micro_model,dummy,sigmoid,all_patients,All patients (as sampled),128,72,0.64,0.47227647569444453,0.6255828458454166,1.0,0.0,,0.64,0.23047785338932422
low_cost_plus_urine_micro_model,dummy,sigmoid,early_ckd_only,Early CKD (s1-s2) vs non-CKD,21,72,0.2258,0.49933862433862436,0.23657150551374104,1.0,0.0,,0.22580645161290322,0.34544358167906003
low_cost_plus_urine_micro_model,dummy,sigmoid,moderate_ckd_only,Moderate CKD (s3) vs non-CKD,31,72,0.301,0.4890232974910394,0.30642144407831534,1.0,0.0,,0.30097087378640774,0.3245749416457691
low_cost_plus_urine_micro_model,dummy,sigmoid,advanced_ckd_only,Advanced CKD (s4-s5) vs non-CKD,76,72,0.5135,0.45796783625730997,0.4927012432636372,1.0,0.0,,0.5135135135135135,0.2656187525260771
low_cost_plus_urine_micro_model,ebm,isotonic,all_patients,All patients (as sampled),128,72,0.64,0.9876844618055557,0.9945425737385423,0.96875,0.9861111111111112,0.9466666666666667,0.992,0.024775850246177348
low_cost_plus_urine_micro_model,ebm,isotonic,early_ckd_only,Early CKD (s1-s2) vs non-CKD,21,72,0.2258,0.9434523809523809,0.9387433966505564,0.9047619047619048,0.9861111111111112,0.9726027397260274,0.95,0.032712054107257735
low_cost_plus_urine_micro_model,ebm,isotonic,moderate_ckd_only,Moderate CKD (s3) vs non-CKD,31,72,0.301,0.9995519713261649,0.998991935483871,1.0,0.9861111111111112,1.0,0.96875,0.012686216807671763
low_cost_plus_urine_micro_model,ebm,isotonic,advanced_ckd_only,Advanced CKD (s4-s5) vs non-CKD,76,72,0.5135,0.9950657894736842,0.9961767247442777,0.9736842105263158,0.9861111111111112,0.9726027397260274,0.9866666666666667,0.019045266025477715
low_cost_plus_urine_micro_model,ebm,none,all_patients,All patients (as sampled),128,72,0.64,0.9895833333333334,0.9952162705503611,0.9609375,1.0,0.935064935064935,1.0,0.02372192900242871
low_cost_plus_urine_micro_model,ebm,none,early_ckd_only,Early CKD (s1-s2) vs non-CKD,21,72,0.2258,0.9616402116402116,0.9487734487734489,0.9047619047619048,1.0,0.972972972972973,1.0,0.02668789414508402
low_cost_plus_urine_micro_model,ebm,none,moderate_ckd_only,Moderate CKD (s3) vs non-CKD,31,72,0.301,1.0,0.9999999999999998,0.967741935483871,1.0,0.9863013698630136,1.0,0.009822020524993359
low_cost_plus_urine_micro_model,ebm,none,advanced_ckd_only,Advanced CKD (s4-s5) vs non-CKD,76,72,0.5135,0.9930555555555556,0.9947993154578616,0.9736842105263158,1.0,0.972972972972973,1.0,0.01755488215022848
low_cost_plus_urine_micro_model,ebm,sigmoid,all_patients,All patients (as sampled),128,72,0.64,0.9898003472222222,0.9952610539206677,0.953125,1.0,0.9230769230769231,1.0,0.04285976909154317
low_cost_plus_urine_micro_model,ebm,sigmoid,early_ckd_only,Early CKD (s1-s2) vs non-CKD,21,72,0.2258,0.9623015873015872,0.9478458049886624,0.9047619047619048,1.0,0.972972972972973,1.0,0.05326430838373733
low_cost_plus_urine_micro_model,ebm,sigmoid,moderate_ckd_only,Moderate CKD (s3) vs non-CKD,31,72,0.301,1.0,0.9999999999999998,0.967741935483871,1.0,0.9863013698630136,1.0,0.03393686288010041
low_cost_plus_urine_micro_model,ebm,sigmoid,advanced_ckd_only,Advanced CKD (s4-s5) vs non-CKD,76,72,0.5135,0.9932383040935673,0.9948983253588518,0.9605263157894737,1.0,0.96,1.0,0.03974302551380432
low_cost_plus_urine_micro_model,logreg,isotonic,all_patients,All patients (as sampled),128,72,0.64,0.9841579861111112,0.9926765119781109,0.953125,1.0,0.9230769230769231,1.0,0.026086956755218726
low_cost_plus_urine_micro_model,logreg,isotonic,early_ckd_only,Early CKD (s1-s2) vs non-CKD,21,72,0.2258,0.9404761904761904,0.9144316200919974,0.8571428571428571,1.0,0.96,1.0,0.03302498957207439
low_cost_plus_urine_micro_model,logreg,isotonic,moderate_ckd_only,Moderate CKD (s3) vs non-CKD,31,72,0.301,1.0,1.0,0.967741935483871,1.0,0.9863013698630136,1.0,0.008193091564983226
low_cost_plus_urine_micro_model,logreg,isotonic,advanced_ckd_only,Advanced CKD (s4-s5) vs non-CKD,76,72,0.5135,0.989766081871345,0.9929283398535658,0.9736842105263158,1.0,0.972972972972973,1.0,0.01490943307683402
low_cost_plus_urine_micro_model,logreg,none,all_patients,All patients (as sampled),128,72,0.64,0.9868706597222222,0.9938169405166811,0.9140625,1.0,0.8674698795180723,1.0,0.04993816365425865
low_cost_plus_urine_micro_model,logreg,none,early_ckd_only,Early CKD (s1-s2) vs non-CKD,21,72,0.2258,0.9503968253968255,0.9257632488479264,0.8095238095238095,1.0,0.9473684210526315,1.0,0.04796777051551821
low_cost_plus_urine_micro_model,logreg,none,moderate_ckd_only,Moderate CKD (s3) vs non-CKD,31,72,0.301,0.9973118279569892,0.9947689625108977,0.967741935483871,1.0,0.9863013698630136,1.0,0.025699928486508237
low_cost_plus_urine_micro_model,logreg,none,advanced_ckd_only,Advanced CKD (s4-s5) vs non-CKD,76,72,0.5135,0.9926900584795322,0.9946426078458748,0.9210526315789473,1.0,0.9230769230769231,1.0,0.038440382857016835
low_cost_plus_urine_micro_model,logreg,sigmoid,all_patients,All patients (as sampled),128,72,0.64,0.981662326388889,0.9917521486615528,0.953125,1.0,0.9230769230769231,1.0,0.04244520757560622
low_cost_plus_urine_micro_model,logreg,sigmoid,early_ckd_only,Early CKD (s1-s2) vs non-CKD,21,72,0.2258,0.9325396825396826,0.9100554361229636,0.8571428571428571,1.0,0.96,1.0,0.05387418220202141
low_cost_plus_urine_micro_model,logreg,sigmoid,moderate_ckd_only,Moderate CKD (s3) vs non-CKD,31,72,0.301,1.0,0.9999999999999998,0.967741935483871,1.0,0.9863013698630136,1.0,0.03250290311260421
low_cost_plus_urine_micro_model,logreg,sigmoid,advanced_ckd_only,Advanced CKD (s4-s5) vs non-CKD,76,72,0.5135,0.9877558479532164,0.9919450067476384,0.9736842105263158,1.0,0.972972972972973,1.0,0.034995498058180086
low_cost_plus_urine_micro_model,random_forest,isotonic,all_patients,All patients (as sampled),128,72,0.64,0.9906684027777778,0.99559193192691,0.96875,1.0,0.9473684210526315,1.0,0.021850950209804057
low_cost_plus_urine_micro_model,random_forest,isotonic,early_ckd_only,Early CKD (s1-s2) vs non-CKD,21,72,0.2258,0.9662698412698412,0.9486837486837487,0.9047619047619048,1.0,0.972972972972973,1.0,0.027857263025242943
low_cost_plus_urine_micro_model,random_forest,isotonic,moderate_ckd_only,Moderate CKD (s3) vs non-CKD,31,72,0.301,1.0,1.0,1.0,1.0,1.0,1.0,0.007625176800143237
low_cost_plus_urine_micro_model,random_forest,isotonic,advanced_ckd_only,Advanced CKD (s4-s5) vs non-CKD,76,72,0.5135,0.9936038011695906,0.9952826123092267,0.9736842105263158,1.0,0.972972972972973,1.0,0.01729337767750826
low_cost_plus_urine_micro_model,random_forest,none,all_patients,All patients (as sampled),128,72,0.64,0.9918619791666667,0.9961720184420161,0.9609375,1.0,0.935064935064935,1.0,0.03344466806427167
low_cost_plus_urine_micro_model,random_forest,none,early_ckd_only,Early CKD (s1-s2) vs non-CKD,21,72,0.2258,0.9675925925925926,0.9539960698807508,0.9047619047619048,1.0,0.972972972972973,1.0,0.03796949107329119
low_cost_plus_urine_micro_model,random_forest,none,moderate_ckd_only,Moderate CKD (s3) vs non-CKD,31,72,0.301,1.0,0.9999999999999998,1.0,1.0,1.0,1.0,0.018557621424719548
low_cost_plus_urine_micro_model,random_forest,none,advanced_ckd_only,Advanced CKD (s4-s5) vs non-CKD,76,72,0.5135,0.9952485380116959,0.9961850189991107,0.9605263157894737,1.0,0.96,1.0,0.029343110280034137
low_cost_plus_urine_micro_model,random_forest,sigmoid,all_patients,All patients (as sampled),128,72,0.64,0.9909939236111112,0.9956585657999815,0.96875,1.0,0.9473684210526315,1.0,0.026089962691737648
low_cost_plus_urine_micro_model,random_forest,sigmoid,early_ckd_only,Early CKD (s1-s2) vs non-CKD,21,72,0.2258,0.9649470899470899,0.9466684109541255,0.9047619047619048,1.0,0.972972972972973,1.0,0.03269586607154998
low_cost_plus_urine_micro_model,random_forest,sigmoid,moderate_ckd_only,Moderate CKD (s3) vs non-CKD,31,72,0.301,1.0,0.9999999999999998,1.0,1.0,1.0,1.0,0.013649054180577583
low_cost_plus_urine_micro_model,random_forest,sigmoid,advanced_ckd_only,Advanced CKD (s4-s5) vs non-CKD,76,72,0.5135,0.9945175438596491,0.9956510135308948,0.9736842105263158,1.0,0.972972972972973,1.0,0.022715242612310314
low_cost_plus_urine_micro_model,svm,isotonic,all_patients,All patients (as sampled),128,72,0.64,0.9908854166666666,0.9958407073419474,0.9609375,1.0,0.935064935064935,1.0,0.021089959242769015
low_cost_plus_urine_micro_model,svm,isotonic,early_ckd_only,Early CKD (s1-s2) vs non-CKD,21,72,0.2258,0.968915343915344,0.9537493158182813,0.8571428571428571,1.0,0.96,1.0,0.028037695293737536
low_cost_plus_urine_micro_model,svm,isotonic,moderate_ckd_only,Moderate CKD (s3) vs non-CKD,31,72,0.301,1.0,1.0,1.0,1.0,1.0,1.0,0.005101802452950707
low_cost_plus_urine_micro_model,svm,isotonic,advanced_ckd_only,Advanced CKD (s4-s5) vs non-CKD,76,72,0.5135,0.9932383040935673,0.9954269414795731,0.9736842105263158,1.0,0.972972972972973,1.0,0.01404557289264984
low_cost_plus_urine_micro_model,svm,none,all_patients,All patients (as sampled),128,72,0.64,0.990017361111111,0.9955236077691798,0.9609375,1.0,0.935064935064935,1.0,0.023964673655137377
low_cost_plus_urine_micro_model,svm,none,early_ckd_only,Early CKD (s1-s2) vs non-CKD,21,72,0.2258,0.9649470899470899,0.9500153762448846,0.8571428571428571,1.0,0.96,1.0,0.031892324598494684
low_cost_plus_urine_micro_model,svm,none,moderate_ckd_only,Moderate CKD (s3) vs non-CKD,31,72,0.301,1.0,0.9999999999999998,1.0,1.0,1.0,1.0,0.008075283112435801
low_cost_plus_urine_micro_model,svm,none,advanced_ckd_only,Advanced CKD (s4-s5) vs non-CKD,76,72,0.5135,0.9928728070175439,0.9953498992856237,0.9736842105263158,1.0,0.972972972972973,1.0,0.016197593738112637
low_cost_plus_urine_micro_model,svm,sigmoid,all_patients,All patients (as sampled),128,72,0.64,0.989474826388889,0.9953020720598845,0.9609375,1.0,0.935064935064935,1.0,0.03225148626388131
low_cost_plus_urine_micro_model,svm,sigmoid,early_ckd_only,Early CKD (s1-s2) vs non-CKD,21,72,0.2258,0.9629629629629629,0.9467737139458818,0.8571428571428571,1.0,0.96,1.0,0.043111102634831984
low_cost_plus_urine_micro_model,svm,sigmoid,moderate_ckd_only,Moderate CKD (s3) vs non-CKD,31,72,0.301,1.0,0.9999999999999998,1.0,1.0,1.0,1.0,0.020883905261969763
low_cost_plus_urine_micro_model,svm,sigmoid,advanced_ckd_only,Advanced CKD (s4-s5) vs non-CKD,76,72,0.5135,0.9925073099415206,0.9952896647244247,0.9736842105263158,1.0,0.972972972972973,1.0,0.025698522281544678
low_cost_plus_urine_micro_model,xgboost,isotonic,all_patients,All patients (as sampled),128,72,0.64,0.9873046875,0.9938382948534785,0.953125,0.9861111111111112,0.922077922077922,0.991869918699187,0.031018706316020977
low_cost_plus_urine_micro_model,xgboost,isotonic,early_ckd_only,Early CKD (s1-s2) vs non-CKD,21,72,0.2258,0.9728835978835979,0.9540300968872397,0.9047619047619048,0.9861111111111112,0.9726027397260274,0.95,0.03220353088072884
low_cost_plus_urine_micro_model,xgboost,isotonic,moderate_ckd_only,Moderate CKD (s3) vs non-CKD,31,72,0.301,0.9973118279569892,0.994768962510898,0.967741935483871,0.9861111111111112,0.9861111111111112,0.967741935483871,0.01954349633819242
low_cost_plus_urine_micro_model,xgboost,isotonic,advanced_ckd_only,Advanced CKD (s4-s5) vs non-CKD,76,72,0.5135,0.9872076023391814,0.9906579910839424,0.9605263157894737,0.9861111111111112,0.9594594594594594,0.9864864864864865,0.027261374871793125
low_cost_plus_urine_micro_model,xgboost,none,all_patients,All patients (as sampled),128,72,0.64,0.9866536458333333,0.993608721139799,0.953125,1.0,0.9230769230769231,1.0,0.035206279471750354
low_cost_plus_urine_micro_model,xgboost,none,early_ckd_only,Early CKD (s1-s2) vs non-CKD,21,72,0.2258,0.9695767195767195,0.9516410337719996,0.9047619047619048,1.0,0.972972972972973,1.0,0.03483593401611001
low_cost_plus_urine_micro_model,xgboost,none,moderate_ckd_only,Moderate CKD (s3) vs non-CKD,31,72,0.301,0.9977598566308244,0.9955197132616486,0.967741935483871,1.0,0.9863013698630136,1.0,0.021581526888040183
low_cost_plus_urine_micro_model,xgboost,none,advanced_ckd_only,Advanced CKD (s4-s5) vs non-CKD,76,72,0.5135,0.986842105263158,0.9904959383458151,0.9605263157894737,1.0,0.96,1.0,0.03197622305055841
low_cost_plus_urine_micro_model,xgboost,sigmoid,all_patients,All patients (as sampled),128,72,0.64,0.9871961805555556,0.9938464199075286,0.953125,0.9861111111111112,0.922077922077922,0.991869918699187,0.03458798244823592
low_cost_plus_urine_micro_model,xgboost,sigmoid,early_ckd_only,Early CKD (s1-s2) vs non-CKD,21,72,0.2258,0.9735449735449735,0.9561157796451916,0.9047619047619048,0.9861111111111112,0.9726027397260274,0.95,0.038038686581457114
low_cost_plus_urine_micro_model,xgboost,sigmoid,moderate_ckd_only,Moderate CKD (s3) vs non-CKD,31,72,0.301,0.9977598566308244,0.9955197132616486,0.967741935483871,0.9861111111111112,0.9861111111111112,0.967741935483871,0.025875326919874448
low_cost_plus_urine_micro_model,xgboost,sigmoid,advanced_ckd_only,Advanced CKD (s4-s5) vs non-CKD,76,72,0.5135,0.9866593567251463,0.9903692501931523,0.9605263157894737,0.9861111111111112,0.9594594594594594,0.9864864864864865,0.032590898939075436
