config,model,calibration,brier__mean,brier__std,brier__min,brier__max,calibration_slope__mean,calibration_slope__std,calibration_slope__min,calibration_slope__max,calibration_intercept__mean,calibration_intercept__std,calibration_intercept__min,calibration_intercept__max,ece__mean,ece__std,ece__min,ece__max,roc_auc__mean,roc_auc__std,roc_auc__min,roc_auc__max,brier,calibration_slope,calibration_intercept,ece,roc_auc,valid,brier_repeat_min,brier_repeat_max,brier_repeat_sd,calibration_slope_repeat_min,calibration_slope_repeat_max,calibration_slope_repeat_sd,calibration_intercept_repeat_min,calibration_intercept_repeat_max,calibration_intercept_repeat_sd,ece_repeat_min,ece_repeat_max,ece_repeat_sd,roc_auc_repeat_min,roc_auc_repeat_max,roc_auc_repeat_sd
clinical_only_model,dummy,isotonic,0.230484375,1.962615573354719e-17,0.230484375,0.23048437500000002,-3.9860731127345774,2.7645141858866263e-13,-3.9860731127349425,-3.9860731127341698,-2.139579346744554e-16,2.19774395604307e-17,-2.5058136493404686e-16,-1.9275489610311297e-16,0.0,0.0,0.0,0.0,0.48697916666666663,0.0,0.48697916666666663,0.48697916666666663,0.230484375,-3.9860731127345774,-2.139579346744554e-16,0.0,0.48697916666666663,True,0.230484375,0.23048437500000002,1.962615573354719e-17,-3.9860731127349425,-3.9860731127341698,2.7645141858866263e-13,-2.5058136493404686e-16,-1.9275489610311297e-16,2.19774395604307e-17,0.0,0.0,0.0,0.48697916666666663,0.48697916666666663,0.0
clinical_only_model,dummy,none,0.230484375,1.962615573354719e-17,0.230484375,0.23048437500000002,-3.9860731127345774,2.7645141858866263e-13,-3.9860731127349425,-3.9860731127341698,-2.139579346744554e-16,2.19774395604307e-17,-2.5058136493404686e-16,-1.9275489610311297e-16,0.0,0.0,0.0,0.0,0.48697916666666663,0.0,0.48697916666666663,0.48697916666666663,0.230484375,-3.9860731127345774,-2.139579346744554e-16,0.0,0.48697916666666663,True,0.230484375,0.23048437500000002,1.962615573354719e-17,-3.9860731127349425,-3.9860731127341698,2.7645141858866263e-13,-2.5058136493404686e-16,-1.9275489610311297e-16,2.19774395604307e-17,0.0,0.0,0.0,0.48697916666666663,0.48697916666666663,0.0
clinical_only_model,dummy,sigmoid,0.23048497445077146,0.0,0.23048497445077146,0.23048497445077146,-4.03243150778418,3.315202543393115e-13,-4.0324315077845085,-4.032431507783667,0.005375091137101479,5.234440058348795e-17,0.0053750911371014,0.005375091137101526,0.0012393012896696476,0.0,0.0012393012896696476,0.0012393012896696476,0.48697916666666663,0.0,0.48697916666666663,0.48697916666666663,0.23048497445077146,-4.03243150778418,0.005375091137101479,0.0012393012896696476,0.48697916666666663,True,0.23048497445077146,0.23048497445077146,0.0,-4.0324315077845085,-4.032431507783667,3.315202543393115e-13,0.0053750911371014,0.005375091137101526,5.234440058348795e-17,0.0012393012896696476,0.0012393012896696476,0.0,0.48697916666666663,0.48697916666666663,0.0
clinical_only_model,ebm,isotonic,0.06046436813758492,0.0035849714786109956,0.05435568001715943,0.06331177489666075,2.582755274966151,1.8716064497575087,0.493931694872948,4.222146633409013,0.17662355248172806,0.08328167307040711,0.09514538702256051,0.30024644253631555,0.04430348347732764,0.013510406673926296,0.02331241935186014,0.05819031907576687,0.9513780381944444,0.004559454833423887,0.9463433159722222,0.9583333333333334,0.06046436813758492,2.582755274966151,0.17662355248172806,0.04430348347732764,0.9513780381944444,True,0.05435568001715943,0.06331177489666075,0.0035849714786109956,0.493931694872948,4.222146633409013,1.8716064497575087,0.09514538702256051,0.30024644253631555,0.08328167307040711,0.02331241935186014,0.05819031907576687,0.013510406673926296,0.9463433159722222,0.9583333333333334,0.004559454833423887
clinical_only_model,ebm,none,0.059121412149747955,0.003705161998836375,0.05498456658251209,0.06290960402433989,0.8241867539903851,0.15510885598884944,0.7106137311094624,1.0965121443262258,0.03139570748838004,0.06740360267015254,-0.03926165612228439,0.10537516146855636,0.03677399476581169,0.014294496450656035,0.016069775302267574,0.04879411913495261,0.9551649305555555,0.004485781284486322,0.9509006076388888,0.9622395833333335,0.059121412149747955,0.8241867539903851,0.03139570748838004,0.03677399476581169,0.9551649305555555,True,0.05498456658251209,0.06290960402433989,0.003705161998836375,0.7106137311094624,1.0965121443262258,0.15510885598884944,-0.03926165612228439,0.10537516146855636,0.06740360267015254,0.016069775302267574,0.04879411913495261,0.014294496450656035,0.9509006076388888,0.9622395833333335,0.004485781284486322
clinical_only_model,ebm,sigmoid,0.07770883027939099,0.0017876811982939613,0.07505356301176698,0.08004685618071747,2.8268676600613403,0.45622621951433956,2.3707012227798554,3.3770031473844724,0.04079643956264209,0.017653912866008717,0.014638812272187142,0.06257117432574957,0.09885428618822176,0.006231155053348947,0.09220371172498551,0.10820434506100454,0.9516276041666666,0.005086621081146713,0.9453125,0.9578993055555555,0.07770883027939099,2.8268676600613403,0.04079643956264209,0.09885428618822176,0.9516276041666666,True,0.07505356301176698,0.08004685618071747,0.0017876811982939613,2.3707012227798554,3.3770031473844724,0.45622621951433956,0.014638812272187142,0.06257117432574957,0.017653912866008717,0.09220371172498551,0.10820434506100454,0.006231155053348947,0.9453125,0.9578993055555555,0.005086621081146713
clinical_only_model,logreg,isotonic,0.07948555551548296,0.002536865869128208,0.0767292327622149,0.08203459001425628,2.3997688829003456,2.418757321315261,0.5479149925199935,5.5742946633274855,0.11120273186469784,0.1188015349455882,-0.008637835941044732,0.2540925619285597,0.05618963161384929,0.0063025655725469105,0.04588430559031278,0.06266675524811859,0.9181640625,0.0032841504894051154,0.9155273437500001,0.9236111111111112,0.07948555551548296,2.3997688829003456,0.11120273186469784,0.05618963161384929,0.9181640625,True,0.0767292327622149,0.08203459001425628,0.002536865869128208,0.5479149925199935,5.5742946633274855,2.418757321315261,-0.008637835941044732,0.2540925619285597,0.1188015349455882,0.04588430559031278,0.06266675524811859,0.0063025655725469105,0.9155273437500001,0.9236111111111112,0.0032841504894051154
clinical_only_model,logreg,none,0.10305055253530948,0.006308684950775387,0.09617532835740397,0.11109945001233455,1.8422670048959233,0.32373460806538207,1.450892797298987,2.324695783753384,0.42759153962510527,0.05359864816445801,0.3567299214221036,0.5066945952460825,0.11804991848325116,0.030142027429243143,0.07268316297841494,0.14934003047140001,0.9153862847222222,0.006994133248449662,0.9045681423611112,0.9241536458333334,0.10305055253530948,1.8422670048959233,0.42759153962510527,0.11804991848325116,0.9153862847222222,True,0.09617532835740397,0.11109945001233455,0.006308684950775387,1.450892797298987,2.324695783753384,0.32373460806538207,0.3567299214221036,0.5066945952460825,0.05359864816445801,0.07268316297841494,0.14934003047140001,0.030142027429243143,0.9045681423611112,0.9241536458333334,0.006994133248449662
clinical_only_model,logreg,sigmoid,0.09393722640365569,0.0030470660692321645,0.09081738257135803,0.09903972650955929,1.992025585861029,0.10556368720893972,1.8676201474758432,2.1011664485694013,0.028251963931753575,0.03678001201364442,-0.017017808420240896,0.06426333814797054,0.09676677935242188,0.006754177738198669,0.09163794205668,0.10857569267294502,0.9139539930555556,0.0045496963099461345,0.9084743923611112,0.9198133680555556,0.09393722640365569,1.992025585861029,0.028251963931753575,0.09676677935242188,0.9139539930555556,True,0.09081738257135803,0.09903972650955929,0.0030470660692321645,1.8676201474758432,2.1011664485694013,0.10556368720893972,-0.017017808420240896,0.06426333814797054,0.03678001201364442,0.09163794205668,0.10857569267294502,0.006754177738198669,0.9084743923611112,0.9198133680555556,0.0045496963099461345
clinical_only_model,random_forest,isotonic,0.06578466684820519,0.0024482492863622343,0.06328984381767602,0.06913286279036435,2.81862641697992,1.990412771593658,0.6085300675780116,4.54235778119673,0.11462916357597577,0.02559459060515943,0.07327707064788411,0.14043208516663222,0.042456100965118745,0.004198732489073538,0.03843622070377821,0.0485452268314907,0.9502821180555555,0.0027556278000525057,0.9455837673611112,0.9520941840277779,0.06578466684820519,2.81862641697992,0.11462916357597577,0.042456100965118745,0.9502821180555555,True,0.06328984381767602,0.06913286279036435,0.0024482492863622343,0.6085300675780116,4.54235778119673,1.990412771593658,0.07327707064788411,0.14043208516663222,0.02559459060515943,0.03843622070377821,0.0485452268314907,0.004198732489073538,0.9455837673611112,0.9520941840277779,0.0027556278000525057
clinical_only_model,random_forest,none,0.08575804660384964,0.00544077684455187,0.07657622339926481,0.09065202568344295,2.159077111428309,1.1204797464372545,0.9055237541008138,3.422316564106623,0.32763998087125407,0.05044114874435408,0.2768480152091796,0.3827003966158562,0.10787960060750876,0.004533678267187739,0.09994809217667909,0.11140412327241676,0.9483615451388889,0.006858870641124935,0.9385308159722222,0.9571397569444444,0.08575804660384964,2.159077111428309,0.32763998087125407,0.10787960060750876,0.9483615451388889,True,0.07657622339926481,0.09065202568344295,0.00544077684455187,0.9055237541008138,3.422316564106623,1.1204797464372545,0.2768480152091796,0.3827003966158562,0.05044114874435408,0.09994809217667909,0.11140412327241676,0.004533678267187739,0.9385308159722222,0.9571397569444444,0.006858870641124935
clinical_only_model,random_forest,sigmoid,0.069028279793785,0.0023950753253179605,0.0653910462611526,0.07125831348698773,2.08706829961941,0.48382469138877016,1.615565072084345,2.758838869147918,0.038892604427104654,0.019708446824725726,0.008698672273570967,0.057348351395904384,0.06589246191246172,0.008464860424235662,0.056392970034694304,0.07947252359435567,0.9475911458333333,0.006657389614502263,0.9404839409722221,0.9558919270833334,0.069028279793785,2.08706829961941,0.038892604427104654,0.06589246191246172,0.9475911458333333,True,0.0653910462611526,0.07125831348698773,0.0023950753253179605,1.615565072084345,2.758838869147918,0.48382469138877016,0.008698672273570967,0.057348351395904384,0.019708446824725726,0.056392970034694304,0.07947252359435567,0.008464860424235662,0.9404839409722221,0.9558919270833334,0.006657389614502263
clinical_only_model,svm,isotonic,0.06321757085616005,0.0031546422233887567,0.0602099932471895,0.06825987876517702,1.3232621205372286,1.4804479180896106,0.5589931784051285,3.9657900581513608,0.07876905630768584,0.09885945547142458,-0.037752146373391436,0.22687390937660223,0.050501099053999264,0.014292038820255605,0.034410027364555285,0.06250804934280438,0.94443359375,0.0051399832353594315,0.9366861979166667,0.9500325520833333,0.06321757085616005,1.3232621205372286,0.07876905630768584,0.050501099053999264,0.94443359375,True,0.0602099932471895,0.06825987876517702,0.0031546422233887567,0.5589931784051285,3.9657900581513608,1.4804479180896106,-0.037752146373391436,0.22687390937660223,0.09885945547142458,0.034410027364555285,0.06250804934280438,0.014292038820255605,0.9366861979166667,0.9500325520833333,0.0051399832353594315
clinical_only_model,svm,none,0.062002308797382596,0.0037005217112432427,0.057642059029472635,0.06746284236714979,1.621620712329387,0.8004223895862711,1.122558063257652,3.0210709668003255,0.012399105736139556,0.07078667837084637,-0.10769813022036444,0.07469603640098996,0.02765327793340417,0.010074742733045051,0.017281861624509277,0.03840955553317868,0.9487413194444445,0.004552671320644677,0.941134982638889,0.9534505208333334,0.062002308797382596,1.621620712329387,0.012399105736139556,0.02765327793340417,0.9487413194444445,True,0.057642059029472635,0.06746284236714979,0.0037005217112432427,1.122558063257652,3.0210709668003255,0.8004223895862711,-0.10769813022036444,0.07469603640098996,0.07078667837084637,0.017281861624509277,0.03840955553317868,0.010074742733045051,0.941134982638889,0.9534505208333334,0.004552671320644677
clinical_only_model,svm,sigmoid,0.06612908957174288,0.004306984549384364,0.06178115400248112,0.07268993011719989,2.2813204989994427,1.0213491046530239,1.6301004061058975,4.078007841647042,0.055341440635073624,0.04289047597404476,-0.008013581475056958,0.10719387960095272,0.06339920429713056,0.009417068699862157,0.055490383440513914,0.07871349036271696,0.9469184027777778,0.00844740674556972,0.9377712673611112,0.9603949652777778,0.06612908957174288,2.2813204989994427,0.055341440635073624,0.06339920429713056,0.9469184027777778,True,0.06178115400248112,0.07268993011719989,0.004306984549384364,1.6301004061058975,4.078007841647042,1.0213491046530239,-0.008013581475056958,0.10719387960095272,0.04289047597404476,0.055490383440513914,0.07871349036271696,0.009417068699862157,0.9377712673611112,0.9603949652777778,0.00844740674556972
clinical_only_model,xgboost,isotonic,0.08955757751919231,0.007343815614975915,0.0824655000853667,0.10156004428444292,5.752693841804126,0.7874331238759442,4.560718139561929,6.565466336189044,0.112582830230937,0.06193905340823035,0.0714530535423309,0.2152899570875988,0.06603093276056463,0.01301658634260152,0.052904991190880574,0.08334143446758387,0.9121310763888889,0.004418344953217247,0.9052191840277779,0.916775173611111,0.08955757751919231,5.752693841804126,0.112582830230937,0.06603093276056463,0.9121310763888889,True,0.0824655000853667,0.10156004428444292,0.007343815614975915,4.560718139561929,6.565466336189044,0.7874331238759442,0.0714530535423309,0.2152899570875988,0.06193905340823035,0.052904991190880574,0.08334143446758387,0.01301658634260152,0.9052191840277779,0.916775173611111,0.004418344953217247
clinical_only_model,xgboost,none,0.08827498204077575,0.006944209356643597,0.08244040543467934,0.10022562118063158,1.3232048233587475,0.17259900744148926,1.0436351513658089,1.4936416509098618,0.1224210768540098,0.03556358229914059,0.0912558713822812,0.17556495426618904,0.07873553412407638,0.011473110854574892,0.0612530129775405,0.09007808279246095,0.9163411458333334,0.008924984758189047,0.9021809895833333,0.9264865451388888,0.08827498204077575,1.3232048233587475,0.1224210768540098,0.07873553412407638,0.9163411458333334,True,0.08244040543467934,0.10022562118063158,0.006944209356643597,1.0436351513658089,1.4936416509098618,0.17259900744148926,0.0912558713822812,0.17556495426618904,0.03556358229914059,0.0612530129775405,0.09007808279246095,0.011473110854574892,0.9021809895833333,0.9264865451388888,0.008924984758189047
clinical_only_model,xgboost,sigmoid,0.09215721882732288,0.006880733819332279,0.08727540635068234,0.10381816744181988,1.3238262283937894,0.10983562158209727,1.139415698018596,1.4180815645468305,0.04606628262159324,0.04830025863967505,-0.022022076050050132,0.1145501419864668,0.09677758029405104,0.004610742444850558,0.09168502445954378,0.10301167039938522,0.9099283854166668,0.005487169466797484,0.9023980034722222,0.9170464409722223,0.09215721882732288,1.3238262283937894,0.04606628262159324,0.09677758029405104,0.9099283854166668,True,0.08727540635068234,0.10381816744181988,0.006880733819332279,1.139415698018596,1.4180815645468305,0.10983562158209727,-0.022022076050050132,0.1145501419864668,0.04830025863967505,0.09168502445954378,0.10301167039938522,0.004610742444850558,0.9023980034722222,0.9170464409722223,0.005487169466797484
full_valid_model,dummy,isotonic,0.230484375,1.962615573354719e-17,0.230484375,0.23048437500000002,-3.9860731127345774,2.7645141858866263e-13,-3.9860731127349425,-3.9860731127341698,-2.139579346744554e-16,2.19774395604307e-17,-2.5058136493404686e-16,-1.9275489610311297e-16,0.0,0.0,0.0,0.0,0.48697916666666663,0.0,0.48697916666666663,0.48697916666666663,0.230484375,-3.9860731127345774,-2.139579346744554e-16,0.0,0.48697916666666663,True,0.230484375,0.23048437500000002,1.962615573354719e-17,-3.9860731127349425,-3.9860731127341698,2.7645141858866263e-13,-2.5058136493404686e-16,-1.9275489610311297e-16,2.19774395604307e-17,0.0,0.0,0.0,0.48697916666666663,0.48697916666666663,0.0
full_valid_model,dummy,none,0.230484375,1.962615573354719e-17,0.230484375,0.23048437500000002,-3.9860731127345774,2.7645141858866263e-13,-3.9860731127349425,-3.9860731127341698,-2.139579346744554e-16,2.19774395604307e-17,-2.5058136493404686e-16,-1.9275489610311297e-16,0.0,0.0,0.0,0.0,0.48697916666666663,0.0,0.48697916666666663,0.48697916666666663,0.230484375,-3.9860731127345774,-2.139579346744554e-16,0.0,0.48697916666666663,True,0.230484375,0.23048437500000002,1.962615573354719e-17,-3.9860731127349425,-3.9860731127341698,2.7645141858866263e-13,-2.5058136493404686e-16,-1.9275489610311297e-16,2.19774395604307e-17,0.0,0.0,0.0,0.48697916666666663,0.48697916666666663,0.0
full_valid_model,dummy,sigmoid,0.23048497445077146,0.0,0.23048497445077146,0.23048497445077146,-4.03243150778418,3.315202543393115e-13,-4.0324315077845085,-4.032431507783667,0.005375091137101479,5.234440058348795e-17,0.0053750911371014,0.005375091137101526,0.0012393012896696476,0.0,0.0012393012896696476,0.0012393012896696476,0.48697916666666663,0.0,0.48697916666666663,0.48697916666666663,0.23048497445077146,-4.03243150778418,0.005375091137101479,0.0012393012896696476,0.48697916666666663,True,0.23048497445077146,0.23048497445077146,0.0,-4.0324315077845085,-4.032431507783667,3.315202543393115e-13,0.0053750911371014,0.005375091137101526,5.234440058348795e-17,0.0012393012896696476,0.0012393012896696476,0.0,0.48697916666666663,0.48697916666666663,0.0
full_valid_model,ebm,isotonic,0.009523495412623772,0.0019346313094734183,0.006345279467531011,0.011340272178876227,1.602744207058479,0.5902997685385455,0.9329055666960611,2.366343187536084,0.0547545062068863,0.4375585568940752,-0.5376689585530006,0.6690242217141287,0.018288076273288045,0.004549643266933453,0.013799674528485214,0.02458236432834086,0.9993706597222223,0.0003379429579513812,0.9990234374999999,0.9997829861111112,0.009523495412623772,1.602744207058479,0.0547545062068863,0.018288076273288045,0.9993706597222223,True,0.006345279467531011,0.011340272178876227,0.0019346313094734183,0.9329055666960611,2.366343187536084,0.5902997685385455,-0.5376689585530006,0.6690242217141287,0.4375585568940752,0.013799674528485214,0.02458236432834086,0.004549643266933453,0.9990234374999999,0.9997829861111112,0.0003379429579513812
full_valid_model,ebm,none,0.012126530552403947,0.0023644756047398793,0.008940594363305994,0.015427749594492824,0.7046396935243175,0.11985626095205804,0.5593405024262957,0.8211907191588752,0.9821398514379359,0.8932608452886287,-0.4060514992563258,1.779147490531599,0.015131168133543288,0.0022496175469129054,0.01375514786767164,0.018953989207602516,0.9992838541666668,0.0002250047889901024,0.9989149305555556,0.9994574652777778,0.012126530552403947,0.7046396935243175,0.9821398514379359,0.015131168133543288,0.9992838541666668,True,0.008940594363305994,0.015427749594492824,0.0023644756047398793,0.5593405024262957,0.8211907191588752,0.11985626095205804,-0.4060514992563258,1.779147490531599,0.8932608452886287,0.01375514786767164,0.018953989207602516,0.0022496175469129054,0.9989149305555556,0.9994574652777778,0.0002250047889901024
full_valid_model,ebm,sigmoid,0.02080174641526029,0.0012096369152543498,0.019654753108239293,0.022339588521889674,5.542716838532787,3.0790456011163214,3.167738154544436,9.929393179389097,0.05327380955331105,0.04531451943602809,-0.019474551235093455,0.1057068960666673,0.08491140788872684,0.00363796766872102,0.08154133729994029,0.0894172416632265,0.9995008680555555,0.00043807789145368245,0.9990234375,1.0,0.02080174641526029,5.542716838532787,0.05327380955331105,0.08491140788872684,0.9995008680555555,True,0.019654753108239293,0.022339588521889674,0.0012096369152543498,3.167738154544436,9.929393179389097,3.0790456011163214,-0.019474551235093455,0.1057068960666673,0.04531451943602809,0.08154133729994029,0.0894172416632265,0.00363796766872102,0.9990234375,1.0,0.00043807789145368245
full_valid_model,logreg,isotonic,0.00813287837689482,0.0011826000663444354,0.007029169818821977,0.009870885840748144,1.1936813979514842,0.16468219499683825,0.9968964548510092,1.3821511274113698,0.1593285536532319,0.2248726953261753,-0.1336503325308348,0.3952664437991648,0.01451881511496928,0.003190590757050678,0.010702223355361643,0.019231880216045535,0.9997178819444444,9.705156152346164e-05,0.9995659722222222,0.9997829861111112,0.00813287837689482,1.1936813979514842,0.1593285536532319,0.01451881511496928,0.9997178819444444,True,0.007029169818821977,0.009870885840748144,0.0011826000663444354,0.9968964548510092,1.3821511274113698,0.16468219499683825,-0.1336503325308348,0.3952664437991648,0.2248726953261753,0.010702223355361643,0.019231880216045535,0.003190590757050678,0.9995659722222222,0.9997829861111112,9.705156152346164e-05
full_valid_model,logreg,none,0.09332476624463562,0.0032581963183862844,0.08756628855212129,0.09526639628881486,12.851827181421811,0.7014294187906145,12.107628514792756,13.669425430250474,0.656609557482923,0.003440401203239184,0.6526831927861302,0.6608117714533195,0.26576579183759586,0.007919940049371618,0.252119022289535,0.27073715054730063,0.999782986111111,0.0,0.9997829861111112,0.9997829861111112,0.09332476624463562,12.851827181421811,0.656609557482923,0.26576579183759586,0.999782986111111,True,0.08756628855212129,0.09526639628881486,0.0032581963183862844,12.107628514792756,13.669425430250474,0.7014294187906145,0.6526831927861302,0.6608117714533195,0.003440401203239184,0.252119022289535,0.27073715054730063,0.007919940049371618,0.9997829861111112,0.9997829861111112,0.0
full_valid_model,logreg,sigmoid,0.02251748478229646,0.0004497681206656087,0.02210636472607557,0.023275455962337172,4.638265245075904,0.20574712516931346,4.336647780352779,4.896286593565791,0.04571578663979934,0.015343450215498312,0.03473784613492068,0.07266758044059,0.09760025785892752,0.002490063274424982,0.09457003654194725,0.10005605928535796,0.999782986111111,0.0,0.9997829861111112,0.9997829861111112,0.02251748478229646,4.638265245075904,0.04571578663979934,0.09760025785892752,0.999782986111111,True,0.02210636472607557,0.023275455962337172,0.0004497681206656087,4.336647780352779,4.896286593565791,0.20574712516931346,0.03473784613492068,0.07266758044059,0.015343450215498312,0.09457003654194725,0.10005605928535796,0.002490063274424982,0.9997829861111112,0.9997829861111112,0.0
full_valid_model,random_forest,isotonic,0.009247012789965717,0.0021686197700366513,0.006974974646900214,0.012515157523578891,1.4068373633479407,0.8281021189787942,0.7201633627357871,2.841310032387641,-0.17705799285607157,0.3224038886955133,-0.6125734436051716,0.1638410059311233,0.014876291907196729,0.0012044649202982648,0.013162508630379027,0.016259097234376876,0.9993489583333334,0.00035987682187018055,0.9988064236111112,0.9996744791666667,0.009247012789965717,1.4068373633479407,-0.17705799285607157,0.014876291907196729,0.9993489583333334,True,0.006974974646900214,0.012515157523578891,0.0021686197700366513,0.7201633627357871,2.841310032387641,0.8281021189787942,-0.6125734436051716,0.1638410059311233,0.3224038886955133,0.013162508630379027,0.016259097234376876,0.0012044649202982648,0.9988064236111112,0.9996744791666667,0.00035987682187018055
full_valid_model,random_forest,none,0.01773816326801827,0.002289174492905346,0.015072173879868154,0.02048106347595733,6.243493365980511,5.064234959986749,3.7584797925538904,15.295236062344513,0.27146020995760267,0.08582370293436883,0.18753088274600027,0.4146304194854682,0.07882041026956772,0.01065897116971621,0.0656276899633449,0.09077552484598551,0.9995876736111111,0.00017829510335455782,0.9994574652777778,0.9998914930555556,0.01773816326801827,6.243493365980511,0.27146020995760267,0.07882041026956772,0.9995876736111111,True,0.015072173879868154,0.02048106347595733,0.002289174492905346,3.7584797925538904,15.295236062344513,5.064234959986749,0.18753088274600027,0.4146304194854682,0.08582370293436883,0.0656276899633449,0.09077552484598551,0.01065897116971621,0.9994574652777778,0.9998914930555556,0.00017829510335455782
full_valid_model,random_forest,sigmoid,0.012037993729374684,0.0013507659820057554,0.010305175676021594,0.013454231613613308,2.7997682802890993,0.6767133195500012,2.360679929354836,3.989447849554923,0.01257367120361827,0.04906632147304026,-0.05224976739326041,0.06503586178884137,0.058790825984011266,0.004502126293646046,0.05320508792297525,0.06323679689132519,0.9993923611111111,0.00014557734228516617,0.9992404513888888,0.9995659722222223,0.012037993729374684,2.7997682802890993,0.01257367120361827,0.058790825984011266,0.9993923611111111,True,0.010305175676021594,0.013454231613613308,0.0013507659820057554,2.360679929354836,3.989447849554923,0.6767133195500012,-0.05224976739326041,0.06503586178884137,0.04906632147304026,0.05320508792297525,0.06323679689132519,0.004502126293646046,0.9992404513888888,0.9995659722222223,0.00014557734228516617
full_valid_model,svm,isotonic,0.004007255839538486,0.0013699900931801077,0.002505165032272212,0.006170552390153212,4.13368674447767,,4.13368674447767,4.13368674447767,0.30514164162812574,0.36087880284566726,-0.0870149927668845,0.7786851116741486,0.011971936877041007,0.0015771124489441762,0.009292867662101778,0.013343976185171105,0.9999782986111111,4.852578076172074e-05,0.9998914930555556,1.0,0.004007255839538486,4.13368674447767,0.30514164162812574,0.011971936877041007,0.9999782986111111,True,0.002505165032272212,0.006170552390153212,0.0013699900931801077,4.13368674447767,4.13368674447767,,-0.0870149927668845,0.7786851116741486,0.36087880284566726,0.009292867662101778,0.013343976185171105,0.0015771124489441762,0.9998914930555556,1.0,4.852578076172074e-05
full_valid_model,svm,none,0.007097300234461844,0.0009748761443659225,0.005873336252295971,0.008495663646733837,,,,,0.26074148776422523,0.09953013080788865,0.1712581270073792,0.4246404063226546,0.026364521505507343,0.0013659849121944688,0.024690346633473834,0.028079407243709373,1.0,0.0,1.0,1.0,0.007097300234461844,,0.26074148776422523,0.026364521505507343,1.0,True,0.005873336252295971,0.008495663646733837,0.0009748761443659225,,,,0.1712581270073792,0.4246404063226546,0.09953013080788865,0.024690346633473834,0.028079407243709373,0.0013659849121944688,1.0,1.0,0.0
full_valid_model,svm,sigmoid,0.013894111329428827,0.0006576153421415284,0.013106902544448124,0.014762080514176667,,,,,0.045982879288937156,0.01831680749661403,0.014010879251235833,0.05849856017745944,0.07211656233850088,0.0011693309486817596,0.07085452772351103,0.07345790090149837,1.0,0.0,1.0,1.0,0.013894111329428827,,0.045982879288937156,0.07211656233850088,1.0,True,0.013106902544448124,0.014762080514176667,0.0006576153421415284,,,,0.014010879251235833,0.05849856017745944,0.01831680749661403,0.07085452772351103,0.07345790090149837,0.0011693309486817596,1.0,1.0,0.0
full_valid_model,xgboost,isotonic,0.021372421081703927,0.0008984565368210008,0.020075844801419378,0.022604972394172886,0.7616668932940192,0.13206008952171985,0.6300645932932558,0.9699472131300327,-0.22678059855985824,0.18241264889395517,-0.4804018023136834,0.004875027189976802,0.02007867113553221,0.005034782994862164,0.01395572668116072,0.025595364627079113,0.9964952256944445,0.0003379429579513674,0.9962022569444444,0.9969618055555556,0.021372421081703927,0.7616668932940192,-0.22678059855985824,0.02007867113553221,0.9964952256944445,True,0.020075844801419378,0.022604972394172886,0.0008984565368210008,0.6300645932932558,0.9699472131300327,0.13206008952171985,-0.4804018023136834,0.004875027189976802,0.18241264889395517,0.01395572668116072,0.025595364627079113,0.005034782994862164,0.9962022569444444,0.9969618055555556,0.0003379429579513674
full_valid_model,xgboost,none,0.019173761621593476,0.0020531950788033556,0.016844980213192993,0.0223928279578584,1.2503545301791945,0.12034373692281283,1.066220603866312,1.3874493844334597,0.05070263552053008,0.11430206500417482,-0.12994020778755597,0.18127073133018506,0.022122024255571894,0.006064668998486045,0.015765104506863328,0.031204154707957024,0.9967881944444444,0.001938907065271436,0.9935980902777779,0.9982638888888891,0.019173761621593476,1.2503545301791945,0.05070263552053008,0.022122024255571894,0.9967881944444444,True,0.016844980213192993,0.0223928279578584,0.0020531950788033556,1.066220603866312,1.3874493844334597,0.12034373692281283,-0.12994020778755597,0.18127073133018506,0.11430206500417482,0.015765104506863328,0.031204154707957024,0.006064668998486045,0.9935980902777779,0.9982638888888891,0.001938907065271436
full_valid_model,xgboost,sigmoid,0.024203792832808886,0.0009445439157874184,0.023243488085665513,0.02540498917802727,1.5466882532326944,0.05590988807998889,1.4723926696638159,1.6079964378272513,0.00640916135604488,0.05565593642167606,-0.0676798334978909,0.0692843631200869,0.058885427989414804,0.007456150868096052,0.04637625123883862,0.06468786735068334,0.9938585069444444,0.004733191820077904,0.9854600694444444,0.9965277777777778,0.024203792832808886,1.5466882532326944,0.00640916135604488,0.058885427989414804,0.9938585069444444,True,0.023243488085665513,0.02540498917802727,0.0009445439157874184,1.4723926696638159,1.6079964378272513,0.05590988807998889,-0.0676798334978909,0.0692843631200869,0.05565593642167606,0.04637625123883862,0.06468786735068334,0.007456150868096052,0.9854600694444444,0.9965277777777778,0.004733191820077904
laboratory_model,dummy,isotonic,0.230484375,1.962615573354719e-17,0.230484375,0.23048437500000002,-3.9860731127345774,2.7645141858866263e-13,-3.9860731127349425,-3.9860731127341698,-2.139579346744554e-16,2.19774395604307e-17,-2.5058136493404686e-16,-1.9275489610311297e-16,0.0,0.0,0.0,0.0,0.48697916666666663,0.0,0.48697916666666663,0.48697916666666663,0.230484375,-3.9860731127345774,-2.139579346744554e-16,0.0,0.48697916666666663,True,0.230484375,0.23048437500000002,1.962615573354719e-17,-3.9860731127349425,-3.9860731127341698,2.7645141858866263e-13,-2.5058136493404686e-16,-1.9275489610311297e-16,2.19774395604307e-17,0.0,0.0,0.0,0.48697916666666663,0.48697916666666663,0.0
laboratory_model,dummy,none,0.230484375,1.962615573354719e-17,0.230484375,0.23048437500000002,-3.9860731127345774,2.7645141858866263e-13,-3.9860731127349425,-3.9860731127341698,-2.139579346744554e-16,2.19774395604307e-17,-2.5058136493404686e-16,-1.9275489610311297e-16,0.0,0.0,0.0,0.0,0.48697916666666663,0.0,0.48697916666666663,0.48697916666666663,0.230484375,-3.9860731127345774,-2.139579346744554e-16,0.0,0.48697916666666663,True,0.230484375,0.23048437500000002,1.962615573354719e-17,-3.9860731127349425,-3.9860731127341698,2.7645141858866263e-13,-2.5058136493404686e-16,-1.9275489610311297e-16,2.19774395604307e-17,0.0,0.0,0.0,0.48697916666666663,0.48697916666666663,0.0
laboratory_model,dummy,sigmoid,0.23048497445077146,0.0,0.23048497445077146,0.23048497445077146,-4.03243150778418,3.315202543393115e-13,-4.0324315077845085,-4.032431507783667,0.005375091137101479,5.234440058348795e-17,0.0053750911371014,0.005375091137101526,0.0012393012896696476,0.0,0.0012393012896696476,0.0012393012896696476,0.48697916666666663,0.0,0.48697916666666663,0.48697916666666663,0.23048497445077146,-4.03243150778418,0.005375091137101479,0.0012393012896696476,0.48697916666666663,True,0.23048497445077146,0.23048497445077146,0.0,-4.0324315077845085,-4.032431507783667,3.315202543393115e-13,0.0053750911371014,0.005375091137101526,5.234440058348795e-17,0.0012393012896696476,0.0012393012896696476,0.0,0.48697916666666663,0.48697916666666663,0.0
laboratory_model,ebm,isotonic,0.03724421156181833,0.0033260680343893292,0.03177935376466932,0.040609074754060615,0.7960020492292571,0.2566996228473365,0.5811415802539925,1.1570174896409045,-0.024911101823353526,0.15667082968382592,-0.2178310909700687,0.20273797507244484,0.037016666009777946,0.010335675327891898,0.028799393825028597,0.054726578523018585,0.984548611111111,0.004443389184500145,0.9775390625,0.9895290798611112,0.03724421156181833,0.7960020492292571,-0.024911101823353526,0.037016666009777946,0.984548611111111,True,0.03177935376466932,0.040609074754060615,0.0033260680343893292,0.5811415802539925,1.1570174896409045,0.2566996228473365,-0.2178310909700687,0.20273797507244484,0.15667082968382592,0.028799393825028597,0.054726578523018585,0.010335675327891898,0.9775390625,0.9895290798611112,0.004443389184500145
laboratory_model,ebm,none,0.04441660162740459,0.003586428060686977,0.039650905423985826,0.049244799734015604,0.7323922515062069,0.3175449418265838,0.389975092676393,1.1734172505185985,-0.13749509410681107,0.5687252797387579,-0.7537822542165319,0.5601477304315018,0.04361212925733622,0.002596941043988401,0.04088617838738233,0.04659489982548371,0.9805121527777777,0.00606310163680377,0.9755859375,0.9895833333333333,0.04441660162740459,0.7323922515062069,-0.13749509410681107,0.04361212925733622,0.9805121527777777,True,0.039650905423985826,0.049244799734015604,0.003586428060686977,0.389975092676393,1.1734172505185985,0.3175449418265838,-0.7537822542165319,0.5601477304315018,0.5687252797387579,0.04088617838738233,0.04659489982548371,0.002596941043988401,0.9755859375,0.9895833333333333,0.00606310163680377
laboratory_model,ebm,sigmoid,0.043443385680001244,0.001400167987368339,0.041665237250591784,0.04504296878849657,2.2205972409002674,0.09811671260726378,2.104765673179609,2.368218090132066,0.003997993543801667,0.03376295436064213,-0.03747756239224965,0.0412588806057209,0.08391883278835408,0.011350242260482696,0.07221749526352614,0.10252199604002184,0.9909505208333333,0.0007771703376505983,0.990017361111111,0.991970486111111,0.043443385680001244,2.2205972409002674,0.003997993543801667,0.08391883278835408,0.9909505208333333,True,0.041665237250591784,0.04504296878849657,0.001400167987368339,2.104765673179609,2.368218090132066,0.09811671260726378,-0.03747756239224965,0.0412588806057209,0.03376295436064213,0.07221749526352614,0.10252199604002184,0.011350242260482696,0.990017361111111,0.991970486111111,0.0007771703376505983
laboratory_model,logreg,isotonic,0.029880025310266994,0.0014496238179923493,0.027395127750268672,0.031186496815991793,6.408838649212373,3.384890792224914,0.6576443552603622,8.938808637032546,0.027912491973905485,0.14724160218923882,-0.16283884979920246,0.24345861572021307,0.026345289632862832,0.005304019099184436,0.02048225149109745,0.032235105158836236,0.9903862847222221,0.0034322343391754743,0.9846462673611112,0.9938151041666666,0.029880025310266994,6.408838649212373,0.027912491973905485,0.026345289632862832,0.9903862847222221,True,0.027395127750268672,0.031186496815991793,0.0014496238179923493,0.6576443552603622,8.938808637032546,3.384890792224914,-0.16283884979920246,0.24345861572021307,0.14724160218923882,0.02048225149109745,0.032235105158836236,0.005304019099184436,0.9846462673611112,0.9938151041666666,0.0034322343391754743
laboratory_model,logreg,none,0.11356616870204894,0.011918273056059496,0.09494121668167743,0.12219301547295411,7.962163343328001,1.7132650516629897,5.68391915551231,9.921619224247815,0.589267124934506,0.012061085385892881,0.5775922963027761,0.609044754328988,0.260888069924085,0.027768439003861466,0.22109421122246242,0.2881520821943467,0.9924262152777779,0.0031657261334740038,0.9888237847222223,0.9962022569444444,0.11356616870204894,7.962163343328001,0.589267124934506,0.260888069924085,0.9924262152777779,True,0.09494121668167743,0.12219301547295411,0.011918273056059496,5.68391915551231,9.921619224247815,1.7132650516629897,0.5775922963027761,0.609044754328988,0.012061085385892881,0.22109421122246242,0.2881520821943467,0.027768439003861466,0.9888237847222223,0.9962022569444444,0.0031657261334740038
laboratory_model,logreg,sigmoid,0.038421654337380005,0.0003567511605431715,0.0378517764419994,0.038811938607348585,2.6377160189694515,0.07082529350232071,2.5494756689188263,2.717759425020823,0.033911483774816856,0.011848341809236775,0.022712105912480345,0.052587668224714765,0.08402618835597883,0.0028277504986802407,0.07907690006438226,0.08589026529025474,0.9948784722222221,0.00039422530652311445,0.9943576388888888,0.9952256944444444,0.038421654337380005,2.6377160189694515,0.033911483774816856,0.08402618835597883,0.9948784722222221,True,0.0378517764419994,0.038811938607348585,0.0003567511605431715,2.5494756689188263,2.717759425020823,0.07082529350232071,0.022712105912480345,0.052587668224714765,0.011848341809236775,0.07907690006438226,0.08589026529025474,0.0028277504986802407,0.9943576388888888,0.9952256944444444,0.00039422530652311445
laboratory_model,random_forest,isotonic,0.03700031477526482,0.005523760434999487,0.03164197339017323,0.04509716938887558,1.7088512652686298,2.453638934727698,0.4856226881278298,6.094301617218134,-0.03438568370498367,0.23953922453875934,-0.4040824051204616,0.23689916222490287,0.032870054706423776,0.009662914805571687,0.01921978453327096,0.041800308971840956,0.98876953125,0.004578395199829764,0.9816080729166667,0.9943576388888888,0.03700031477526482,1.7088512652686298,-0.03438568370498367,0.032870054706423776,0.98876953125,True,0.03164197339017323,0.04509716938887558,0.005523760434999487,0.4856226881278298,6.094301617218134,2.453638934727698,-0.4040824051204616,0.23689916222490287,0.23953922453875934,0.01921978453327096,0.041800308971840956,0.009662914805571687,0.9816080729166667,0.9943576388888888,0.004578395199829764
laboratory_model,random_forest,none,0.03469534006365329,0.0023857861283854147,0.03149494444444444,0.03708779299298186,1.6743736889887315,0.15635011138317295,1.4407747488304408,1.8636724722629956,0.15969404000453183,0.10706564883468103,0.06879097720887073,0.3356065181646365,0.05107242182177714,0.012473433465209448,0.030327669109088927,0.060521326097645184,0.9927842881944444,0.000984816344437497,0.99169921875,0.9943033854166667,0.03469534006365329,1.6743736889887315,0.15969404000453183,0.05107242182177714,0.9927842881944444,True,0.03149494444444444,0.03708779299298186,0.0023857861283854147,1.4407747488304408,1.8636724722629956,0.15635011138317295,0.06879097720887073,0.3356065181646365,0.10706564883468103,0.030327669109088927,0.060521326097645184,0.012473433465209448,0.99169921875,0.9943033854166667,0.000984816344437497
laboratory_model,random_forest,sigmoid,0.03590734445884201,0.0019606314025554243,0.03316460678370358,0.03845626266903108,1.5227829670563433,0.04758395600556019,1.4516868020872273,1.5721660916071833,0.016064570781321834,0.05296485057495984,-0.04169747728771796,0.09204956759234223,0.06074692002197089,0.005637602663629253,0.054006795606532036,0.06782376973182398,0.9922309027777778,0.0009962568516612327,0.9913194444444445,0.9937065972222222,0.03590734445884201,1.5227829670563433,0.016064570781321834,0.06074692002197089,0.9922309027777778,True,0.03316460678370358,0.03845626266903108,0.0019606314025554243,1.4516868020872273,1.5721660916071833,0.04758395600556019,-0.04169747728771796,0.09204956759234223,0.05296485057495984,0.054006795606532036,0.06782376973182398,0.005637602663629253,0.9913194444444445,0.9937065972222222,0.0009962568516612327
laboratory_model,svm,isotonic,0.028300872074565924,0.001480717076446979,0.026249467377814834,0.02964179318759931,3.224255364319987,3.788104640336472,0.44197035139816165,8.220308609543734,-0.059534404604764,0.38544538711435367,-0.7453272091013159,0.1747723639589789,0.02630036271488557,0.004893392954818797,0.020033828216870487,0.030345504704712638,0.9907443576388889,0.003453010817601994,0.98486328125,0.9940321180555556,0.028300872074565924,3.224255364319987,-0.059534404604764,0.02630036271488557,0.9907443576388889,True,0.026249467377814834,0.02964179318759931,0.001480717076446979,0.44197035139816165,8.220308609543734,3.788104640336472,-0.7453272091013159,0.1747723639589789,0.38544538711435367,0.020033828216870487,0.030345504704712638,0.004893392954818797,0.98486328125,0.9940321180555556,0.003453010817601994
laboratory_model,svm,none,0.03121312329108463,0.002190340576876169,0.029001312950435162,0.034577565843525324,1.3873465358884265,0.3133451508446591,1.0917961736583381,1.9035353130492938,0.4250518143554844,0.10912621518878585,0.2418647126368888,0.5353394791565934,0.04118083327705305,0.015904491148808566,0.027452165609597495,0.06659819913408227,0.9932400173611111,0.0013441290899780015,0.9908854166666667,0.9942491319444445,0.03121312329108463,1.3873465358884265,0.4250518143554844,0.04118083327705305,0.9932400173611111,True,0.029001312950435162,0.034577565843525324,0.002190340576876169,1.0917961736583381,1.9035353130492938,0.3133451508446591,0.2418647126368888,0.5353394791565934,0.10912621518878585,0.027452165609597495,0.06659819913408227,0.015904491148808566,0.9908854166666667,0.9942491319444445,0.0013441290899780015
laboratory_model,svm,sigmoid,0.031862396181916657,0.0008748844563225039,0.030813619497498106,0.03274688067471789,2.0896720891511142,0.1336095888077244,1.9767741209930658,2.288703088035968,0.023442522630725736,0.017346330290218353,0.002044736528978786,0.04559789167965564,0.06651367295087662,0.007298524612066877,0.058246418846064095,0.07770071771628896,0.9950086805555556,0.0005843277785518947,0.994140625,0.9955512152777777,0.031862396181916657,2.0896720891511142,0.023442522630725736,0.06651367295087662,0.9950086805555556,True,0.030813619497498106,0.03274688067471789,0.0008748844563225039,1.9767741209930658,2.288703088035968,0.1336095888077244,0.002044736528978786,0.04559789167965564,0.017346330290218353,0.058246418846064095,0.07770071771628896,0.007298524612066877,0.994140625,0.9955512152777777,0.0005843277785518947
laboratory_model,xgboost,isotonic,0.04328595979856826,0.0026698818718781814,0.039999529230982725,0.046260863216306375,1.074323231396021,0.9485878808971745,0.5598278347545678,2.755063096935163,-0.10541631189891083,0.2296425190797179,-0.45260168791308253,0.1380202754845164,0.03125550348282559,0.011275286095488756,0.014769751888234178,0.045033318563364434,0.9815104166666666,0.004833798655281675,0.9780815972222222,0.9893120659722223,0.04328595979856826,1.074323231396021,-0.10541631189891083,0.03125550348282559,0.9815104166666666,True,0.039999529230982725,0.046260863216306375,0.0026698818718781814,0.5598278347545678,2.755063096935163,0.9485878808971745,-0.45260168791308253,0.1380202754845164,0.2296425190797179,0.014769751888234178,0.045033318563364434,0.011275286095488756,0.9780815972222222,0.9893120659722223,0.004833798655281675
laboratory_model,xgboost,none,0.041760019326452305,0.002591289292457072,0.038683548404845045,0.04449186389010098,0.9778640405523407,0.08056787215941315,0.8882663156566931,1.0948652787164144,-0.21096478155449772,0.1228003723416825,-0.3406432611954644,-0.040509887286234544,0.03113119480910247,0.007882048019319679,0.024484448166331323,0.043437482136068885,0.9858940972222221,0.002646768862337304,0.9825303819444445,0.9889322916666666,0.041760019326452305,0.9778640405523407,-0.21096478155449772,0.03113119480910247,0.9858940972222221,True,0.038683548404845045,0.04449186389010098,0.002591289292457072,0.8882663156566931,1.0948652787164144,0.08056787215941315,-0.3406432611954644,-0.040509887286234544,0.1228003723416825,0.024484448166331323,0.043437482136068885,0.007882048019319679,0.9825303819444445,0.9889322916666666,0.002646768862337304
laboratory_model,xgboost,sigmoid,0.04590354069589024,0.00273158791705104,0.043309640652148165,0.04896690219033364,1.398683665278923,0.03840131713256519,1.3545647605905544,1.4470129586222413,0.003743875759070016,0.025721738735049113,-0.01484419787183692,0.04760206658871705,0.06770907202233006,0.00575235050882562,0.06057189814722985,0.07519777104593554,0.9789930555555555,0.006338421805630068,0.9708116319444444,0.9858940972222222,0.04590354069589024,1.398683665278923,0.003743875759070016,0.06770907202233006,0.9789930555555555,True,0.043309640652148165,0.04896690219033364,0.00273158791705104,1.3545647605905544,1.4470129586222413,0.03840131713256519,-0.01484419787183692,0.04760206658871705,0.025721738735049113,0.06057189814722985,0.07519777104593554,0.00575235050882562,0.9708116319444444,0.9858940972222222,0.006338421805630068
leaky_model,dummy,isotonic,0.230484375,1.962615573354719e-17,0.230484375,0.23048437500000002,-3.9860731127345774,2.7645141858866263e-13,-3.9860731127349425,-3.9860731127341698,-2.139579346744554e-16,2.19774395604307e-17,-2.5058136493404686e-16,-1.9275489610311297e-16,0.0,0.0,0.0,0.0,0.48697916666666663,0.0,0.48697916666666663,0.48697916666666663,0.230484375,-3.9860731127345774,-2.139579346744554e-16,0.0,0.48697916666666663,False,0.230484375,0.23048437500000002,1.962615573354719e-17,-3.9860731127349425,-3.9860731127341698,2.7645141858866263e-13,-2.5058136493404686e-16,-1.9275489610311297e-16,2.19774395604307e-17,0.0,0.0,0.0,0.48697916666666663,0.48697916666666663,0.0
leaky_model,dummy,none,0.230484375,1.962615573354719e-17,0.230484375,0.23048437500000002,-3.9860731127345774,2.7645141858866263e-13,-3.9860731127349425,-3.9860731127341698,-2.139579346744554e-16,2.19774395604307e-17,-2.5058136493404686e-16,-1.9275489610311297e-16,0.0,0.0,0.0,0.0,0.48697916666666663,0.0,0.48697916666666663,0.48697916666666663,0.230484375,-3.9860731127345774,-2.139579346744554e-16,0.0,0.48697916666666663,False,0.230484375,0.23048437500000002,1.962615573354719e-17,-3.9860731127349425,-3.9860731127341698,2.7645141858866263e-13,-2.5058136493404686e-16,-1.9275489610311297e-16,2.19774395604307e-17,0.0,0.0,0.0,0.48697916666666663,0.48697916666666663,0.0
leaky_model,dummy,sigmoid,0.23048497445077146,0.0,0.23048497445077146,0.23048497445077146,-4.03243150778418,3.315202543393115e-13,-4.0324315077845085,-4.032431507783667,0.005375091137101479,5.234440058348795e-17,0.0053750911371014,0.005375091137101526,0.0012393012896696476,0.0,0.0012393012896696476,0.0012393012896696476,0.48697916666666663,0.0,0.48697916666666663,0.48697916666666663,0.23048497445077146,-4.03243150778418,0.005375091137101479,0.0012393012896696476,0.48697916666666663,False,0.23048497445077146,0.23048497445077146,0.0,-4.0324315077845085,-4.032431507783667,3.315202543393115e-13,0.0053750911371014,0.005375091137101526,5.234440058348795e-17,0.0012393012896696476,0.0012393012896696476,0.0,0.48697916666666663,0.48697916666666663,0.0
leaky_model,ebm,isotonic,1.5716385875406264e-05,6.341076046863561e-06,8.039617867110813e-06,2.324061930054605e-05,,,,,0.14176203360036702,0.43320543769732306,-0.37568874124177903,0.5247296319832313,0.0008469889234483136,0.00025297323458723026,0.0005271254366278775,0.0011885009546905127,1.0,0.0,1.0,1.0,1.5716385875406264e-05,,0.14176203360036702,0.0008469889234483136,1.0,False,8.039617867110813e-06,2.324061930054605e-05,6.341076046863561e-06,,,,-0.37568874124177903,0.5247296319832313,0.43320543769732306,0.0005271254366278775,0.0011885009546905127,0.00025297323458723026,1.0,1.0,0.0
leaky_model,ebm,none,1.2865428243471027e-11,2.087704864674854e-12,9.954535806170496e-12,1.47928363393004e-11,,,,,0.24264330016821206,0.011505715067988202,0.2276210845976199,0.259609488063733,1.7127202682840385e-06,8.809166038748204e-08,1.6010650521264418e-06,1.8129878782558494e-06,1.0,0.0,1.0,1.0,1.2865428243471027e-11,,0.24264330016821206,1.7127202682840385e-06,1.0,False,9.954535806170496e-12,1.47928363393004e-11,2.087704864674854e-12,,,,0.2276210845976199,0.259609488063733,0.011505715067988202,1.6010650521264418e-06,1.8129878782558494e-06,8.809166038748204e-08,1.0,1.0,0.0
leaky_model,ebm,sigmoid,0.0028240786714408086,1.874465853391361e-05,0.002801283205037879,0.0028495403011930074,,,,,0.03139876655588581,0.0034434135479740986,0.027903644260314615,0.037003986983925215,0.04827202205476759,0.00011665130474238537,0.0481191652956341,0.04840653628637865,1.0,0.0,1.0,1.0,0.0028240786714408086,,0.03139876655588581,0.04827202205476759,1.0,False,0.002801283205037879,0.0028495403011930074,1.874465853391361e-05,,,,0.027903644260314615,0.037003986983925215,0.0034434135479740986,0.0481191652956341,0.04840653628637865,0.00011665130474238537,1.0,1.0,0.0
leaky_model,logreg,isotonic,0.005508449621277085,0.0006659550833898806,0.004492873292099787,0.006062297010740807,1.4270590228926998,0.39150039518654206,1.1193251418919365,2.0909689875145068,0.2615307303674292,0.2954439808442153,-0.13588656929223286,0.6642543529443009,0.012133221402035224,0.00040087598860724335,0.011693302115330439,0.01266423592918039,0.9997178819444444,0.000123716951508176,0.9995659722222222,0.9998914930555556,0.005508449621277085,1.4270590228926998,0.2615307303674292,0.012133221402035224,0.9997178819444444,False,0.004492873292099787,0.006062297010740807,0.0006659550833898806,1.1193251418919365,2.0909689875145068,0.39150039518654206,-0.13588656929223286,0.6642543529443009,0.2954439808442153,0.011693302115330439,0.01266423592918039,0.00040087598860724335,0.9995659722222222,0.9998914930555556,0.000123716951508176
leaky_model,logreg,none,0.061479319420694664,0.006861562118116933,0.05061907424103791,0.0679204678635748,13.46900540596788,3.349276479549341,11.100709295209935,15.837301516725827,0.7185767642522423,0.016202894758669664,0.7047903875845,0.7459594282329494,0.20384962570260265,0.017900298006283077,0.1751994021000803,0.21992800030784307,0.9999348958333334,5.943170111817364e-05,0.9998914930555556,1.0,0.061479319420694664,13.46900540596788,0.7185767642522423,0.20384962570260265,0.9999348958333334,False,0.05061907424103791,0.0679204678635748,0.006861562118116933,11.100709295209935,15.837301516725827,3.349276479549341,0.7047903875845,0.7459594282329494,0.016202894758669664,0.1751994021000803,0.21992800030784307,0.017900298006283077,0.9998914930555556,1.0,5.943170111817364e-05
leaky_model,logreg,sigmoid,0.014173083544194973,0.0009437740197930062,0.012774987680494948,0.0154136491886424,8.567785784801076,4.993892374726409,4.498636460695082,17.02799607788428,0.036690398419315956,0.019363667534158212,0.006903879119352663,0.05965324645658221,0.07324486902039695,0.001576924664614172,0.07126204133633394,0.07454229629466017,0.9998914930555556,0.0,0.9998914930555556,0.9998914930555556,0.014173083544194973,8.567785784801076,0.036690398419315956,0.07324486902039695,0.9998914930555556,False,0.012774987680494948,0.0154136491886424,0.0009437740197930062,4.498636460695082,17.02799607788428,4.993892374726409,0.006903879119352663,0.05965324645658221,0.019363667534158212,0.07126204133633394,0.07454229629466017,0.001576924664614172,0.9998914930555556,0.9998914930555556,0.0
leaky_model,random_forest,isotonic,0.0005903911233462844,0.00016552744270054376,0.000426828715311719,0.0007701732880313761,,,,,0.009948996034037696,0.2662032911983157,-0.2565772799502117,0.3744998646381875,0.0054610538735163725,0.0009230019572632008,0.003972644929466929,0.006368247956887367,1.0,0.0,1.0,1.0,0.0005903911233462844,,0.009948996034037696,0.0054610538735163725,1.0,False,0.000426828715311719,0.0007701732880313761,0.00016552744270054376,,,,-0.2565772799502117,0.3744998646381875,0.2662032911983157,0.003972644929466929,0.006368247956887367,0.0009230019572632008,1.0,1.0,0.0
leaky_model,random_forest,none,0.007328526451322559,0.0007652024346172698,0.006654875599743318,0.008536206230569268,,,,,0.09427612838538799,0.04272929266555955,0.04041309706106625,0.14700232647857803,0.053183806645741113,0.0019970008127149883,0.051054550312585656,0.055767993804457024,1.0,0.0,1.0,1.0,0.007328526451322559,,0.09427612838538799,0.053183806645741113,1.0,False,0.006654875599743318,0.008536206230569268,0.0007652024346172698,,,,0.04041309706106625,0.14700232647857803,0.04272929266555955,0.051054550312585656,0.055767993804457024,0.0019970008127149883,1.0,1.0,0.0
leaky_model,random_forest,sigmoid,0.0044254605758597436,0.000498984526630458,0.00395525313642171,0.00526830127663035,,,,,0.017624176159365408,0.01949722356352437,-0.0013154529062301377,0.047775667849130996,0.05163953209344575,0.0012344895617295334,0.050361556108105526,0.05367775549472242,1.0,0.0,1.0,1.0,0.0044254605758597436,,0.017624176159365408,0.05163953209344575,1.0,False,0.00395525313642171,0.00526830127663035,0.000498984526630458,,,,-0.0013154529062301377,0.047775667849130996,0.01949722356352437,0.050361556108105526,0.05367775549472242,0.0012344895617295334,1.0,1.0,0.0
leaky_model,svm,isotonic,0.0025323970516267437,0.0005528909780212415,0.0017719664671293628,0.0032268552366845503,,,,,0.03085934228404923,0.3150233343530714,-0.3164727396094661,0.49349565884605645,0.00992855488882969,0.001978982825088023,0.007652441638093706,0.012411001187049197,1.0,0.0,1.0,1.0,0.0025323970516267437,,0.03085934228404923,0.00992855488882969,1.0,False,0.0017719664671293628,0.0032268552366845503,0.0005528909780212415,,,,-0.3164727396094661,0.49349565884605645,0.3150233343530714,0.007652441638093706,0.012411001187049197,0.001978982825088023,1.0,1.0,0.0
leaky_model,svm,none,0.0025486538862315162,0.000332137155710242,0.002125017807935814,0.002957768177943055,,,,,-0.014160387487468836,0.04878729125485335,-0.07028349364270059,0.055681794425556125,0.018135091614779324,0.0008368486073003567,0.017033936437960476,0.019103194499893117,1.0,0.0,1.0,1.0,0.0025486538862315162,,-0.014160387487468836,0.018135091614779324,1.0,False,0.002125017807935814,0.002957768177943055,0.000332137155710242,,,,-0.07028349364270059,0.055681794425556125,0.04878729125485335,0.017033936437960476,0.019103194499893117,0.0008368486073003567,1.0,1.0,0.0
leaky_model,svm,sigmoid,0.007727438283960131,0.0002642329510427415,0.007407848832454786,0.00803502354867753,,,,,0.027299213374172272,0.014686829414709463,0.00782872698206088,0.0485164806233458,0.058821923063219705,0.000678424402238864,0.05785581661675847,0.059537707236942475,1.0,0.0,1.0,1.0,0.007727438283960131,,0.027299213374172272,0.058821923063219705,1.0,False,0.007407848832454786,0.00803502354867753,0.0002642329510427415,,,,0.00782872698206088,0.0485164806233458,0.014686829414709463,0.05785581661675847,0.059537707236942475,0.000678424402238864,1.0,1.0,0.0
leaky_model,xgboost,isotonic,1.8723068353550498e-05,2.5633081481889558e-05,7.1136211461633675e-06,6.457603747057433e-05,,,,,-0.4032663866429334,0.4090418978754558,-1.081579764415899,-0.012200041263523895,0.0006763350628116293,0.0003048049895631826,0.0004793988718301968,0.0012170323508234992,1.0,0.0,1.0,1.0,1.8723068353550498e-05,,-0.4032663866429334,0.0006763350628116293,1.0,False,7.1136211461633675e-06,6.457603747057433e-05,2.5633081481889558e-05,,,,-1.081579764415899,-0.012200041263523895,0.4090418978754558,0.0004793988718301968,0.0012170323508234992,0.0003048049895631826,1.0,1.0,0.0
leaky_model,xgboost,none,0.00032346658311603626,4.670311015336563e-05,0.00029360444482059186,0.0004064664189496344,,,,,-0.03156304011446948,0.03143969006230684,-0.08450637419754317,-0.00842750497783921,0.015293425095267576,0.00034220984420942687,0.015000319322571141,0.015845493972301467,1.0,0.0,1.0,1.0,0.00032346658311603626,,-0.03156304011446948,0.015293425095267576,1.0,False,0.00029360444482059186,0.0004064664189496344,4.670311015336563e-05,,,,-0.08450637419754317,-0.00842750497783921,0.03143969006230684,0.015000319322571141,0.015845493972301467,0.00034220984420942687,1.0,1.0,0.0
leaky_model,xgboost,sigmoid,0.0022133831119261122,2.481761783925533e-05,0.0021942144157140174,0.002256696041325402,,,,,0.02518256678756774,0.003866633460787407,0.01900460975885587,0.029194870641664056,0.04531204972960052,0.00013769457295052776,0.04514897538902003,0.04552774106550659,1.0,0.0,1.0,1.0,0.0022133831119261122,,0.02518256678756774,0.04531204972960052,1.0,False,0.0021942144157140174,0.002256696041325402,2.481761783925533e-05,,,,0.01900460975885587,0.029194870641664056,0.003866633460787407,0.04514897538902003,0.04552774106550659,0.00013769457295052776,1.0,1.0,0.0
low_cost_model,dummy,isotonic,0.230484375,1.962615573354719e-17,0.230484375,0.23048437500000002,-3.9860731127345774,2.7645141858866263e-13,-3.9860731127349425,-3.9860731127341698,-2.139579346744554e-16,2.19774395604307e-17,-2.5058136493404686e-16,-1.9275489610311297e-16,0.0,0.0,0.0,0.0,0.48697916666666663,0.0,0.48697916666666663,0.48697916666666663,0.230484375,-3.9860731127345774,-2.139579346744554e-16,0.0,0.48697916666666663,True,0.230484375,0.23048437500000002,1.962615573354719e-17,-3.9860731127349425,-3.9860731127341698,2.7645141858866263e-13,-2.5058136493404686e-16,-1.9275489610311297e-16,2.19774395604307e-17,0.0,0.0,0.0,0.48697916666666663,0.48697916666666663,0.0
low_cost_model,dummy,none,0.230484375,1.962615573354719e-17,0.230484375,0.23048437500000002,-3.9860731127345774,2.7645141858866263e-13,-3.9860731127349425,-3.9860731127341698,-2.139579346744554e-16,2.19774395604307e-17,-2.5058136493404686e-16,-1.9275489610311297e-16,0.0,0.0,0.0,0.0,0.48697916666666663,0.0,0.48697916666666663,0.48697916666666663,0.230484375,-3.9860731127345774,-2.139579346744554e-16,0.0,0.48697916666666663,True,0.230484375,0.23048437500000002,1.962615573354719e-17,-3.9860731127349425,-3.9860731127341698,2.7645141858866263e-13,-2.5058136493404686e-16,-1.9275489610311297e-16,2.19774395604307e-17,0.0,0.0,0.0,0.48697916666666663,0.48697916666666663,0.0
low_cost_model,dummy,sigmoid,0.23048497445077146,0.0,0.23048497445077146,0.23048497445077146,-4.03243150778418,3.315202543393115e-13,-4.0324315077845085,-4.032431507783667,0.005375091137101479,5.234440058348795e-17,0.0053750911371014,0.005375091137101526,0.0012393012896696476,0.0,0.0012393012896696476,0.0012393012896696476,0.48697916666666663,0.0,0.48697916666666663,0.48697916666666663,0.23048497445077146,-4.03243150778418,0.005375091137101479,0.0012393012896696476,0.48697916666666663,True,0.23048497445077146,0.23048497445077146,0.0,-4.0324315077845085,-4.032431507783667,3.315202543393115e-13,0.0053750911371014,0.005375091137101526,5.234440058348795e-17,0.0012393012896696476,0.0012393012896696476,0.0,0.48697916666666663,0.48697916666666663,0.0
low_cost_model,ebm,isotonic,0.03112061774598972,0.006024284865333739,0.024504911161112954,0.03854917970201394,0.6277635473292151,0.2333973691921872,0.4123371914788537,1.0162408865962675,0.1497117671837717,0.19717629384211974,-0.14353789466160688,0.3171251728109491,0.03329616340293874,0.012823246624895212,0.015568640978954088,0.04819243986573869,0.9854926215277778,0.0024976050125353243,0.9828559027777777,0.9893120659722223,0.03112061774598972,0.6277635473292151,0.1497117671837717,0.03329616340293874,0.9854926215277778,True,0.024504911161112954,0.03854917970201394,0.006024284865333739,0.4123371914788537,1.0162408865962675,0.2333973691921872,-0.14353789466160688,0.3171251728109491,0.19717629384211974,0.015568640978954088,0.04819243986573869,0.012823246624895212,0.9828559027777777,0.9893120659722223,0.0024976050125353243
low_cost_model,ebm,none,0.03140737115965695,0.0028149810270838263,0.028059396411377505,0.035666879855838815,1.4705243411177915,1.9657104129331693,0.5308068162309291,4.9843707655335034,0.7143801722000174,0.26499212927147403,0.48079343807031044,1.0921396144404294,0.03263026768502843,0.006075420222878986,0.022701970561901187,0.038555633240467575,0.9837782118055556,0.0048849219016165926,0.9775390625,0.9899088541666666,0.03140737115965695,1.4705243411177915,0.7143801722000174,0.03263026768502843,0.9837782118055556,True,0.028059396411377505,0.035666879855838815,0.0028149810270838263,0.5308068162309291,4.9843707655335034,1.9657104129331693,0.48079343807031044,1.0921396144404294,0.26499212927147403,0.022701970561901187,0.038555633240467575,0.006075420222878986,0.9775390625,0.9899088541666666,0.0048849219016165926
low_cost_model,ebm,sigmoid,0.04484637927383781,0.003711561750529556,0.04193303703119433,0.05111504832934613,3.0106967780963743,0.3395416412300704,2.5186125595897195,3.4483947214134676,0.06617367833506405,0.02013317501099247,0.045601929074150234,0.09991540166529407,0.09371109432954902,0.003277555317535875,0.09007476631539747,0.09865304934132829,0.9872287326388889,0.0018081958734784392,0.9847005208333334,0.9889322916666666,0.04484637927383781,3.0106967780963743,0.06617367833506405,0.09371109432954902,0.9872287326388889,True,0.04193303703119433,0.05111504832934613,0.003711561750529556,2.5186125595897195,3.4483947214134676,0.3395416412300704,0.045601929074150234,0.09991540166529407,0.02013317501099247,0.09007476631539747,0.09865304934132829,0.003277555317535875,0.9847005208333334,0.9889322916666666,0.0018081958734784392
low_cost_model,logreg,isotonic,0.029263146549963336,0.0009621672065212591,0.028055088255564686,0.03022835829140769,2.0750251502195898,0.9344720650018751,0.5063748792572101,2.8426752486079407,0.37258146084220767,0.11642078222875905,0.24338263327535822,0.49095365792552326,0.029211058321061217,0.007218306313163156,0.021679967859816605,0.040971931813467845,0.9809461805555555,0.002665993764536911,0.9780815972222223,0.9852430555555556,0.029263146549963336,2.0750251502195898,0.37258146084220767,0.029211058321061217,0.9809461805555555,True,0.028055088255564686,0.03022835829140769,0.0009621672065212591,0.5063748792572101,2.8426752486079407,0.9344720650018751,0.24338263327535822,0.49095365792552326,0.11642078222875905,0.021679967859816605,0.040971931813467845,0.007218306313163156,0.9780815972222223,0.9852430555555556,0.002665993764536911
low_cost_model,logreg,none,0.046592155181697,0.010655760814291032,0.03680153338756101,0.062035916703662035,2.6255750114417835,0.4029621766185597,2.225199302615591,3.192774353046965,0.5055775289158657,0.0649285943795946,0.4045011758456518,0.5685608362146302,0.07335416872789931,0.02705671977027222,0.046778660258714994,0.11412463519880275,0.9835394965277778,0.00384388817968879,0.97802734375,0.9883897569444445,0.046592155181697,2.6255750114417835,0.5055775289158657,0.07335416872789931,0.9835394965277778,True,0.03680153338756101,0.062035916703662035,0.010655760814291032,2.225199302615591,3.192774353046965,0.4029621766185597,0.4045011758456518,0.5685608362146302,0.0649285943795946,0.046778660258714994,0.11412463519880275,0.02705671977027222,0.97802734375,0.9883897569444445,0.00384388817968879
low_cost_model,logreg,sigmoid,0.042255240034481896,0.0019923238812192758,0.0408874823213997,0.04572590984152452,2.9488749750836574,0.46533688603122525,2.3705426370756357,3.627668954779068,0.06173074656463914,0.031176744306381943,0.028485242325751284,0.09908289441155708,0.08418533008215798,0.00454778221383174,0.07857401656226325,0.09071948919955987,0.9822374131944447,0.003540553497702762,0.9769965277777779,0.986328125,0.042255240034481896,2.9488749750836574,0.06173074656463914,0.08418533008215798,0.9822374131944447,True,0.0408874823213997,0.04572590984152452,0.0019923238812192758,2.3705426370756357,3.627668954779068,0.46533688603122525,0.028485242325751284,0.09908289441155708,0.031176744306381943,0.07857401656226325,0.09071948919955987,0.00454778221383174,0.9769965277777779,0.986328125,0.003540553497702762
low_cost_model,random_forest,isotonic,0.027016414757543628,0.004964301113046875,0.023175115053817974,0.03465677402955372,2.5581014613491453,2.0263706400797994,0.7089181168126085,5.635483971839138,0.16288748278383008,0.09479716672947684,0.06133162677788689,0.29266684855200986,0.029790587935535396,0.00981381157865293,0.017698068721496873,0.04088246888612661,0.987087673611111,0.00713644572538857,0.9754231770833334,0.9929470486111112,0.027016414757543628,2.5581014613491453,0.16288748278383008,0.029790587935535396,0.987087673611111,True,0.023175115053817974,0.03465677402955372,0.004964301113046875,0.7089181168126085,5.635483971839138,2.0263706400797994,0.06133162677788689,0.29266684855200986,0.09479716672947684,0.017698068721496873,0.04088246888612661,0.00981381157865293,0.9754231770833334,0.9929470486111112,0.00713644572538857
low_cost_model,random_forest,none,0.03416702335520423,0.00301801070143787,0.02998228585366335,0.03786648567636506,2.2069399142435286,0.3977497088735129,1.6901930791508908,2.593198357790365,0.42164668374353587,0.3555998032065817,0.17161907718965216,1.0456226977780578,0.06522640934408235,0.017685224004591802,0.035160804473304406,0.07862272315526972,0.9885416666666668,0.002887538806368453,0.9840494791666667,0.9912651909722222,0.03416702335520423,2.2069399142435286,0.42164668374353587,0.06522640934408235,0.9885416666666668,True,0.02998228585366335,0.03786648567636506,0.00301801070143787,1.6901930791508908,2.593198357790365,0.3977497088735129,0.17161907718965216,1.0456226977780578,0.3555998032065817,0.035160804473304406,0.07862272315526972,0.017685224004591802,0.9840494791666667,0.9912651909722222,0.002887538806368453
low_cost_model,random_forest,sigmoid,0.027873098641459693,0.002207458923509759,0.025247324592797823,0.03008328402652305,1.8137107741607768,0.22628356389044554,1.476220827119858,2.0301958393088197,0.05744101742724213,0.031785934627782446,0.02470938121599658,0.09322917633115296,0.05513675502296513,0.003341762896574233,0.05083584865821898,0.05984898220587666,0.986599392361111,0.005802332127734408,0.9796006944444445,0.9939236111111112,0.027873098641459693,1.8137107741607768,0.05744101742724213,0.05513675502296513,0.986599392361111,True,0.025247324592797823,0.03008328402652305,0.002207458923509759,1.476220827119858,2.0301958393088197,0.22628356389044554,0.02470938121599658,0.09322917633115296,0.031785934627782446,0.05083584865821898,0.05984898220587666,0.003341762896574233,0.9796006944444445,0.9939236111111112,0.005802332127734408
low_cost_model,svm,isotonic,0.020626225101097313,0.0021043598068142414,0.018542277408576252,0.023868250294521706,1.536737732849678,0.8606228358621997,1.1175435912894842,3.0754302423004756,0.06560528556112036,0.2032382493273442,-0.2031912591606525,0.3627277423464632,0.017046521029625016,0.004986105154170799,0.010393576346198901,0.023456277491954752,0.9920789930555556,0.003916033514023146,0.9852430555555556,0.9951171875,0.020626225101097313,1.536737732849678,0.06560528556112036,0.017046521029625016,0.9920789930555556,True,0.018542277408576252,0.023868250294521706,0.0021043598068142414,1.1175435912894842,3.0754302423004756,0.8606228358621997,-0.2031912591606525,0.3627277423464632,0.2032382493273442,0.010393576346198901,0.023456277491954752,0.004986105154170799,0.9852430555555556,0.9951171875,0.003916033514023146
low_cost_model,svm,none,0.022253313103511495,0.002231047231154915,0.02013245516538861,0.025768233536386173,2.6740645659843034,1.6027240026110898,1.448785657695705,5.373830557323307,-0.09966848430130265,0.08318452687514297,-0.1818416578200942,0.021163921695271707,0.021592180755946443,0.004277782056319865,0.015596244845395797,0.026960444544962978,0.9911783854166666,0.0029818687564787216,0.988498263888889,0.9952799479166666,0.022253313103511495,2.6740645659843034,-0.09966848430130265,0.021592180755946443,0.9911783854166666,True,0.02013245516538861,0.025768233536386173,0.002231047231154915,1.448785657695705,5.373830557323307,1.6027240026110898,-0.1818416578200942,0.021163921695271707,0.08318452687514297,0.015596244845395797,0.026960444544962978,0.004277782056319865,0.988498263888889,0.9952799479166666,0.0029818687564787216
low_cost_model,svm,sigmoid,0.029666649950583872,0.003366184674229865,0.026939673285911417,0.0355197002438008,4.607538980736953,3.807551679655093,2.1815593851603796,11.344458006620702,0.004587203363498073,0.03315591516069649,-0.03620219157936149,0.05125796220607195,0.06829785033748234,0.0068694235117630125,0.06034452820527818,0.0760317070854886,0.990505642361111,0.0032871515754559384,0.9866536458333334,0.9950629340277778,0.029666649950583872,4.607538980736953,0.004587203363498073,0.06829785033748234,0.990505642361111,True,0.026939673285911417,0.0355197002438008,0.003366184674229865,2.1815593851603796,11.344458006620702,3.807551679655093,-0.03620219157936149,0.05125796220607195,0.03315591516069649,0.06034452820527818,0.0760317070854886,0.0068694235117630125,0.9866536458333334,0.9950629340277778,0.0032871515754559384
low_cost_model,xgboost,isotonic,0.033535536086103226,0.004911900927017488,0.027529832069812313,0.04020102898619525,2.6272073669560037,2.1784292663288447,0.83694698152841,5.594888376785806,0.14558329803701264,0.10504088773391264,0.03908829660850042,0.2736155028727159,0.024257244675878604,0.007469086288021052,0.016490005129562668,0.034455411464441546,0.98544921875,0.004091265815435847,0.9796549479166667,0.9902886284722223,0.033535536086103226,2.6272073669560037,0.14558329803701264,0.024257244675878604,0.98544921875,True,0.027529832069812313,0.04020102898619525,0.004911900927017488,0.83694698152841,5.594888376785806,2.1784292663288447,0.03908829660850042,0.2736155028727159,0.10504088773391264,0.016490005129562668,0.034455411464441546,0.007469086288021052,0.9796549479166667,0.9902886284722223,0.004091265815435847
low_cost_model,xgboost,none,0.03695535284020825,0.0035780502530496686,0.03186896846847783,0.041289588019261796,1.8778487739177236,0.3425269390028393,1.4545106715518246,2.3366393049010967,0.20328414623840424,0.08137712441468693,0.15521915786903528,0.3480764837084307,0.04804631223389878,0.008656072892825833,0.03635385841829704,0.05946707939263435,0.9862196180555556,0.003540844458256981,0.9829644097222222,0.9908311631944444,0.03695535284020825,1.8778487739177236,0.20328414623840424,0.04804631223389878,0.9862196180555556,True,0.03186896846847783,0.041289588019261796,0.0035780502530496686,1.4545106715518246,2.3366393049010967,0.3425269390028393,0.15521915786903528,0.3480764837084307,0.08137712441468693,0.03635385841829704,0.05946707939263435,0.008656072892825833,0.9829644097222222,0.9908311631944444,0.003540844458256981
low_cost_model,xgboost,sigmoid,0.03579470801192768,0.0029197757637489125,0.03170489565576087,0.03943891960000606,1.902200645899443,0.209806745122461,1.7306456795000065,2.1542525143368874,0.05549236518652386,0.032099492097456654,0.03048515491704229,0.10978790570304399,0.06147342859800078,0.00875467590722211,0.04761268400477115,0.0690195934487709,0.9856336805555556,0.003880052670080825,0.980197482638889,0.9908311631944444,0.03579470801192768,1.902200645899443,0.05549236518652386,0.06147342859800078,0.9856336805555556,True,0.03170489565576087,0.03943891960000606,0.0029197757637489125,1.7306456795000065,2.1542525143368874,0.209806745122461,0.03048515491704229,0.10978790570304399,0.032099492097456654,0.04761268400477115,0.0690195934487709,0.00875467590722211,0.980197482638889,0.9908311631944444,0.003880052670080825
low_cost_plus_urine_micro_model,dummy,isotonic,0.230484375,1.962615573354719e-17,0.230484375,0.23048437500000002,-3.9860731127345774,2.7645141858866263e-13,-3.9860731127349425,-3.9860731127341698,-2.139579346744554e-16,2.19774395604307e-17,-2.5058136493404686e-16,-1.9275489610311297e-16,0.0,0.0,0.0,0.0,0.48697916666666663,0.0,0.48697916666666663,0.48697916666666663,0.230484375,-3.9860731127345774,-2.139579346744554e-16,0.0,0.48697916666666663,True,0.230484375,0.23048437500000002,1.962615573354719e-17,-3.9860731127349425,-3.9860731127341698,2.7645141858866263e-13,-2.5058136493404686e-16,-1.9275489610311297e-16,2.19774395604307e-17,0.0,0.0,0.0,0.48697916666666663,0.48697916666666663,0.0
low_cost_plus_urine_micro_model,dummy,none,0.230484375,1.962615573354719e-17,0.230484375,0.23048437500000002,-3.9860731127345774,2.7645141858866263e-13,-3.9860731127349425,-3.9860731127341698,-2.139579346744554e-16,2.19774395604307e-17,-2.5058136493404686e-16,-1.9275489610311297e-16,0.0,0.0,0.0,0.0,0.48697916666666663,0.0,0.48697916666666663,0.48697916666666663,0.230484375,-3.9860731127345774,-2.139579346744554e-16,0.0,0.48697916666666663,True,0.230484375,0.23048437500000002,1.962615573354719e-17,-3.9860731127349425,-3.9860731127341698,2.7645141858866263e-13,-2.5058136493404686e-16,-1.9275489610311297e-16,2.19774395604307e-17,0.0,0.0,0.0,0.48697916666666663,0.48697916666666663,0.0
low_cost_plus_urine_micro_model,dummy,sigmoid,0.23048497445077146,0.0,0.23048497445077146,0.23048497445077146,-4.03243150778418,3.315202543393115e-13,-4.0324315077845085,-4.032431507783667,0.005375091137101479,5.234440058348795e-17,0.0053750911371014,0.005375091137101526,0.0012393012896696476,0.0,0.0012393012896696476,0.0012393012896696476,0.48697916666666663,0.0,0.48697916666666663,0.48697916666666663,0.23048497445077146,-4.03243150778418,0.005375091137101479,0.0012393012896696476,0.48697916666666663,True,0.23048497445077146,0.23048497445077146,0.0,-4.0324315077845085,-4.032431507783667,3.315202543393115e-13,0.0053750911371014,0.005375091137101526,5.234440058348795e-17,0.0012393012896696476,0.0012393012896696476,0.0,0.48697916666666663,0.48697916666666663,0.0
low_cost_plus_urine_micro_model,ebm,isotonic,0.028553883689261816,0.007267784754797925,0.02107996865265041,0.03719712656115141,0.5838645197444577,0.08352924251621759,0.4959854091789752,0.6851970210482679,0.15720626261029733,0.17185112629633545,-0.12541721168307193,0.28665124975785267,0.02838790993750261,0.011485889828853965,0.013793379778293523,0.04329063604011324,0.9876627604166668,0.0025844818989240576,0.9839409722222223,0.9901801215277779,0.028553883689261816,0.5838645197444577,0.15720626261029733,0.02838790993750261,0.9876627604166668,True,0.02107996865265041,0.03719712656115141,0.007267784754797925,0.4959854091789752,0.6851970210482679,0.08352924251621759,-0.12541721168307193,0.28665124975785267,0.17185112629633545,0.013793379778293523,0.04329063604011324,0.011485889828853965,0.9839409722222223,0.9901801215277779,0.0025844818989240576
low_cost_plus_urine_micro_model,ebm,none,0.02786389288642014,0.005958805762019978,0.019384406345292603,0.034660337724489204,0.6175878177068749,0.13224952171750873,0.5023806222624875,0.8360419634951284,0.5865030193707117,0.28071037121578735,0.2190087893757209,0.8967303101562556,0.03172916578801577,0.009071867483601368,0.018451416636203085,0.04192349957029422,0.9867513020833334,0.0051001726758909864,0.9810112847222222,0.9932725694444444,0.02786389288642014,0.6175878177068749,0.5865030193707117,0.03172916578801577,0.9867513020833334,True,0.019384406345292603,0.034660337724489204,0.005958805762019978,0.5023806222624875,0.8360419634951284,0.13224952171750873,0.2190087893757209,0.8967303101562556,0.28071037121578735,0.018451416636203085,0.04192349957029422,0.009071867483601368,0.9810112847222222,0.9932725694444444,0.0051001726758909864
low_cost_plus_urine_micro_model,ebm,sigmoid,0.044159682766827496,0.004052142782628282,0.04071592564386117,0.050397281567555796,3.2301887645205314,0.452715225044924,2.532684078351744,3.652509472142152,0.06434964603404322,0.02341673259144976,0.03244858014990004,0.09558695763573119,0.09772117940137359,0.00627345462418592,0.08931958732616442,0.10441194155037532,0.9892035590277779,0.0029362107482063826,0.985134548611111,0.9922417534722222,0.044159682766827496,3.2301887645205314,0.06434964603404322,0.09772117940137359,0.9892035590277779,True,0.04071592564386117,0.050397281567555796,0.004052142782628282,2.532684078351744,3.652509472142152,0.452715225044924,0.03244858014990004,0.09558695763573119,0.02341673259144976,0.08931958732616442,0.10441194155037532,0.00627345462418592,0.985134548611111,0.9922417534722222,0.0029362107482063826
low_cost_plus_urine_micro_model,logreg,isotonic,0.027350745415184157,0.002451426175223784,0.023676058552613087,0.030183915314303703,1.689863189436693,1.256239039724061,0.5814008923720787,3.0858893661826214,0.3526569265921834,0.16766996225606762,0.11449084729428828,0.5296822181776255,0.02712165698561702,0.006620160399969237,0.018622144846295846,0.03349478465885122,0.9828450520833334,0.003882706890474602,0.9773220486111112,0.9878472222222222,0.027350745415184157,1.689863189436693,0.3526569265921834,0.02712165698561702,0.9828450520833334,True,0.023676058552613087,0.030183915314303703,0.002451426175223784,0.5814008923720787,3.0858893661826214,1.256239039724061,0.11449084729428828,0.5296822181776255,0.16766996225606762,0.018622144846295846,0.03349478465885122,0.006620160399969237,0.9773220486111112,0.9878472222222222,0.003882706890474602
low_cost_plus_urine_micro_model,logreg,none,0.05684574200674295,0.009666699274560637,0.04480842232860929,0.0708367218785226,2.6942085174376444,0.48927500220027886,2.119234379227301,3.473180116720921,0.5784046559846967,0.06799256499918252,0.50575682909983,0.6471526226075384,0.0984369990895323,0.0247082756259218,0.05961201232104136,0.118075856600676,0.9826497395833333,0.0029572870496715154,0.978244357638889,0.9853515625,0.05684574200674295,2.6942085174376444,0.5784046559846967,0.0984369990895323,0.9826497395833333,True,0.04480842232860929,0.0708367218785226,0.009666699274560637,2.119234379227301,3.473180116720921,0.48927500220027886,0.50575682909983,0.6471526226075384,0.06799256499918252,0.05961201232104136,0.118075856600676,0.0247082756259218,0.978244357638889,0.9853515625,0.0029572870496715154
low_cost_plus_urine_micro_model,logreg,sigmoid,0.0432722699761941,0.0017691586843113882,0.04115976609521068,0.04588084320838068,3.1045903499586154,0.5015715924282972,2.4255762115705775,3.6903050384519727,0.06098684539368561,0.04541730864860484,-0.004354601717938122,0.11582430743872787,0.09144936415342753,0.005876486291760815,0.08292166202404391,0.09895933132023149,0.9822157118055556,0.0044929606109759945,0.9756944444444445,0.9867621527777777,0.0432722699761941,3.1045903499586154,0.06098684539368561,0.09144936415342753,0.9822157118055556,True,0.04115976609521068,0.04588084320838068,0.0017691586843113882,2.4255762115705775,3.6903050384519727,0.5015715924282972,-0.004354601717938122,0.11582430743872787,0.04541730864860484,0.08292166202404391,0.09895933132023149,0.005876486291760815,0.9756944444444445,0.9867621527777777,0.0044929606109759945
low_cost_plus_urine_micro_model,random_forest,isotonic,0.024720964787170386,0.003301200506061344,0.021129092753235202,0.028601896426838472,2.2823100395021396,2.2039689539595915,0.7481347568237408,5.704689661885234,0.06803849431100159,0.23386943924120937,-0.3188822819313086,0.23929613888149046,0.02491641698726211,0.00553715942875673,0.01757025814589267,0.03081073827082525,0.9886067708333334,0.005456723507239681,0.97998046875,0.9934353298611112,0.024720964787170386,2.2823100395021396,0.06803849431100159,0.02491641698726211,0.9886067708333334,True,0.021129092753235202,0.028601896426838472,0.003301200506061344,0.7481347568237408,5.704689661885234,2.2039689539595915,-0.3188822819313086,0.23929613888149046,0.23386943924120937,0.01757025814589267,0.03081073827082525,0.00553715942875673,0.97998046875,0.9934353298611112,0.005456723507239681
low_cost_plus_urine_micro_model,random_forest,none,0.03834815183929599,0.006456650677529205,0.029691577179564447,0.047769993858646435,2.580433854916739,0.7682160011690978,1.5410571909591257,3.6491888770181835,0.3033637446459348,0.16383408132875107,0.14882081584395765,0.5766559025695372,0.08805533659313972,0.020381967105448887,0.05922658812345823,0.11536533382211421,0.9890625,0.003382607188161413,0.9840494791666666,0.9920247395833333,0.03834815183929599,2.580433854916739,0.3033637446459348,0.08805533659313972,0.9890625,True,0.029691577179564447,0.047769993858646435,0.006456650677529205,1.5410571909591257,3.6491888770181835,0.7682160011690978,0.14882081584395765,0.5766559025695372,0.16383408132875107,0.05922658812345823,0.11536533382211421,0.020381967105448887,0.9840494791666666,0.9920247395833333,0.003382607188161413
low_cost_plus_urine_micro_model,random_forest,sigmoid,0.027339745411107074,0.002399737716246055,0.025679717847449605,0.03150776459769313,1.9511326759031278,0.1938091472602365,1.7426635782442688,2.1508114404275833,0.05072780077897103,0.049709616463812,0.005438714657573021,0.1265678614425335,0.059756014367471376,0.003580911108503888,0.05581462814675456,0.06425386780564371,0.988552517361111,0.0056397521679323395,0.9807942708333333,0.994900173611111,0.027339745411107074,1.9511326759031278,0.05072780077897103,0.059756014367471376,0.988552517361111,True,0.025679717847449605,0.03150776459769313,0.002399737716246055,1.7426635782442688,2.1508114404275833,0.1938091472602365,0.005438714657573021,0.1265678614425335,0.049709616463812,0.05581462814675456,0.06425386780564371,0.003580911108503888,0.9807942708333333,0.994900173611111,0.0056397521679323395
low_cost_plus_urine_micro_model,svm,isotonic,0.022189207173366976,0.003414749930771852,0.018849307786500714,0.02762008711593098,1.9186525439562292,1.22248625179046,0.9661935128891325,3.782522437698614,0.27128143489523177,0.1964354378653028,0.04957444775692472,0.5099015672056695,0.023570366129965818,0.0062974733078450034,0.016125045294047256,0.03172185106207241,0.9885199652777776,0.004696389391680865,0.9822048611111112,0.992947048611111,0.022189207173366976,1.9186525439562292,0.27128143489523177,0.023570366129965818,0.9885199652777776,True,0.018849307786500714,0.02762008711593098,0.003414749930771852,0.9661935128891325,3.782522437698614,1.22248625179046,0.04957444775692472,0.5099015672056695,0.1964354378653028,0.016125045294047256,0.03172185106207241,0.0062974733078450034,0.9822048611111112,0.992947048611111,0.004696389391680865
low_cost_plus_urine_micro_model,svm,none,0.02570025210563795,0.004863138861738598,0.021947522636493178,0.03411735075191609,1.9535865358161089,0.8029685985699365,1.0183723346462545,3.027739267339337,0.03398645477941219,0.19424185580274303,-0.09359695986858613,0.374308019095292,0.031125013732346395,0.00716705756598703,0.021285228691434926,0.04013037709155635,0.9849066840277778,0.006968393356066229,0.974609375,0.99169921875,0.02570025210563795,1.9535865358161089,0.03398645477941219,0.031125013732346395,0.9849066840277778,True,0.021947522636493178,0.03411735075191609,0.004863138861738598,1.0183723346462545,3.027739267339337,0.8029685985699365,-0.09359695986858613,0.374308019095292,0.19424185580274303,0.021285228691434926,0.04013037709155635,0.00716705756598703,0.974609375,0.99169921875,0.006968393356066229
low_cost_plus_urine_micro_model,svm,sigmoid,0.03365712870522351,0.004162445802840788,0.028013326526811162,0.039616678468748126,3.4084656723089672,1.1850934437864307,2.5361781281897025,5.166232246396093,0.0398544655612514,0.04533795122335357,0.0037897378581700208,0.09394619839274795,0.07644904429404473,0.0062527041016762295,0.06557311844184675,0.08129412705679631,0.9861002604166668,0.0047626391354193415,0.9794921875,0.9912651909722223,0.03365712870522351,3.4084656723089672,0.0398544655612514,0.07644904429404473,0.9861002604166668,True,0.028013326526811162,0.039616678468748126,0.004162445802840788,2.5361781281897025,5.166232246396093,1.1850934437864307,0.0037897378581700208,0.09394619839274795,0.04533795122335357,0.06557311844184675,0.08129412705679631,0.0062527041016762295,0.9794921875,0.9912651909722223,0.0047626391354193415
low_cost_plus_urine_micro_model,xgboost,isotonic,0.03408587453409538,0.003847246502090946,0.029952968028398058,0.039775481693083176,1.6617788726184615,1.3003523231767151,0.8538781732659347,3.961084620788464,0.15484462590553064,0.1474772802520194,-0.04397661827232379,0.3697812718359076,0.028806361264549184,0.005294465199423464,0.02186685963533819,0.034546060574939426,0.9857855902777779,0.0051802833537888966,0.9775933159722223,0.989963107638889,0.03408587453409538,1.6617788726184615,0.15484462590553064,0.028806361264549184,0.9857855902777779,True,0.029952968028398058,0.039775481693083176,0.003847246502090946,0.8538781732659347,3.961084620788464,1.3003523231767151,-0.04397661827232379,0.3697812718359076,0.1474772802520194,0.02186685963533819,0.034546060574939426,0.005294465199423464,0.9775933159722223,0.989963107638889,0.0051802833537888966
low_cost_plus_urine_micro_model,xgboost,none,0.037115338750995736,0.003084912171482521,0.03376807163873178,0.04124004562255631,1.8097450907872799,0.30181966805694616,1.4842832070232257,2.302861600960295,0.20825737585878085,0.0778902596332058,0.1361749011065579,0.3323251760359522,0.045623875035904336,0.009713750125449259,0.035291381408460415,0.05903723423834889,0.98603515625,0.003980260426832841,0.9812282986111112,0.9913736979166667,0.037115338750995736,1.8097450907872799,0.20825737585878085,0.045623875035904336,0.98603515625,True,0.03376807163873178,0.04124004562255631,0.003084912171482521,1.4842832070232257,2.302861600960295,0.30181966805694616,0.1361749011065579,0.3323251760359522,0.0778902596332058,0.035291381408460415,0.05903723423834889,0.009713750125449259,0.9812282986111112,0.9913736979166667,0.003980260426832841
low_cost_plus_urine_micro_model,xgboost,sigmoid,0.03621724402432714,0.002417193272112843,0.033888446994766834,0.039867081944131334,1.861554025414918,0.16780896527174458,1.749783323212082,2.1525752284001656,0.060184235411978905,0.03704998218665233,0.02791202628792253,0.12381578176861699,0.059940802225983816,0.008636443674213966,0.047248297173031376,0.07025714203299624,0.9857964409722222,0.004359123851692504,0.9792209201388888,0.99072265625,0.03621724402432714,1.861554025414918,0.060184235411978905,0.059940802225983816,0.9857964409722222,True,0.033888446994766834,0.039867081944131334,0.002417193272112843,1.749783323212082,2.1525752284001656,0.16780896527174458,0.02791202628792253,0.12381578176861699,0.03704998218665233,0.047248297173031376,0.07025714203299624,0.008636443674213966,0.9792209201388888,0.99072265625,0.004359123851692504
