ref_key,citation,year,doi_or_url,dataset_version,reported_headline_metric,metric_value,used_affected,used_stage,used_grf,kabir_sc_egfr_coding,did_external_validation,validation_design,verified_from,todo_hand_check,notes,verification_attempt
dharmarathne2024,"Dharmarathne G, Bogahawaththa M, McAfee M, Rathnayake U, Meddage D. On the diagnosis of chronic kidney disease using a machine learning-based interface with explainable artificial intelligence. Intelligent Systems with Applications. 2024;22:200397.",2024,10.1016/j.iswa.2024.200397,uci2015-continuous,unclear,unclear,na,na,na,yes,no,internal CV only (per Kabir Table 1),citation-only,yes,Coding of SC/eGFR use and no-external-validation per Kabir et al. Table 1; metrics not yet independently verified.,not attempted in this revision (coded from the reference survey only)
islam2023,"Islam MA, Majumder MZH, Hussein MA. Chronic kidney disease prediction based on machine learning algorithms. Journal of Pathology Informatics. 2023;14:100189.",2023,10.1016/j.jpi.2023.100189,uci2015-continuous,accuracy,0.9916,na,na,na,yes,no,10-fold CV; no external validation,full-text,no,"VERIFIED (PMC full text 2026-08-22): XGBoost 99.16% accuracy after PCA; serum creatinine among predictors; no external validation. First author's name matches the depositor of the v2/UCI-2023 dataset (Islam MA and Akter S, doi:10.24432/C5WP64); identity unconfirmed.",not attempted in this revision (coded from the reference survey only)
pujitha2023,"Pujitha K, Soni NB, Eram LF, Sai PN, Divija S, Supriya RS. Chronic kidney disease detection using machine learning approach. 2023 2nd International Conference on Vision Towards Emerging Trends in Communication and Networking Technologies (ViTECoN), IEEE. 2023:1-5.",2023,10.1109/ViTECoN58111.2023.10157084,uci2015-continuous,unclear,unclear,na,na,na,yes,no,internal only (per Kabir Table 1),citation-only,yes,Per Kabir Table 1; DOI suffix unverified.,not attempted in this revision (coded from the reference survey only)
gogoi2025,"Gogoi P, Valan JA. Chronic kidney disease prediction using machine learning techniques: a comparative study of feature selection methods with SMOTE and SHAP. Multiscale and Multidisciplinary Modeling, Experiments and Design. 2025;8:1-23.",2025,10.1007/s41939-025-00754-x,uci2015-continuous,unclear,unclear,na,na,na,yes,no,internal only; uses SMOTE (per Kabir Table 1),citation-only,yes,Per Kabir Table 1; DOI suffix unverified.,not attempted in this revision (coded from the reference survey only)
bijoy2025,"Bijoy MHI, Mia MJ, Rahman MM, Arefin MS, Dhar PK, Shimamura T. A robot process automation based mobile application for early prediction of chronic kidney disease using machine learning. Discover Applied Sciences. 2025;7:528.",2025,10.1007/s42452-025-06550-8,uci2015-continuous,unclear,unclear,na,na,na,yes,no,internal only (per Kabir Table 1),citation-only,yes,Per Kabir Table 1; DOI suffix unverified.,not attempted in this revision (coded from the reference survey only)
jawad2025,"Jawad KT, Verma A, Amsaad F, Ashraf L. A study on the application of explainable ai on ensemble models for predictive analysis of chronic kidney disease. IEEE Access. 2025.",2025,https://ieeexplore.ieee.org (IEEE Access 2025),uci2015-continuous,unclear,unclear,na,na,na,yes,no,internal only (per Kabir Table 1),citation-only,yes,Per Kabir Table 1.,not attempted in this revision (coded from the reference survey only)
nneji2025,"Nneji GU, Monday HN, Pathapati VSR, Nahar S, Mgbejime GT, Umana ES, Hossin MA. Ffs-iml: fusion-based statistical feature selection for machine learning-driven interpretability of chronic kidney disease. International Journal of Machine Learning and Cybernetics. 2025:1-34.",2025,10.1007/s13042-025-02616-6,uci2015-continuous,unclear,unclear,na,na,na,yes,no,internal only (per Kabir Table 1),citation-only,yes,Per Kabir Table 1; DOI suffix unverified.,not attempted in this revision (coded from the reference survey only)
metherall2025,"Metherall B, Berryman AK, Brennan GS. Machine learning for classifying chronic kidney disease and predicting creatinine levels using at-home measurements. Scientific Reports. 2025;15:4364.",2025,10.1038/s41598-025-88631-y,uci2015-continuous,unclear,unclear,na,na,na,no,no,internal only; excludes SC/eGFR (per Kabir Table 1),citation-only,yes,Per Kabir Table 1: one of the few studies avoiding SC/eGFR as inputs; DOI suffix unverified.,not attempted in this revision (coded from the reference survey only)
natarajan2025,"Natarajan SS, Balasubramanian E, Raghupathy BK, Ganesan M. Using machine learning models with elephant herd feature selection method for diagnosing chronic kidney disease. Computational Journal of Mathematical and Statistical Sciences. 2025.",2025,unverified,uci2015-continuous,unclear,unclear,na,na,na,no,no,internal only (per Kabir Table 1),citation-only,yes,Per Kabir Table 1.,not attempted in this revision (coded from the reference survey only)
hossain2025_acdml,"Hossain MF, Diya ST, Khan R. ACD-ML: Advanced ckd detection using machine learning: A tri-phase ensemble and multi-layered stacking and blending approach. Computer Methods and Programs in Biomedicine Update. 2025;7:100173.",2025,10.1016/j.cmpbup.2024.100173,uci2015+uci2023-MERGED,accuracy,0.995,unclear,unclear,unclear,yes,pseudo-external,"cross-dataset between UCI-2015 and UCI-2023, plus MERGED training sets; SMOTE oversampling",abstract,yes,"VERIFIED (DOAJ abstract 2026-08-22): merges CKD15+CKD21 into Discrete/Ranged Merged datasets; 99.5% accuracy (Tri-phase Ensemble, Discrete Merged); RF and SVM reach 100% accuracy in ranged validation. Our provenance analysis (table_24) shows CKD21 is a discretised subset of CKD15, so the merged datasets duplicate about 200 patients and the cross-dataset validation is same-patient. Feature-level coding of affected/stage/grf still to be hand-checked.",2026-08-25: abstract accessible; cross-release and merged training verified from abstract text.
rahman2024,"Rahman MM, Al-Amin M, Hossain J. Machine learning models for chronic kidney disease diagnosis and prediction. Biomedical Signal Processing and Control. 2024;87:105368.",2024,10.1016/j.bspc.2023.105368,uci2015+uci2023,unclear,unclear,unclear,unclear,unclear,yes,pseudo-external,cross-dataset between UCI-2015 and UCI-2023 (per Kabir sect. 2),citation-only,yes,Paywalled (BSPC); hand-check required for metrics and feature use. Per our table_24 finding the UCI-2015 to UCI-2023 transfer evaluates on the same patients.,2026-08-25: ScienceDirect returned HTTP 403. Not verified.
ashafuddula2023,"Ashafuddula NIM, Islam B, Islam R. An intelligent diagnostic system to analyze early-stage chronic kidney disease for clinical application. Applied Computational Intelligence and Soft Computing. 2023;2023:3140270.",2023,10.1155/2023/3140270,uci2015+uci2023,unclear,unclear,unclear,unclear,unclear,no,pseudo-external,cross-dataset between UCI-2015 and UCI-2023 (per Kabir Table 1),citation-only,yes,"Wiley full text inaccessible to automated fetch (HTTP 403); hand-check required. Kabir Table 1 codes it as NOT using SC/eGFR, with cross-dataset validation; per our table_24 finding that validation is same-patient.",2026-08-25: publisher page (Wiley/Hindawi) returned HTTP 403; search located the paper and an accuracy figure but not the validation design. Not verified.
kabir2026,"Kabir MA, Munira S, Azad DT, Ikram SM, Sarker MHR, Hanifi SMA. Community-based early-stage chronic kidney disease screening using explainable machine learning for low-resource settings. International Journal of Medical Informatics / arXiv:2601.01119. 2026.",2026,10.48550/arXiv.2601.01119,"tangailbd-primary; external: uci2015, uci2023, th","external sensitivity (TH, S2 subset)",0.9821,no,no,no,no,yes,"trains on community TangailBD; frozen-model external validation on UCI-2015, UCI-2023 and TH",full-text,yes,"READ IN FULL (arXiv PDF 2026-08-22). Explicitly names SC/eGFR use on these benchmarks as information leakage / circular reasoning; its S1/S2 subsets exclude SC/eGFR. Its UCI-2015 and UCI-2023 external validations are, per our table_24 finding, evaluations on overlapping cohorts - unknown to the authors. Internal headline metric still to be transcribed from the results section (todo).",not attempted in this revision (coded from the reference survey only)
