shuffle,null_match_fraction
0,0.0
1,0.0
2,0.005
3,0.0
4,0.0
5,0.005
6,0.0
7,0.0
8,0.01
9,0.0
10,0.005
11,0.005
12,0.0
13,0.0
14,0.0
15,0.0
16,0.0
17,0.015
18,0.005
19,0.0
20,0.0
21,0.01
22,0.0
23,0.0
24,0.005
25,0.005
26,0.0
27,0.005
28,0.005
29,0.0
30,0.005
31,0.0
32,0.01
33,0.005
34,0.0
35,0.0
36,0.0
37,0.0
38,0.0
39,0.005
40,0.0
41,0.0
42,0.005
43,0.005
44,0.0
45,0.005
46,0.0
47,0.0
48,0.0
49,0.015
50,0.005
51,0.0
52,0.005
53,0.005
54,0.005
55,0.005
56,0.0
57,0.005
58,0.01
59,0.005
60,0.0
61,0.0
62,0.005
63,0.0
64,0.0
65,0.0
66,0.015
67,0.005
68,0.01
69,0.0
70,0.0
71,0.005
72,0.0
73,0.0
74,0.0
75,0.0
76,0.0
77,0.0
78,0.005
79,0.01
80,0.005
81,0.01
82,0.0
83,0.01
84,0.0
85,0.01
86,0.005
87,0.005
88,0.0
89,0.005
90,0.005
91,0.005
92,0.0
93,0.0
94,0.0
95,0.0
96,0.01
97,0.0
98,0.005
99,0.0
100,0.01
101,0.0
102,0.0
103,0.0
104,0.0
105,0.0
106,0.005
107,0.0
108,0.0
109,0.0
110,0.0
111,0.0
112,0.01
113,0.0
114,0.005
115,0.0
116,0.005
117,0.005
118,0.01
119,0.0
120,0.005
121,0.005
122,0.005
123,0.01
124,0.005
125,0.01
126,0.0
127,0.01
128,0.005
129,0.0
130,0.0
131,0.0
132,0.005
133,0.0
134,0.005
135,0.005
136,0.0
137,0.005
138,0.005
139,0.0
140,0.0
141,0.01
142,0.005
143,0.005
144,0.0
145,0.0
146,0.0
147,0.005
148,0.005
149,0.005
150,0.0
151,0.0
152,0.005
153,0.0
154,0.0
155,0.005
156,0.0
157,0.0
158,0.005
159,0.01
160,0.0
161,0.0
162,0.0
163,0.0
164,0.0
165,0.005
166,0.005
167,0.0
168,0.005
169,0.005
170,0.005
171,0.0
172,0.0
173,0.005
174,0.0
175,0.005
176,0.005
177,0.0
178,0.0
179,0.005
180,0.01
181,0.005
182,0.005
183,0.0
184,0.005
185,0.0
186,0.0
187,0.0
188,0.01
189,0.005
190,0.01
191,0.0
192,0.005
193,0.0
194,0.0
195,0.0
196,0.01
197,0.0
198,0.005
199,0.005
