config,model,subgroup,exploratory,n,n_cases,n_controls,roc_auc,pr_auc,sensitivity,specificity,brier,roc_auc_ci_low,roc_auc_ci_high,pr_auc_ci_low,pr_auc_ci_high,sensitivity_ci_low,sensitivity_ci_high
low_cost_model,svm,all_patients,False,200,128,72,0.9932725694444445,0.9967742437956668,0.96875,1.0,0.019172094992059966,0.9833957248263889,0.9996744791666666,0.9924365913849552,0.9998798076923077,0.9373046875,0.9921875
low_cost_model,svm,early_ckd_s1_s2,True,93,21,72,0.9834656084656085,0.9640552995391705,0.9047619047619048,1.0,0.024197987166198046,0.9543485449735449,1.0,0.907464959163742,1.0,0.7619047619047619,1.0
low_cost_model,svm,moderate_ckd_s3,True,103,31,72,1.0,1.0,1.0,1.0,0.006977741039635541,0.9999999999999999,1.0,1.0,1.0,1.0,1.0
low_cost_model,svm,advanced_ckd_s4_s5,True,148,76,72,0.9932383040935673,0.9954269414795731,0.9736842105263158,1.0,0.014146942172449144,0.9786184210526315,1.0,0.9855247493734336,1.0,0.9342105263157895,1.0
laboratory_model,svm,all_patients,False,200,128,72,0.9939236111111112,0.9968929874934903,0.96875,0.9722222222222222,0.026554276718984724,0.9854600694444444,0.9992404513888888,0.9930558349829484,0.9996410340057821,0.9375,0.9921875
laboratory_model,svm,early_ckd_s1_s2,True,93,21,72,0.9794973544973544,0.9467788166317578,0.8571428571428571,0.9722222222222222,0.044998564431894504,0.9497354497354498,0.998015873015873,0.8807545496100849,0.9936030390417036,0.7130952380952382,1.0
laboratory_model,svm,moderate_ckd_s3,True,103,31,72,0.9995519713261649,0.998991935483871,1.0,0.9722222222222222,0.022556376390170402,0.9973118279569892,1.0,0.9943074003795066,1.0,1.0,1.0
laboratory_model,svm,advanced_ckd_s4_s5,True,148,76,72,0.9956140350877193,0.9967699851702622,0.9868421052631579,0.9722222222222222,0.022178885691037677,0.9851927997076023,1.0,0.9898213438164585,1.0,0.9605263157894737,1.0
full_valid_model,svm,all_patients,False,200,128,72,1.0,1.0,1.0,1.0,0.0035769305399438317,1.0,1.0,1.0,1.0,1.0,1.0
full_valid_model,svm,early_ckd_s1_s2,True,93,21,72,1.0,1.0,1.0,1.0,0.005040768146480879,1.0,1.0,1.0,1.0,1.0,1.0
full_valid_model,svm,moderate_ckd_s3,True,103,31,72,1.0,1.0,1.0,1.0,0.001953330659884221,0.9999999999999999,1.0,1.0,1.0,1.0,1.0
full_valid_model,svm,advanced_ckd_s4_s5,True,148,76,72,1.0,1.0,1.0,1.0,0.0030252543522356254,1.0,1.0,1.0,1.0,1.0,1.0
