variable,n_unobserved_in_source,n_distinct_labels_assigned,assigned_label,assigned_label_share,unobserved_ckd,unobserved_non_ckd,missingness_odds_ratio_ckd,missingness_fisher_p
age,3,1,51 - 59,1.0,3,0,inf,0.2936
rbcc,58,1,4.46 - 5.05,1.0,56,2,31.213,2.688e-12
wbcc,46,1,7360 - 9740,1.0,44,2,20.493,6.946e-09
pcv,31,1,37.4 - 41.3,1.0,29,2,11.205,3.334e-05
pot,37,1,< 7.31,1.0,32,5,4.894,0.0005888
sod,37,1,133 - 138,1.0,32,5,4.894,0.0005888
al,23,1,< 0,1.0,20,3,4.605,0.01059
su,23,1,< 0,1.0,20,3,4.605,0.01059
sg,22,1,1.019 - 1.021,1.0,19,3,4.33,0.01757
hemo,22,1,11.3 - 12.6,1.0,18,4,3.0,0.06013
bgr,16,1,112 - 154,1.0,12,4,1.886,0.4188
sc,10,1,< 3.65,1.0,6,4,0.892,1.0
bu,11,1,48.1 - 86.2,1.0,6,5,0.703,0.7495
