quantity,term,real,null_mean,real_sd,null_sd_mean,synthetic_values_off_observed_support
marginal,age,55.0,54.2,17.16971408926224,17.34204037273755,0
marginal,sg,1.02,1.02,0.0057166169743763555,0.005679184570996618,0
marginal,al,0.0,0.0,1.3526789127628456,1.3350127891549535,0
marginal,su,0.0,0.0,1.099191251885407,1.0571435544840102,0
marginal,bgr,121.0,120.45,79.28171423511773,77.04044758820552,0
marginal,bu,42.0,41.25,50.50300584922251,48.32476079825599,0
marginal,sc,1.3,1.25,5.741126066859788,4.927547626733005,0
marginal,sod,138.0,138.45,10.40875205179878,8.60382178088186,0
marginal,pot,4.4,4.38,3.193904176556695,2.8418518810174107,0
marginal,hemo,12.649999999999999,12.6425,2.9125866088267642,2.8728271749853738,0
marginal,pcv,40.0,40.35,8.990104814740937,8.887125857559997,0
marginal,wbcc,8000.0,8007.5,2944.4741904103385,2800.9987420408283,0
marginal,rbcc,4.8,4.755,1.0253232655721793,1.0036999450374506,0
spearman_pair,age~sg,-0.23340756950350755,-0.2072705462306738,,0.040552901056675,0
spearman_pair,age~al,0.21267387199211263,0.18067394875437762,,0.042689245572474326,0
spearman_pair,age~su,0.281370969272155,0.19873137629657361,,0.06793300592153344,0
spearman_pair,age~bgr,0.298604634281882,0.20007263131873226,,0.04303775757263576,0
spearman_pair,age~bu,0.30901868713697556,0.2548872406691535,,0.06242590545703061,0
spearman_pair,age~sc,0.34976694414954335,0.28960451025432643,,0.04983979141230439,0
spearman_pair,age~sod,-0.13370929752135685,-0.09541200678457831,,0.04426934361633505,0
spearman_pair,age~pot,0.07197900660537836,0.05013351717734081,,0.05784487693988691,0
spearman_pair,age~hemo,-0.2295621129598391,-0.20970549001878047,,0.038177111809733204,0
spearman_pair,age~pcv,-0.2872103961170627,-0.23956041798304706,,0.039606270620447304,0
spearman_pair,age~wbcc,0.16184382776848083,0.17199975654335667,,0.04353379493193082,0
spearman_pair,age~rbcc,-0.2940516122151064,-0.22416381071302297,,0.044780516056800466,0
spearman_pair,sg~al,-0.5195016438490113,-0.5360530037161859,,0.0407719831306184,0
spearman_pair,sg~su,-0.3336486740076968,-0.30388514762207214,,0.051221056674126915,0
spearman_pair,sg~bgr,-0.37697418391777016,-0.3468755141124953,,0.055610132906798886,0
spearman_pair,sg~bu,-0.34369476072861466,-0.3589943774818232,,0.04765539800304625,0
spearman_pair,sg~sc,-0.5588993972087102,-0.5755409922946989,,0.035204552552700455,0
spearman_pair,sg~sod,0.4278563848528895,0.4350307332680877,,0.047529701324172745,0
spearman_pair,sg~pot,0.05896782692395748,0.023736964304475795,,0.04671447495383156,0
spearman_pair,sg~hemo,0.6286879101617968,0.6327296065039015,,0.02871062802016615,0
spearman_pair,sg~pcv,0.6285862600797746,0.616220875991316,,0.034427824109458584,0
spearman_pair,sg~wbcc,-0.22010556636344927,-0.15888816947566162,,0.056022420291507904,0
spearman_pair,sg~rbcc,0.5840383776488874,0.5718748431661396,,0.03645381868718702,0
spearman_pair,al~su,0.3577817918431564,0.30674677741327394,,0.0537432751610375,0
spearman_pair,al~bgr,0.3722597299905677,0.3304735297164793,,0.05846918810730868,0
spearman_pair,al~bu,0.49487061897201134,0.4520884063535471,,0.036807064831272246,0
spearman_pair,al~sc,0.6409445459971237,0.6036255043017875,,0.030627599614385922,0
spearman_pair,al~sod,-0.5340090236035423,-0.46902715027465913,,0.04850421089704686,0
spearman_pair,al~pot,0.053040214436832774,0.05171643080537166,,0.07273846123121123,0
spearman_pair,al~hemo,-0.6833248445268777,-0.6512277072952429,,0.03214808906801497,0
spearman_pair,al~pcv,-0.6607945462899613,-0.6362452860542487,,0.028152656182826974,0
spearman_pair,al~wbcc,0.19356789944154948,0.1797152633646516,,0.06496446651720637,0
spearman_pair,al~rbcc,-0.6241209978029056,-0.6177897357369856,,0.03850654097120992,0
spearman_pair,su~bgr,0.6019809441515173,0.43425297431592585,,0.05352419985433311,0
spearman_pair,su~bu,0.2228701706800747,0.19833989974087912,,0.059253752934551124,0
spearman_pair,su~sc,0.3560928112758446,0.30199697552602295,,0.04706132472354287,0
spearman_pair,su~sod,-0.2292662160993647,-0.21764512152647392,,0.07023581829424476,0
spearman_pair,su~pot,0.05462728971858867,0.0627965938816049,,0.06205652616638113,0
spearman_pair,su~hemo,-0.2964274984541381,-0.2923499379286948,,0.04906221299677549,0
spearman_pair,su~pcv,-0.30466167747614176,-0.3038460373219101,,0.04781084614600805,0
spearman_pair,su~wbcc,0.24673817790240513,0.15764886838980743,,0.07026841967786812,0
spearman_pair,su~rbcc,-0.30988177085112745,-0.3110613187823688,,0.054197699938750496,0
spearman_pair,bgr~bu,0.19513447475711143,0.1682241721805601,,0.04933092884025942,0
spearman_pair,bgr~sc,0.35921801573091355,0.3157310158836399,,0.051406376261345,0
spearman_pair,bgr~sod,-0.261038123178229,-0.2744617115246816,,0.04672386794456051,0
spearman_pair,bgr~pot,0.07169582583129654,0.04987749129936178,,0.05850549446667716,0
spearman_pair,bgr~hemo,-0.3491187222612506,-0.33687703856256557,,0.048517165355611444,0
spearman_pair,bgr~pcv,-0.3501495345119845,-0.349559923170701,,0.05052232166655352,0
spearman_pair,bgr~wbcc,0.11028378429411514,0.09137014733368957,,0.07030722343391697,0
spearman_pair,bgr~rbcc,-0.32844724671006975,-0.3031758227893787,,0.07399505684393796,0
spearman_pair,bu~sc,0.7029989151014979,0.6779579602766302,,0.02826794151028249,0
spearman_pair,bu~sod,-0.413504620897725,-0.34908069935172714,,0.042974133849093425,0
spearman_pair,bu~pot,0.21228983009533361,0.17787429163920288,,0.05875863719937945,0
spearman_pair,bu~hemo,-0.5921659267396283,-0.5332251172167908,,0.04536167911849165,0
spearman_pair,bu~pcv,-0.565069393303356,-0.5216403423202326,,0.04684219769955606,0
spearman_pair,bu~wbcc,0.09417558041899927,0.09904566235604018,,0.04956604895178686,0
spearman_pair,bu~rbcc,-0.5658242648017943,-0.4531658941373891,,0.05587292373782462,0
spearman_pair,sc~sod,-0.4967773894292793,-0.4756741997037242,,0.0398522406435197,0
spearman_pair,sc~pot,0.12881331071819643,0.10803013833363173,,0.06654095397620485,0
spearman_pair,sc~hemo,-0.7264628007413281,-0.7081767764105402,,0.0222818655915384,0
spearman_pair,sc~pcv,-0.7190674437978618,-0.6934367879877621,,0.022864511154977327,0
spearman_pair,sc~wbcc,0.12725205789251595,0.1353327466305883,,0.0581600686768947,0
spearman_pair,sc~rbcc,-0.653615071060801,-0.5877969418236644,,0.037030551170971836,0
spearman_pair,sod~pot,0.020811281460428842,0.021885735434466945,,0.05148619484670647,0
spearman_pair,sod~hemo,0.5113186930742307,0.49526918781552576,,0.03601489924075407,0
spearman_pair,sod~pcv,0.5178382822178633,0.48153815063137395,,0.04229177892965034,0
spearman_pair,sod~wbcc,0.042591719640901624,0.04307802916364293,,0.07934975164546346,0
spearman_pair,sod~rbcc,0.44394236791117675,0.3980535513187515,,0.04716720111702082,0
spearman_pair,pot~hemo,-0.06347477981509297,-0.05456420334962975,,0.05088660739365871,0
spearman_pair,pot~pcv,-0.14182511885498503,-0.1456809229180736,,0.05862005548634575,0
spearman_pair,pot~wbcc,-0.08684639099794328,-0.037062454575559046,,0.05519481408343677,0
spearman_pair,pot~rbcc,-0.10898644497278055,-0.09115528044732556,,0.052708153828572135,0
spearman_pair,hemo~pcv,0.8677546717027456,0.8561813529473176,,0.013285000897053265,0
spearman_pair,hemo~wbcc,-0.1649659942851637,-0.1701250669667909,,0.05941998695894371,0
spearman_pair,hemo~rbcc,0.7768794660310793,0.7404268389380864,,0.02317332207633467,0
spearman_pair,pcv~wbcc,-0.1768862903439274,-0.17692225508137874,,0.05233748903413373,0
spearman_pair,pcv~rbcc,0.7642044730906448,0.719438494255199,,0.024824298762362598,0
spearman_pair,wbcc~rbcc,-0.13563757903999496,-0.127380179616763,,0.059927142328874826,0
