config,model,calibration,variant,n_primary,n_variant,primary_roc_auc,variant_roc_auc,delta_roc_auc,primary_sensitivity,variant_sensitivity,delta_sensitivity,primary_specificity,variant_specificity,delta_specificity,primary_brier,variant_brier,delta_brier
low_cost_model,svm,none,exclude_inconsistent,200,196,0.9908854166666667,0.9918428308823529,0.0009574142156861809,0.96875,0.96875,0.0,1.0,1.0,0.0,0.021044378973145726,0.020580693775760838,-0.0004636851973848881
low_cost_model,svm,none,flip_inconsistent,200,200,0.9908854166666667,0.9668003565062389,-0.024085060160427885,0.96875,0.9393939393939394,-0.029356060606060552,1.0,1.0,0.0,0.021044378973145726,0.03855138524866422,0.017507006275518495
low_cost_model,svm,isotonic,exclude_inconsistent,200,196,0.9932725694444445,0.9940257352941176,0.0007531658496731097,0.96875,0.96875,0.0,1.0,1.0,0.0,0.019172094992059966,0.019321276947424665,0.00014918195536469878
low_cost_model,svm,isotonic,flip_inconsistent,200,200,0.9932725694444445,0.9712566844919786,-0.02201588495246598,0.96875,0.9393939393939394,-0.029356060606060552,1.0,1.0,0.0,0.019172094992059966,0.038969163403488986,0.01979706841142902
low_cost_model,random_forest,none,exclude_inconsistent,200,196,0.9920789930555556,0.9895450367647058,-0.002533956290849737,0.9609375,0.9609375,0.0,1.0,1.0,0.0,0.0300754227346847,0.03158237808328217,0.0015069553485974677
low_cost_model,random_forest,none,flip_inconsistent,200,200,0.9920789930555556,0.9737076648841355,-0.018371328171420065,0.9609375,0.9393939393939394,-0.021543560606060552,1.0,0.9852941176470589,-0.014705882352941124,0.0300754227346847,0.04623211799257385,0.016156695257889153
full_valid_model,svm,none,exclude_inconsistent,200,196,1.0,1.0,0.0,0.9765625,0.984375,0.0078125,1.0,1.0,0.0,0.006946092730178056,0.006671213682270971,-0.000274879047907085
full_valid_model,svm,none,flip_inconsistent,200,200,1.0,0.9948752228163993,-0.005124777183600715,0.9765625,0.9621212121212122,-0.014441287878787845,1.0,0.9852941176470589,-0.014705882352941124,0.006946092730178056,0.02338574124939572,0.016439648519217663
full_valid_model,svm,isotonic,exclude_inconsistent,200,196,1.0,1.0,0.0,1.0,1.0,0.0,1.0,1.0,0.0,0.0035769305399438317,0.0029963419103917538,-0.0005805886295520779
full_valid_model,svm,isotonic,flip_inconsistent,200,200,1.0,0.9946524064171123,-0.005347593582887722,1.0,0.9696969696969697,-0.030303030303030276,1.0,0.9705882352941176,-0.02941176470588236,0.0035769305399438317,0.023310530113077196,0.019733599573133365
laboratory_model,svm,none,exclude_inconsistent,200,196,0.9951171875,0.9952895220588236,0.00017233455882359472,0.96875,0.96875,0.0,0.9722222222222222,0.9705882352941176,-0.0016339869281045694,0.02757735259554642,0.02387558215632565,-0.003701770439220771
laboratory_model,svm,none,flip_inconsistent,200,200,0.9951171875,0.9935383244206775,-0.0015788630793225344,0.96875,0.9545454545454546,-0.014204545454545414,0.9722222222222222,0.9705882352941176,-0.0016339869281045694,0.02757735259554642,0.03056878487275745,0.0029914322772110306
laboratory_model,svm,isotonic,exclude_inconsistent,200,196,0.9939236111111112,0.9951746323529411,0.0012510212418299638,0.96875,0.96875,0.0,0.9722222222222222,0.9705882352941176,-0.0016339869281045694,0.026554276718984724,0.024473336410807706,-0.0020809403081770185
laboratory_model,svm,isotonic,flip_inconsistent,200,200,0.9939236111111112,0.9917557932263815,-0.002167817884729639,0.96875,0.9545454545454546,-0.014204545454545414,0.9722222222222222,0.9264705882352942,-0.04575163398692805,0.026554276718984724,0.03431783838727636,0.007763561668291636
laboratory_model,random_forest,none,exclude_inconsistent,200,196,0.9942491319444444,0.9954044117647058,0.0011552798202614234,0.953125,0.9609375,0.0078125,0.9583333333333334,0.9705882352941176,0.01225490196078427,0.03283188724205681,0.027838154933961686,-0.004993732308095123
laboratory_model,random_forest,none,flip_inconsistent,200,200,0.9942491319444444,0.9925356506238858,-0.0017134813205585964,0.953125,0.946969696969697,-0.006155303030302983,0.9583333333333334,0.9558823529411765,-0.002450980392156854,0.03283188724205681,0.036443258563714685,0.003611371321657876
