pair_index,internal_row,candidate_row,age__interval,age__value,sg__interval,sg__value,al__interval,al__value,su__interval,su__value,bgr__interval,bgr__value,bu__interval,bu__value,sc__interval,sc__value,sod__interval,sod__value,pot__interval,pot__value,hemo__interval,hemo__value,pcv__interval,pcv__value,wbcc__interval,wbcc__value,rbcc__interval,rbcc__value
5,6,62,12 - 20,15.0,1.019 - 1.021,1.02,3 - 3,3.0,< 0,0.0,< 112,86.0,< 48.1,15.0,< 3.65,0.6,138 - 143,138.0,< 7.31,4.0,10 - 11.3,11.0,29.6 - 33.5,33.0,7360 - 9740,7700.0,3.28 - 3.87,3.8
9,10,345,20 - 27,22.0,>= 1.023,1.025,< 0,0.0,< 0,0.0,< 112,97.0,< 48.1,18.0,< 3.65,1.2,138 - 143,138.0,< 7.31,4.3,12.6 - 13.9,13.5,41.3 - 45.2,42.0,7360 - 9740,7900.0,6.23 - 6.82,6.4
19,20,292,27 - 35,30.0,1.019 - 1.021,1.02,< 0,0.0,< 0,0.0,< 112,89.0,< 48.1,42.0,< 3.65,0.5,138 - 143,139.0,< 7.31,5.0,>= 16.5,16.7,>= 49.1,52.0,9740 - 12120,10200.0,4.46 - 5.05,5.0
41,42,264,35 - 43,42.0,1.019 - 1.021,1.02,< 0,0.0,< 0,0.0,112 - 154,132.0,< 48.1,24.0,< 3.65,0.7,138 - 143,140.0,< 7.31,4.1,13.9 - 15.2,14.4,>= 49.1,50.0,4980 - 7360,5000.0,4.46 - 5.05,4.5
48,50,137,43 - 51,45.0,1.009 - 1.011,1.01,2 - 2,2.0,< 0,0.0,238 - 280,268.0,48.1 - 86.2,86.0,3.65 - 6.8,4.0,133 - 138,134.0,< 7.31,5.1,10 - 11.3,10.0,25.7 - 29.6,29.0,7360 - 9740,9200.0,4.46 - 5.05,
64,68,245,43 - 51,48.0,1.019 - 1.021,,< 0,,< 0,,< 112,103.0,48.1 - 86.2,79.0,3.65 - 6.8,5.3,133 - 138,135.0,< 7.31,6.3,6.1 - 7.4,6.3,17.9 - 21.8,19.0,4980 - 7360,7200.0,< 2.69,2.6
76,80,254,51 - 59,51.0,>= 1.023,1.025,< 0,0.0,< 0,0.0,< 112,99.0,< 48.1,38.0,< 3.65,0.8,133 - 138,135.0,< 7.31,3.7,12.6 - 13.9,13.0,45.2 - 49.1,49.0,7360 - 9740,8300.0,5.05 - 5.64,5.2
97,101,74,51 - 59,56.0,1.015 - 1.017,1.015,2 - 2,2.0,< 0,0.0,112 - 154,129.0,86.2 - 124.3,107.0,3.65 - 6.8,6.7,128 - 133,131.0,< 7.31,4.8,8.7 - 10,9.1,25.7 - 29.6,29.0,4980 - 7360,6400.0,3.28 - 3.87,3.4
121,128,20,59 - 66,61.0,1.015 - 1.017,1.015,2 - 2,2.0,< 0,0.0,154 - 196,173.0,124.3 - 162.4,148.0,3.65 - 6.8,3.9,133 - 138,135.0,< 7.31,5.2,7.4 - 8.7,7.7,21.8 - 25.7,24.0,7360 - 9740,9200.0,2.69 - 3.28,3.2
136,145,168,59 - 66,65.0,1.015 - 1.017,1.015,>= 4,4.0,4 - 4,4.0,280 - 322,307.0,< 48.1,28.0,< 3.65,1.5,133 - 138,,< 7.31,,10 - 11.3,11.0,37.4 - 41.3,39.0,4980 - 7360,6700.0,4.46 - 5.05,
144,154,357,59 - 66,66.0,>= 1.023,1.025,< 0,0.0,< 0,0.0,< 112,107.0,< 48.1,16.0,< 3.65,1.1,138 - 143,140.0,< 7.31,3.6,12.6 - 13.9,13.6,41.3 - 45.2,42.0,9740 - 12120,11000.0,4.46 - 5.05,4.9
149,159,219,66 - 74,68.0,1.009 - 1.011,1.01,< 0,0.0,< 0,0.0,238 - 280,238.0,48.1 - 86.2,57.0,< 3.65,2.5,133 - 138,,< 7.31,,8.7 - 10,9.8,25.7 - 29.6,28.0,7360 - 9740,8000.0,3.28 - 3.87,3.3
