feature,value,mean_contribution,sd_contribution,n_folds
age,12.0,4.7167406912416014,3.601499059692323,25
age,13.05084745762712,4.710883596246911,3.601784921636137,25
age,14.101694915254237,4.5898369663566445,3.6084400873509215,25
age,15.152542372881356,4.468790336466378,3.616515323027385,25
age,16.203389830508474,4.347743706576108,3.626001141036457,25
age,17.25423728813559,3.9413301990523064,3.4139329189696737,25
age,18.305084745762713,3.0295462992948057,2.8118542080839224,25
age,19.35593220338983,2.117762399537309,2.220339701302384,25
age,20.406779661016948,1.2059784997798124,1.6507849285129994,25
age,21.45762711864407,0.29419460002231285,1.1366932570388515,25
age,22.508474576271187,-0.6175892997351842,0.7942609334188228,25
age,23.559322033898304,-1.4796499878922866,0.8445465922792381,25
age,24.610169491525426,-1.510622710728507,0.8315891899770482,25
age,25.661016949152543,-1.5415954335647273,0.8214002657384517,25
age,26.71186440677966,-1.572568156400948,0.814083775502265,25
age,27.762711864406782,-1.6035408792371677,0.8097175876990396,25
age,28.8135593220339,-1.6345136020733886,0.8083495106911293,25
age,29.864406779661017,-1.6654863249096088,0.8099947360028531,25
age,30.91525423728814,-1.6964590477458297,0.8146350069708407,25
age,31.966101694915256,-1.6906333461621341,0.8104180584986299,25
age,33.016949152542374,-1.6756312112848073,0.8054208319319469,25
age,34.067796610169495,-1.6606290764074803,0.802538133761671,25
age,35.11864406779661,-1.645626941530154,0.8017927715038583,25
age,36.16949152542373,-1.6306248066528275,0.8031906955340474,25
age,37.22033898305085,-1.6156226717755007,0.8067207639645525,25
age,38.271186440677965,-1.6006205368981747,0.8123551817358534,25
age,39.32203389830509,-1.5858860564662818,0.8130801600280134,25
age,40.37288135593221,-1.5717573203056332,0.7994196546619404,25
age,41.42372881355932,-1.5576285841449853,0.7868498098391343,25
age,42.47457627118644,-1.5434998479843376,0.7754236671545284,25
age,43.525423728813564,-1.5293711118236895,0.7651924628995641,25
age,44.57627118644068,-1.5152423756630413,0.7562047000175642,25
age,45.6271186440678,-1.5011136395023936,0.7485051721494229,25
age,46.67796610169492,-1.4869849033417455,0.7421339761091991,25
age,47.728813559322035,-1.1947250716162603,0.6645918342525103,25
age,48.779661016949156,-0.7795701046411949,0.6022651205355788,25
age,49.83050847457628,-0.36441513766612976,0.60992817682863,25
age,50.88135593220339,0.0507398293089326,0.6852369098219968,25
age,51.93220338983051,0.46589479628399777,0.8095276403511151,25
age,52.98305084745763,0.881049763259063,0.9640376105835454,25
age,54.03389830508475,1.2962047302341253,1.1365078816110157,25
age,55.08474576271187,1.62059084435175,1.2414752381706704,25
age,56.13559322033899,1.5809846899400526,1.0517820844725436,25
age,57.186440677966104,1.5413785355283551,0.9023399158923582,25
age,58.237288135593225,1.501772381116658,0.8155832751942472,25
age,59.288135593220346,1.4621662267049598,0.8118631769634913,25
age,60.33898305084746,1.4225600722932625,0.8922188867148356,25
age,61.38983050847458,1.3829539178815649,1.0372917862784798,25
age,62.4406779661017,1.3433477634698665,1.2242879327673164,25
age,63.49152542372882,0.971081183931751,1.015261358491595,25
age,64.54237288135593,0.5789118439159888,0.8066595163106867,25
age,65.59322033898306,0.18674250390022132,0.6486747601904208,25
age,66.64406779661017,-0.20542683611554088,0.5839466874696114,25
age,67.69491525423729,-0.5975961761313031,0.6413610084425803,25
age,68.74576271186442,-0.9897655161470706,0.7948770801446962,25
age,69.79661016949153,-1.129627204711133,0.8700132023665784,25
age,70.84745762711864,-1.1270186421400128,0.8807760182822924,25
age,71.89830508474577,-1.1244100795688923,0.895029478078376,25
age,72.94915254237289,-1.1218015169977722,0.9126100421517783,25
age,74.0,-1.1216752962282017,0.9135419271122674,25
bp (Diastolic),0.0,0.22959658658509377,0.5213996759512314,25
bp (Diastolic),0.01694915254237288,0.22959658658509377,0.5213996759512314,25
bp (Diastolic),0.03389830508474576,0.22959658658509377,0.5213996759512314,25
bp (Diastolic),0.05084745762711865,0.22959658658509377,0.5213996759512314,25
bp (Diastolic),0.06779661016949153,0.22959658658509377,0.5213996759512314,25
bp (Diastolic),0.0847457627118644,0.22959658658509377,0.5213996759512314,25
bp (Diastolic),0.1016949152542373,0.22959658658509377,0.5213996759512314,25
bp (Diastolic),0.11864406779661017,0.22959658658509377,0.5213996759512314,25
bp (Diastolic),0.13559322033898305,0.22959658658509377,0.5213996759512314,25
bp (Diastolic),0.15254237288135594,0.22959658658509377,0.5213996759512314,25
bp (Diastolic),0.1694915254237288,0.22959658658509377,0.5213996759512314,25
bp (Diastolic),0.1864406779661017,0.22959658658509377,0.5213996759512314,25
bp (Diastolic),0.2033898305084746,0.22959658658509377,0.5213996759512314,25
bp (Diastolic),0.22033898305084745,0.22959658658509377,0.5213996759512314,25
bp (Diastolic),0.23728813559322035,0.22959658658509377,0.5213996759512314,25
bp (Diastolic),0.2542372881355932,0.22590989527908734,0.5131386236789134,25
bp (Diastolic),0.2711864406779661,0.21116313005506143,0.48009568750236564,25
bp (Diastolic),0.288135593220339,0.19641636483103553,0.44705512668510766,25
bp (Diastolic),0.3050847457627119,0.18166959960700957,0.4140175099223405,25
bp (Diastolic),0.3220338983050847,0.16692283438298372,0.3809836031103465,25
bp (Diastolic),0.3389830508474576,0.15217606915895776,0.34795446289044424,25
bp (Diastolic),0.3559322033898305,0.13742930393493188,0.31493158898656415,25
bp (Diastolic),0.3728813559322034,0.12268253871090597,0.28191718345573724,25
bp (Diastolic),0.3898305084745763,0.10793577348688002,0.24891461588950212,25
bp (Diastolic),0.4067796610169492,0.09318900826285409,0.21592931428828735,25
bp (Diastolic),0.423728813559322,0.07844224303882819,0.18297061683338833,25
bp (Diastolic),0.4406779661016949,0.06369547781480227,0.15005605475808098,25
bp (Diastolic),0.4576271186440678,0.04894871259077634,0.11722281179241002,25
bp (Diastolic),0.4745762711864407,0.03420194736675044,0.08456565927884897,25
bp (Diastolic),0.4915254237288136,0.019455182142724507,0.05241477791427682,25
bp (Diastolic),0.5084745762711864,0.004708416918698636,0.02300135318037947,25
bp (Diastolic),0.5254237288135594,-0.010038348305327335,0.022284762557477092,25
bp (Diastolic),0.5423728813559322,-0.024785113529353208,0.05147770513675515,25
bp (Diastolic),0.559322033898305,-0.03953187875337909,0.08360079365555848,25
bp (Diastolic),0.576271186440678,-0.05427864397740506,0.11624984457331912,25
bp (Diastolic),0.5932203389830508,-0.06902540920143095,0.14907969384390155,25
bp (Diastolic),0.6101694915254238,-0.08377217442545694,0.18199252446089925,25
bp (Diastolic),0.6271186440677966,-0.0985189396494828,0.21495022189451107,25
bp (Diastolic),0.6440677966101694,-0.11326570487350868,0.2479348945088954,25
bp (Diastolic),0.6610169491525424,-0.12801247009753464,0.28093704103867057,25
bp (Diastolic),0.6779661016949152,-0.14275923532156054,0.313951151024772,25
bp (Diastolic),0.6949152542372882,-0.1575060005455865,0.346973809561736,25
bp (Diastolic),0.711864406779661,-0.17225276576961235,0.380002788020795,25
bp (Diastolic),0.7288135593220338,-0.18699953099363825,0.4130365702636508,25
bp (Diastolic),0.7457627118644068,-0.20174629621766418,0.4460740890665265,25
bp (Diastolic),0.7627118644067796,-0.20543298752367065,0.4543339570840526,25
bp (Diastolic),0.7796610169491526,-0.20543298752367065,0.4543339570840526,25
bp (Diastolic),0.7966101694915254,-0.20543298752367065,0.4543339570840526,25
bp (Diastolic),0.8135593220338984,-0.20543298752367065,0.4543339570840526,25
bp (Diastolic),0.8305084745762712,-0.20543298752367065,0.4543339570840526,25
bp (Diastolic),0.847457627118644,-0.20543298752367065,0.4543339570840526,25
bp (Diastolic),0.864406779661017,-0.20543298752367065,0.4543339570840526,25
bp (Diastolic),0.8813559322033898,-0.20543298752367065,0.4543339570840526,25
bp (Diastolic),0.8983050847457628,-0.20543298752367065,0.4543339570840526,25
bp (Diastolic),0.9152542372881356,-0.20543298752367065,0.4543339570840526,25
bp (Diastolic),0.9322033898305084,-0.20543298752367065,0.4543339570840526,25
bp (Diastolic),0.9491525423728814,-0.20543298752367065,0.4543339570840526,25
bp (Diastolic),0.9661016949152542,-0.20543298752367065,0.4543339570840526,25
bp (Diastolic),0.9830508474576272,-0.20543298752367065,0.4543339570840526,25
bp (Diastolic),1.0,-0.20543298752367065,0.4543339570840526,25
bp limit,0.0,-0.4274595866000256,0.4812437995709505,25
bp limit,0.03389830508474576,-0.4274595866000256,0.4812437995709505,25
bp limit,0.06779661016949153,-0.4274595866000256,0.4812437995709505,25
bp limit,0.1016949152542373,-0.4274595866000256,0.4812437995709505,25
bp limit,0.13559322033898305,-0.4274595866000256,0.4812437995709505,25
bp limit,0.1694915254237288,-0.4274595866000256,0.4812437995709505,25
bp limit,0.2033898305084746,-0.4274595866000256,0.4812437995709505,25
bp limit,0.23728813559322035,-0.4274595866000256,0.4812437995709505,25
bp limit,0.2711864406779661,-0.4307927538212583,0.4636058331955605,25
bp limit,0.3050847457627119,-0.43612582137523054,0.4360746254129236,25
bp limit,0.3389830508474576,-0.4414588889292029,0.40954143336440885,25
bp limit,0.3728813559322034,-0.44679195648317516,0.3842130772272184,25
bp limit,0.4067796610169492,-0.4521250240371474,0.36034370833930685,25
bp limit,0.4406779661016949,-0.45745809159111994,0.3382423449601182,25
bp limit,0.4745762711864407,-0.46279115914509217,0.3182775142318363,25
bp limit,0.5084745762711864,-0.46812422669906456,0.30087483205505067,25
bp limit,0.5423728813559322,-0.4734572942530368,0.28650156966375284,25
bp limit,0.576271186440678,-0.47879036180700907,0.27563205661264173,25
bp limit,0.6101694915254238,-0.4841234293609814,0.26869184617757935,25
bp limit,0.6440677966101694,-0.48945649691495385,0.265988687972249,25
bp limit,0.6779661016949152,-0.4947895644689261,0.26765098993495606,25
bp limit,0.711864406779661,-0.5001226320228983,0.2735991941768223,25
bp limit,0.7457627118644068,-0.5054556995768706,0.28356371779960177,25
bp limit,0.7796610169491526,-0.510788767130843,0.29714077708644926,25
bp limit,0.8135593220338984,-0.5161218346848154,0.31386190772348704,25
bp limit,0.847457627118644,-0.5214549022387875,0.3332541810528347,25
bp limit,0.8813559322033898,-0.5267879697927601,0.3548799763520695,25
bp limit,0.9152542372881356,-0.5321210373467323,0.3783565017271098,25
bp limit,0.9491525423728814,-0.5374541049007047,0.4033607362396451,25
bp limit,0.9830508474576272,-0.542787172454677,0.42962602462779376,25
bp limit,1.0169491525423728,-0.4981252637360467,0.4282259375552745,25
bp limit,1.0508474576271187,-0.4034683787448135,0.40152810740312367,25
bp limit,1.0847457627118644,-0.30881149375358097,0.3797921860626786,25
bp limit,1.11864406779661,-0.21415460876234835,0.36390837345916566,25
bp limit,1.152542372881356,-0.11949772377111517,0.35466381274809516,25
bp limit,1.1864406779661016,-0.024840838779882586,0.3525811282417561,25
bp limit,1.2203389830508475,0.06981604621135064,0.35778541059039387,25
bp limit,1.2542372881355932,0.16447293120258322,0.36996927465714896,25
bp limit,1.2881355932203389,0.25912981619381575,0.3884765687518753,25
bp limit,1.3220338983050848,0.353786701185049,0.41245695638213853,25
bp limit,1.3559322033898304,0.44844358617628166,0.44101854086500425,25
bp limit,1.3898305084745763,0.5431004711675146,0.4733327392281997,25
bp limit,1.423728813559322,0.6377573561587472,0.5086848993077516,25
bp limit,1.4576271186440677,0.7324142411499801,0.5464857616279652,25
bp limit,1.4915254237288136,0.8270711261412133,0.5862618567332782,25
bp limit,1.5254237288135593,0.9217280111324458,0.6276377600005414,25
bp limit,1.5593220338983051,1.0163848961236792,0.6703172883169112,25
bp limit,1.5932203389830508,1.1110417811149116,0.7140667282365634,25
bp limit,1.6271186440677967,1.2056986661061448,0.7587010174319636,25
bp limit,1.6610169491525424,1.3003555510973774,0.8040728147686725,25
bp limit,1.694915254237288,1.3950124360886103,0.8500640359217823,25
bp limit,1.728813559322034,1.4896693210798435,0.8965793634727129,25
bp limit,1.7627118644067796,1.5488298741993638,0.9258825299049604,25
bp limit,1.7966101694915255,1.5488298741993638,0.9258825299049604,25
bp limit,1.8305084745762712,1.5488298741993638,0.9258825299049604,25
bp limit,1.8644067796610169,1.5488298741993638,0.9258825299049604,25
bp limit,1.8983050847457628,1.5488298741993638,0.9258825299049604,25
bp limit,1.9322033898305084,1.5488298741993638,0.9258825299049604,25
bp limit,1.9661016949152543,1.5488298741993638,0.9258825299049604,25
bp limit,2.0,1.5488298741993638,0.9258825299049604,25
htn,0.0,-2.713742092343536,1.2353950413337174,25
htn,0.01694915254237288,-2.713742092343536,1.2353950413337174,25
htn,0.03389830508474576,-2.713742092343536,1.2353950413337174,25
htn,0.05084745762711865,-2.713742092343536,1.2353950413337174,25
htn,0.06779661016949153,-2.713742092343536,1.2353950413337174,25
htn,0.0847457627118644,-2.713742092343536,1.2353950413337174,25
htn,0.1016949152542373,-2.713742092343536,1.2353950413337174,25
htn,0.11864406779661017,-2.713742092343536,1.2353950413337174,25
htn,0.13559322033898305,-2.713742092343536,1.2353950413337174,25
htn,0.15254237288135594,-2.713742092343536,1.2353950413337174,25
htn,0.1694915254237288,-2.713742092343536,1.2353950413337174,25
htn,0.1864406779661017,-2.713742092343536,1.2353950413337174,25
htn,0.2033898305084746,-2.713742092343536,1.2353950413337174,25
htn,0.22033898305084745,-2.713742092343536,1.2353950413337174,25
htn,0.23728813559322035,-2.713742092343536,1.2353950413337174,25
htn,0.2542372881355932,-2.6554207234344314,1.2109052389025414,25
htn,0.2711864406779661,-2.422135247798012,1.1129905739936594,25
htn,0.288135593220339,-2.1888497721615923,1.015162645999774,25
htn,0.3050847457627119,-1.955564296525173,0.917449201702853,25
htn,0.3220338983050847,-1.7222788208887545,0.8198911741289541,25
htn,0.3389830508474576,-1.4889933452523354,0.7225515185516667,25
htn,0.3559322033898305,-1.2557078696159159,0.6255321864984219,25
htn,0.3728813559322034,-1.0224223939794965,0.5290094475215791,25
htn,0.3898305084745763,-0.7891369183430769,0.4333152831669899,25
htn,0.4067796610169492,-0.5558514427066573,0.3391517853741943,25
htn,0.423728813559322,-0.3225659670702386,0.2482667763844593,25
htn,0.4406779661016949,-0.08928049143381923,0.16613100501583405,25
htn,0.4576271186440678,0.14400498420260024,0.11363665445719341,25
htn,0.4745762711864407,0.3772904598390197,0.13258102233083227,25
htn,0.4915254237288136,0.6105759354754393,0.203943192006417,25
htn,0.5084745762711864,0.8438614111118575,0.2914765573535138,25
htn,0.5254237288135594,1.077146886748278,0.38428505207067226,25
htn,0.5423728813559322,1.310432362384697,0.4793141755056637,25
htn,0.559322033898305,1.5437178380211154,0.5754648697130014,25
htn,0.576271186440678,1.7770033136575358,0.6722560624824014,25
htn,0.5932203389830508,2.0102887892939543,0.7694460804060897,25
htn,0.6101694915254238,2.2435742649303747,0.8669007945535986,25
htn,0.6271186440677966,2.476859740566793,0.9645399755222374,25
htn,0.6440677966101694,2.710145216203212,1.0623127604432832,25
htn,0.6610169491525424,2.943430691839632,1.1601853720238986,25
htn,0.6779661016949152,3.1767161674760502,1.258134513378139,25
htn,0.6949152542372882,3.4100016431124702,1.3561436022360154,25
htn,0.711864406779661,3.643287118748889,1.4542005177607096,25
htn,0.7288135593220338,3.8765725943853084,1.5522961964981963,25
htn,0.7457627118644068,4.109858070021728,1.6504237265949109,25
htn,0.7627118644067796,4.168179438930832,1.6749599299142042,25
htn,0.7796610169491526,4.168179438930832,1.6749599299142042,25
htn,0.7966101694915254,4.168179438930832,1.6749599299142042,25
htn,0.8135593220338984,4.168179438930832,1.6749599299142042,25
htn,0.8305084745762712,4.168179438930832,1.6749599299142042,25
htn,0.847457627118644,4.168179438930832,1.6749599299142042,25
htn,0.864406779661017,4.168179438930832,1.6749599299142042,25
htn,0.8813559322033898,4.168179438930832,1.6749599299142042,25
htn,0.8983050847457628,4.168179438930832,1.6749599299142042,25
htn,0.9152542372881356,4.168179438930832,1.6749599299142042,25
htn,0.9322033898305084,4.168179438930832,1.6749599299142042,25
htn,0.9491525423728814,4.168179438930832,1.6749599299142042,25
htn,0.9661016949152542,4.168179438930832,1.6749599299142042,25
htn,0.9830508474576272,4.168179438930832,1.6749599299142042,25
htn,1.0,4.168179438930832,1.6749599299142042,25
dm,0.0,-2.936040951079361,1.036141193905741,25
dm,0.01694915254237288,-2.936040951079361,1.036141193905741,25
dm,0.03389830508474576,-2.936040951079361,1.036141193905741,25
dm,0.05084745762711865,-2.936040951079361,1.036141193905741,25
dm,0.06779661016949153,-2.936040951079361,1.036141193905741,25
dm,0.0847457627118644,-2.936040951079361,1.036141193905741,25
dm,0.1016949152542373,-2.936040951079361,1.036141193905741,25
dm,0.11864406779661017,-2.936040951079361,1.036141193905741,25
dm,0.13559322033898305,-2.936040951079361,1.036141193905741,25
dm,0.15254237288135594,-2.936040951079361,1.036141193905741,25
dm,0.1694915254237288,-2.936040951079361,1.036141193905741,25
dm,0.1864406779661017,-2.936040951079361,1.036141193905741,25
dm,0.2033898305084746,-2.936040951079361,1.036141193905741,25
dm,0.22033898305084745,-2.936040951079361,1.036141193905741,25
dm,0.23728813559322035,-2.936040951079361,1.036141193905741,25
dm,0.2542372881355932,-2.865351701700856,1.0134085113272535,25
dm,0.2711864406779661,-2.5825947041868376,0.9226037611331138,25
dm,0.288135593220339,-2.299837706672819,0.8320500552636576,25
dm,0.3050847457627119,-2.0170807091588,0.74183933169682,25
dm,0.3220338983050847,-1.7343237116447825,0.6521139461944931,25
dm,0.3389830508474576,-1.451566714130763,0.563105948087182,25
dm,0.3559322033898305,-1.168809716616745,0.47521860643478014,25
dm,0.3728813559322034,-0.8860527191027261,0.38921182434929363,25
dm,0.3898305084745763,-0.6032957215887076,0.30667192519961267,25
dm,0.4067796610169492,-0.3205387240746888,0.2313400103285399,25
dm,0.423728813559322,-0.03778172656067092,0.172908751174779,25
dm,0.4406779661016949,0.2449752709533477,0.15226745308067238,25
dm,0.4576271186440678,0.5277322684673666,0.18270748064424872,25
dm,0.4745762711864407,0.8104892659813854,0.24594181197979081,25
dm,0.4915254237288136,1.0932462634954039,0.32326681156171544,25
dm,0.5084745762711864,1.376003261009422,0.40672373082412205,25
dm,0.5254237288135594,1.6587602585234416,0.4932095499425667,25
dm,0.5423728813559322,1.9415172560374592,0.5813740897859531,25
dm,0.559322033898305,2.2242742535514766,0.6705555231113841,25
dm,0.576271186440678,2.507031251065497,0.7603961415320043,25
dm,0.5932203389830508,2.7897882485795145,0.8506871221072868,25
dm,0.6101694915254238,3.0725452460935334,0.941298875258245,25
dm,0.6271186440677966,3.3553022436075524,1.0321469229652025,25
dm,0.6440677966101694,3.63805924112157,1.1231739285575832,25
dm,0.6610169491525424,3.920816238635589,1.2143396486062934,25
dm,0.6779661016949152,4.203573236149607,1.3056150258571155,25
dm,0.6949152542372882,4.486330233663625,1.3969785662247431,25
dm,0.711864406779661,4.769087231177645,1.488414034608529,25
dm,0.7288135593220338,5.051844228691661,1.5799089427966355,25
dm,0.7457627118644068,5.334601226205682,1.6714535296617627,25
dm,0.7627118644067796,5.405290475584186,1.6943464951348552,25
dm,0.7796610169491526,5.405290475584186,1.6943464951348552,25
dm,0.7966101694915254,5.405290475584186,1.6943464951348552,25
dm,0.8135593220338984,5.405290475584186,1.6943464951348552,25
dm,0.8305084745762712,5.405290475584186,1.6943464951348552,25
dm,0.847457627118644,5.405290475584186,1.6943464951348552,25
dm,0.864406779661017,5.405290475584186,1.6943464951348552,25
dm,0.8813559322033898,5.405290475584186,1.6943464951348552,25
dm,0.8983050847457628,5.405290475584186,1.6943464951348552,25
dm,0.9152542372881356,5.405290475584186,1.6943464951348552,25
dm,0.9322033898305084,5.405290475584186,1.6943464951348552,25
dm,0.9491525423728814,5.405290475584186,1.6943464951348552,25
dm,0.9661016949152542,5.405290475584186,1.6943464951348552,25
dm,0.9830508474576272,5.405290475584186,1.6943464951348552,25
dm,1.0,5.405290475584186,1.6943464951348552,25
cad,0.0,-0.2960002482843722,0.1610756795172194,25
cad,0.01694915254237288,-0.2960002482843722,0.1610756795172194,25
cad,0.03389830508474576,-0.2960002482843722,0.1610756795172194,25
cad,0.05084745762711865,-0.2960002482843722,0.1610756795172194,25
cad,0.06779661016949153,-0.2960002482843722,0.1610756795172194,25
cad,0.0847457627118644,-0.2960002482843722,0.1610756795172194,25
cad,0.1016949152542373,-0.2960002482843722,0.1610756795172194,25
cad,0.11864406779661017,-0.2960002482843722,0.1610756795172194,25
cad,0.13559322033898305,-0.2960002482843722,0.1610756795172194,25
cad,0.15254237288135594,-0.2960002482843722,0.1610756795172194,25
cad,0.1694915254237288,-0.2960002482843722,0.1610756795172194,25
cad,0.1864406779661017,-0.2960002482843722,0.1610756795172194,25
cad,0.2033898305084746,-0.2960002482843722,0.1610756795172194,25
cad,0.22033898305084745,-0.2960002482843722,0.1610756795172194,25
cad,0.23728813559322035,-0.2960002482843722,0.1610756795172194,25
cad,0.2542372881355932,-0.2731271801016283,0.14882602095240127,25
cad,0.2711864406779661,-0.18163490737065197,0.10019187563340295,25
cad,0.288135593220339,-0.0901426346396756,0.053348096369389676,25
cad,0.3050847457627119,0.0013496380913007667,0.023916664533747113,25
cad,0.3220338983050847,0.09284191082227684,0.05671308765607453,25
cad,0.3389830508474576,0.18433418355325315,0.103822549542164,25
cad,0.3559322033898305,0.2758264562842296,0.15251311185687708,25
cad,0.3728813559322034,0.3673187290152059,0.2016426462730174,25
cad,0.3898305084745763,0.4588110017461823,0.2509534704214824,25
cad,0.4067796610169492,0.5503032744771585,0.3003563081576116,25
cad,0.423728813559322,0.6417955472081347,0.3498121773129661,25
cad,0.4406779661016949,0.7332878199391111,0.39930137359604684,25
cad,0.4576271186440678,0.8247800926700875,0.44881287250682245,25
cad,0.4745762711864407,0.9162723654010638,0.49834002660115945,25
cad,0.4915254237288136,1.0077646381320402,0.5478785903014893,25
cad,0.5084745762711864,1.0992569108630161,0.5974257253596749,25
cad,0.5254237288135594,1.190749183593993,0.6469794625374162,25
cad,0.5423728813559322,1.2822414563249689,0.6965383927550279,25
cad,0.559322033898305,1.373733729055945,0.7461014811881793,25
cad,0.576271186440678,1.4652260017869219,0.7956679507769034,25
cad,0.5932203389830508,1.5567182745178976,0.8452372066874018,25
cad,0.6101694915254238,1.6482105472488744,0.8948087858625497,25
cad,0.6271186440677966,1.7397028199798503,0.9443823224509144,25
cad,0.6440677966101694,1.8311950927108263,0.9939575235751468,25
cad,0.6610169491525424,1.9226873654418026,1.0435341520038424,25
cad,0.6779661016949152,2.014179638172779,1.0931120135365826,25
cad,0.6949152542372882,2.105671910903755,1.1426909476715517,25
cad,0.711864406779661,2.1971641836347318,1.192270820600714,25
cad,0.7288135593220338,2.288656456365708,1.2418515198823787,25
cad,0.7457627118644068,2.3801487290966854,1.2914329503405637,25
cad,0.7627118644067796,2.4030217972794286,1.303828412426319,25
cad,0.7796610169491526,2.4030217972794286,1.303828412426319,25
cad,0.7966101694915254,2.4030217972794286,1.303828412426319,25
cad,0.8135593220338984,2.4030217972794286,1.303828412426319,25
cad,0.8305084745762712,2.4030217972794286,1.303828412426319,25
cad,0.847457627118644,2.4030217972794286,1.303828412426319,25
cad,0.864406779661017,2.4030217972794286,1.303828412426319,25
cad,0.8813559322033898,2.4030217972794286,1.303828412426319,25
cad,0.8983050847457628,2.4030217972794286,1.303828412426319,25
cad,0.9152542372881356,2.4030217972794286,1.303828412426319,25
cad,0.9322033898305084,2.4030217972794286,1.303828412426319,25
cad,0.9491525423728814,2.4030217972794286,1.303828412426319,25
cad,0.9661016949152542,2.4030217972794286,1.303828412426319,25
cad,0.9830508474576272,2.4030217972794286,1.303828412426319,25
cad,1.0,2.4030217972794286,1.303828412426319,25
appet,0.0,-0.9319883055492545,0.3876348731342703,25
appet,0.01694915254237288,-0.9319883055492545,0.3876348731342703,25
appet,0.03389830508474576,-0.9319883055492545,0.3876348731342703,25
appet,0.05084745762711865,-0.9319883055492545,0.3876348731342703,25
appet,0.06779661016949153,-0.9319883055492545,0.3876348731342703,25
appet,0.0847457627118644,-0.9319883055492545,0.3876348731342703,25
appet,0.1016949152542373,-0.9319883055492545,0.3876348731342703,25
appet,0.11864406779661017,-0.9319883055492545,0.3876348731342703,25
appet,0.13559322033898305,-0.9319883055492545,0.3876348731342703,25
appet,0.15254237288135594,-0.9319883055492545,0.3876348731342703,25
appet,0.1694915254237288,-0.9319883055492545,0.3876348731342703,25
appet,0.1864406779661017,-0.9319883055492545,0.3876348731342703,25
appet,0.2033898305084746,-0.9319883055492545,0.3876348731342703,25
appet,0.22033898305084745,-0.9319883055492545,0.3876348731342703,25
appet,0.23728813559322035,-0.9319883055492545,0.3876348731342703,25
appet,0.2542372881355932,-0.8928144122455776,0.37220042799227665,25
appet,0.2711864406779661,-0.7361188390308687,0.3105263160028975,25
appet,0.288135593220339,-0.5794232658161601,0.24901083176710959,25
appet,0.3050847457627119,-0.4227276926014515,0.18780991139629172,25
appet,0.3220338983050847,-0.2660321193867432,0.12737777818103543,25
appet,0.3389830508474576,-0.10933654617203446,0.06974239029679132,25
appet,0.3559322033898305,0.04735902704267425,0.03448580445055241,25
appet,0.3728813559322034,0.20405460025738298,0.07211731752646079,25
appet,0.3898305084745763,0.3607501734720917,0.12999581277926553,25
appet,0.4067796610169492,0.5174457466868004,0.19048171110999143,25
appet,0.423728813559322,0.6741413199015086,0.25170224526006385,25
appet,0.4406779661016949,0.8308368931162172,0.3132269550100109,25
appet,0.4576271186440678,0.9875324663309262,0.374906118241685,25
appet,0.4745762711864407,1.144228039545635,0.4366742913426116,25
appet,0.4915254237288136,1.3009236127603439,0.4984983881803578,25
appet,0.5084745762711864,1.457619185975052,0.5603598989859786,25
appet,0.5254237288135594,1.614314759189761,0.6222476651937366,25
appet,0.5423728813559322,1.771010332404469,0.6841545617481882,25
appet,0.559322033898305,1.9277059056191772,0.7460758265464532,25
appet,0.576271186440678,2.0844014788338874,0.8080081562876767,25
appet,0.5932203389830508,2.241097052048595,0.8699491878105099,25
appet,0.6101694915254238,2.397792625263304,0.9318971859552111,25
appet,0.6271186440677966,2.5544881984780123,0.9938508480072018,25
appet,0.6440677966101694,2.711183771692721,1.0558091769123554,25
appet,0.6610169491525424,2.8678793449074296,1.1177713966166685,25
appet,0.6779661016949152,3.0245749181221386,1.1797368940618613,25
appet,0.6949152542372882,3.1812704913368477,1.2417051785353062,25
appet,0.711864406779661,3.337966064551556,1.3036758526053875,25
appet,0.7288135593220338,3.494661637766263,1.3656485909653662,25
appet,0.7457627118644068,3.651357210980973,1.4276231247844495,25
appet,0.7627118644067796,3.6905311042846503,1.443117011672333,25
appet,0.7796610169491526,3.6905311042846503,1.443117011672333,25
appet,0.7966101694915254,3.6905311042846503,1.443117011672333,25
appet,0.8135593220338984,3.6905311042846503,1.443117011672333,25
appet,0.8305084745762712,3.6905311042846503,1.443117011672333,25
appet,0.847457627118644,3.6905311042846503,1.443117011672333,25
appet,0.864406779661017,3.6905311042846503,1.443117011672333,25
appet,0.8813559322033898,3.6905311042846503,1.443117011672333,25
appet,0.8983050847457628,3.6905311042846503,1.443117011672333,25
appet,0.9152542372881356,3.6905311042846503,1.443117011672333,25
appet,0.9322033898305084,3.6905311042846503,1.443117011672333,25
appet,0.9491525423728814,3.6905311042846503,1.443117011672333,25
appet,0.9661016949152542,3.6905311042846503,1.443117011672333,25
appet,0.9830508474576272,3.6905311042846503,1.443117011672333,25
appet,1.0,3.6905311042846503,1.443117011672333,25
pe,0.0,-0.8111822878767618,0.32647916041628805,25
pe,0.01694915254237288,-0.8111822878767618,0.32647916041628805,25
pe,0.03389830508474576,-0.8111822878767618,0.32647916041628805,25
pe,0.05084745762711865,-0.8111822878767618,0.32647916041628805,25
pe,0.06779661016949153,-0.8111822878767618,0.32647916041628805,25
pe,0.0847457627118644,-0.8111822878767618,0.32647916041628805,25
pe,0.1016949152542373,-0.8111822878767618,0.32647916041628805,25
pe,0.11864406779661017,-0.8111822878767618,0.32647916041628805,25
pe,0.13559322033898305,-0.8111822878767618,0.32647916041628805,25
pe,0.15254237288135594,-0.8111822878767618,0.32647916041628805,25
pe,0.1694915254237288,-0.8111822878767618,0.32647916041628805,25
pe,0.1864406779661017,-0.8111822878767618,0.32647916041628805,25
pe,0.2033898305084746,-0.8111822878767618,0.32647916041628805,25
pe,0.22033898305084745,-0.8111822878767618,0.32647916041628805,25
pe,0.23728813559322035,-0.8111822878767618,0.32647916041628805,25
pe,0.2542372881355932,-0.7722268372776394,0.31195150841802727,25
pe,0.2711864406779661,-0.6164050348811488,0.25423607402115866,25
pe,0.288135593220339,-0.46058323248465854,0.19756809042440218,25
pe,0.3050847457627119,-0.30476143008816803,0.14319654557649325,25
pe,0.3220338983050847,-0.1489396276916782,0.09514348252497325,25
pe,0.3389830508474576,0.006882174704812254,0.0683684514945471,25
pe,0.3559322033898305,0.1627039771013026,0.08585533963235949,25
pe,0.3728813559322034,0.31852577949779304,0.13093114533164593,25
pe,0.3898305084745763,0.4743475818942835,0.1843630157682624,25
pe,0.4067796610169492,0.630169384290774,0.2406478955638793,25
pe,0.423728813559322,0.7859911866872641,0.2981744941914417,25
pe,0.4406779661016949,0.9418129890837541,0.3563419419941522,25
pe,0.4576271186440678,1.0976347914802447,0.4148807799270153,25
pe,0.4745762711864407,1.253456593876735,0.47365332762726015,25
pe,0.4915254237288136,1.4092783962732254,0.5325822183313557,25
pe,0.5084745762711864,1.5651001986697153,0.5916207358468448,25
pe,0.5254237288135594,1.7209220010662065,0.6507390430702772,25
pe,0.5423728813559322,1.876743803462696,0.7099172068339523,25
pe,0.559322033898305,2.032565605859186,0.7691414110764446,25
pe,0.576271186440678,2.188387408255677,0.8284017812615155,25
pe,0.5932203389830508,2.3442092106521675,0.8876910743342428,25
pe,0.6101694915254238,2.5000310130486576,0.9470038579641354,25
pe,0.6271186440677966,2.6558528154451473,1.006335978605591,25
pe,0.6440677966101694,2.811674617841638,1.06568420649085,25
pe,0.6610169491525424,2.9674964202381284,1.1250459925633425,25
pe,0.6779661016949152,3.123318222634619,1.1844192982607478,25
pe,0.6949152542372882,3.27914002503111,1.2438024739053113,25
pe,0.711864406779661,3.4349618274276,1.3031941702541128,25
pe,0.7288135593220338,3.59078362982409,1.3625932731253594,25
pe,0.7457627118644068,3.746605432220581,1.421998854373484,25
pe,0.7627118644067796,3.7855608828197034,1.4368511677699782,25
pe,0.7796610169491526,3.7855608828197034,1.4368511677699782,25
pe,0.7966101694915254,3.7855608828197034,1.4368511677699782,25
pe,0.8135593220338984,3.7855608828197034,1.4368511677699782,25
pe,0.8305084745762712,3.7855608828197034,1.4368511677699782,25
pe,0.847457627118644,3.7855608828197034,1.4368511677699782,25
pe,0.864406779661017,3.7855608828197034,1.4368511677699782,25
pe,0.8813559322033898,3.7855608828197034,1.4368511677699782,25
pe,0.8983050847457628,3.7855608828197034,1.4368511677699782,25
pe,0.9152542372881356,3.7855608828197034,1.4368511677699782,25
pe,0.9322033898305084,3.7855608828197034,1.4368511677699782,25
pe,0.9491525423728814,3.7855608828197034,1.4368511677699782,25
pe,0.9661016949152542,3.7855608828197034,1.4368511677699782,25
pe,0.9830508474576272,3.7855608828197034,1.4368511677699782,25
pe,1.0,3.7855608828197034,1.4368511677699782,25
sg,1.007,7.1931641355887646,2.143819447750645,25
sg,1.0072711864406778,7.1931641355887646,2.143819447750645,25
sg,1.0075423728813557,7.1931641355887646,2.143819447750645,25
sg,1.0078135593220339,7.178794955106339,2.140824740853402,25
sg,1.0080847457627118,7.11748645171493,2.128337102935095,25
sg,1.0083559322033897,7.05617794832352,2.116325124654704,25
sg,1.0086271186440676,6.99486944493211,2.104796949730264,25
sg,1.0088983050847458,6.93356094154065,2.093760569591791,25
sg,1.0091694915254237,6.872252438149238,2.0832238004581702,25
sg,1.0094406779661016,6.810943934757829,2.0731942599881705,25
sg,1.0097118644067795,6.749635431366418,2.063679343632361,25
sg,1.0099830508474574,6.68832692797501,2.0546862008239524,25
sg,1.0102542372881356,6.62701842458355,2.046221711157492,25
sg,1.0105254237288135,6.56570992119214,2.0382924607138033,25
sg,1.0107966101694914,6.5047784259798025,2.030518102451407,25
sg,1.0110677966101693,6.445663424721187,2.0214223969378735,25
sg,1.0113389830508475,6.3865484234625205,2.012870708425047,25
sg,1.0116101694915254,6.327433422203905,2.004869998369818,25
sg,1.0118813559322033,6.268318420945288,1.9974268876295729,25
sg,1.0121525423728812,6.2092034196866726,1.9905476311864667,25
sg,1.0124237288135591,6.150088418428058,1.9842380936149948,25
sg,1.0126949152542373,6.090973417169391,1.9785037255001543,25
sg,1.0129661016949152,6.031858415910774,1.9733495410133137,25
sg,1.013237288135593,5.972743414652156,1.9687800968496314,25
sg,1.013508474576271,5.913628413393543,1.9647994727247244,25
sg,1.0137796610169492,5.854513412134877,1.9614112536186237,25
sg,1.014050847457627,5.795398410876261,1.958618513942555,25
sg,1.014322033898305,5.736283409617642,1.956423803788337,25
sg,1.014593220338983,5.677168408359026,1.954829137401792,25
sg,1.0148644067796608,5.61805340710041,1.953835984000388,25
sg,1.015135593220339,5.558938405841746,1.953445261032113,25
sg,1.015406779661017,5.499823404583128,1.9536573299473992,25
sg,1.0156779661016948,5.138633735006858,1.8363754492299516,25
sg,1.0159491525423727,4.619214477264389,1.6583872361216987,25
sg,1.0162203389830506,4.0997952195219245,1.4820715925575687,25
sg,1.0164915254237288,3.580375961779033,1.308105015714878,25
sg,1.0167627118644067,3.060956704036566,1.1375657365396696,25
sg,1.0170338983050846,2.5415374462941003,0.9722589284226512,25
sg,1.0173050847457625,2.0221181885516337,0.8153732819905153,25
sg,1.0175762711864407,1.5026989308087422,0.6728256090608934,25
sg,1.0178474576271186,0.9832796730662764,0.5557603418474937,25
sg,1.0181186440677965,0.46386041532380984,0.48307283205602164,25
sg,1.0183898305084744,-0.05555884241865626,0.47556672582163373,25
sg,1.0186610169491523,-0.5749781001611225,0.5359875059035368,25
sg,1.0189322033898305,-1.094397357904014,0.6455354741597968,25
sg,1.0192033898305084,-1.6138166156464804,0.7838775647067325,25
sg,1.0194745762711863,-2.1332358733889465,0.9383637730860578,25
sg,1.0197457627118642,-2.6526551311314126,1.1022266785774824,25
sg,1.0200169491525424,-3.1905249300139262,1.1482851068985298,25
sg,1.0202881355932203,-3.728687594628399,1.239020558340055,25
sg,1.0205593220338982,-4.266850259242871,1.3674351667326707,25
sg,1.0208305084745761,-4.805012923857342,1.5240340089409696,25
sg,1.021101694915254,-5.343175588471813,1.7010508868237104,25
sg,1.0213728813559322,-5.881338253086726,1.892765783894818,25
sg,1.02164406779661,-6.419500917701199,2.095147784707621,25
sg,1.021915254237288,-6.957663582315668,2.3053893165387724,25
sg,1.022186440677966,-7.495826246930141,2.5215251923826862,25
sg,1.022457627118644,-7.621958121449715,2.572875475222806,25
sg,1.022728813559322,-7.621958121449715,2.572875475222806,25
sg,1.023,-7.621958121449715,2.572875475222806,25
al,0.0,-4.759009789823198,1.9185865772137896,25
al,0.06779661016949153,-4.759009789823198,1.9185865772137896,25
al,0.13559322033898305,-4.759009789823198,1.9185865772137896,25
al,0.2033898305084746,-4.759009789823198,1.9185865772137896,25
al,0.2711864406779661,-4.4752320906129945,1.7972079509402488,25
al,0.3389830508474576,-3.567143453140342,1.411476843475568,25
al,0.4067796610169492,-2.659054815667691,1.033355738118049,25
al,0.4745762711864407,-1.7509661781950399,0.6757425726000135,25
al,0.5423728813559322,-0.8428775407223887,0.3983449616042752,25
al,0.6101694915254238,0.06521109675026299,0.4171044635769069,25
al,0.6779661016949152,0.9732997342229135,0.708886662115241,25
al,0.7457627118644068,1.8813883716955653,1.0697248277023568,25
al,0.8135593220338984,2.7894770091682166,1.4489129909589562,25
al,0.8813559322033898,3.6975656466408675,1.8351112350005534,25
al,0.9491525423728814,4.605654284113518,2.2246717455322997,25
al,1.0169491525423728,5.3047731844062245,2.516463525314932,25
al,1.0847457627118644,5.376982873159103,2.5106342934872443,25
al,1.152542372881356,5.44919256191198,2.5060255532759177,25
al,1.2203389830508475,5.521402250664858,2.5026440474732876,25
al,1.2881355932203389,5.593611939417733,2.500494754979306,25
al,1.3559322033898304,5.665821628170611,2.4995808543930917,25
al,1.423728813559322,5.7380313169234896,2.4999037005976668,25
al,1.4915254237288136,5.8102410056763665,2.5014628147384586,25
al,1.5593220338983051,5.882450694429242,2.504255887767968,25
al,1.6271186440677967,5.954660383182121,2.5082787974955543,25
al,1.694915254237288,6.026870071934997,2.5135256388497202,25
al,1.7627118644067796,6.099079760687875,2.5199887668376566,25
al,1.8305084745762712,6.171289449440751,2.52765885147996,25
al,1.8983050847457628,6.243499138193629,2.536524943813079,25
al,1.9661016949152543,6.315708826946507,2.546574551893352,25
al,2.0338983050847457,6.37678740593863,2.548476171896627,25
al,2.1016949152542375,6.426734875169997,2.541543346304314,25
al,2.169491525423729,6.476682344401366,2.5348690274096297,25
al,2.23728813559322,6.526629813632735,2.528455262340157,25
al,2.305084745762712,6.576577282864104,2.5223040387210833,25
al,2.3728813559322033,6.626524752095472,2.5164172818512873,25
al,2.440677966101695,6.676472221326842,2.510796851919531,25
al,2.5084745762711864,6.7264196905582105,2.5054445412693345,25
al,2.5762711864406778,6.77636715978958,2.500362071721146,25
al,2.6440677966101696,6.826314629020951,2.4955510919604675,25
al,2.711864406779661,6.876262098252316,2.491013175000602,25
al,2.7796610169491527,6.926209567483687,2.4867498157285857,25
al,2.847457627118644,6.9761570367150565,2.482762428542811,25
al,2.9152542372881354,7.026104505946424,2.479052345090663,25
al,2.983050847457627,7.076051975177795,2.4756208121142675,25
al,3.0508474576271185,7.135303922952992,2.472692574729674,25
al,3.1186440677966103,7.19765736357613,2.4703064343733545,25
al,3.1864406779661016,7.260010804199269,2.468415930532676,25
al,3.2542372881355934,7.322364244822409,2.467022202641589,25
al,3.3220338983050848,7.3847176854455485,2.4661260929570443,25
al,3.389830508474576,7.447071126068687,2.465728144021267,25
al,3.457627118644068,7.509424566691825,2.465828597022005,25
al,3.5254237288135593,7.5717780073149665,2.466427391062307,25
al,3.593220338983051,7.634131447938105,2.46752416334497,25
al,3.6610169491525424,7.696484888561245,2.4691182502703524,25
al,3.7288135593220337,7.758838329184383,2.471208689439831,25
al,3.7966101694915255,7.778323779379113,2.4719635517303535,25
al,3.864406779661017,7.778323779379113,2.4719635517303535,25
al,3.9322033898305087,7.778323779379113,2.4719635517303535,25
al,4.0,7.778323779379113,2.4719635517303535,25
su,0.0,-0.2768243489047479,0.15294142056263588,25
su,0.06779661016949153,-0.2768243489047479,0.15294142056263588,25
su,0.13559322033898305,-0.2768243489047479,0.15294142056263588,25
su,0.2033898305084746,-0.2768243489047479,0.15294142056263588,25
su,0.2711864406779661,-0.2768243489047479,0.15294142056263588,25
su,0.3389830508474576,-0.2768243489047479,0.15294142056263588,25
su,0.4067796610169492,-0.2483300469602877,0.13723445672010015,25
su,0.4745762711864407,-0.18754220281210607,0.10427140839917874,25
su,0.5423728813559322,-0.12675435866392437,0.07288179101980836,25
su,0.6101694915254238,-0.06596651451574269,0.04637868766342064,25
su,0.6779661016949152,-0.005178670367561093,0.037285496254262834,25
su,0.7457627118644068,0.05560917378062061,0.05504027749649873,25
su,0.8135593220338984,0.11639701792880232,0.08407529017063183,25
su,0.8813559322033898,0.17718486207698397,0.116223384230884,25
su,0.9491525423728814,0.23797270622516564,0.14948944451466428,25
su,1.0169491525423728,0.29876055037334726,0.18326568515394653,25
su,1.0847457627118644,0.35954839452152887,0.21731435075256186,25
su,1.152542372881356,0.4203362386697109,0.25152483194605046,25
su,1.2203389830508475,0.48112408281789243,0.2858390342174941,25
su,1.2881355932203389,0.5338680212811345,0.3131512495150041,25
su,1.3559322033898304,0.5803555886560907,0.33529511591852124,25
su,1.423728813559322,0.6268431560310469,0.35778297013895904,25
su,1.4915254237288136,0.673330723406003,0.38055383582448676,25
su,1.5593220338983051,0.7198182907809589,0.4035598090452518,25
su,1.6271186440677967,0.7663058581559151,0.4267628688969838,25
su,1.694915254237288,0.8127934255308716,0.45013253863541425,25
su,1.7627118644067796,0.8592809929058274,0.47364415723639586,25
su,1.8305084745762712,0.9057685602807833,0.4972775907947423,25
su,1.8983050847457628,0.9522561276557399,0.5210162628994466,25
su,1.9661016949152543,0.998743695030696,0.5448464181596697,25
su,2.0338983050847457,1.045231262405652,0.5687565576182595,25
su,2.1016949152542375,1.0917188297806084,0.5927370020192413,25
su,2.169491525423729,1.138206397155564,0.6167795510296834,25
su,2.23728813559322,1.1846939645305203,0.6408772151127172,25
su,2.305084745762712,1.232478717575767,0.6666337160095963,25
su,2.3728813559322033,1.2805628211603113,0.692797837461926,25
su,2.440677966101695,1.3286469247448556,0.7189934049131437,25
su,2.5084745762711864,1.3767310283294,0.7452171022398675,25
su,2.5762711864406778,1.4248151319139444,0.7714660608727324,25
su,2.6440677966101696,1.4728992354984891,0.7977377872031081,25
su,2.711864406779661,1.5209833390830323,0.8240301035947946,25
su,2.7796610169491527,1.569067442667577,0.850341100132588,25
su,2.847457627118644,1.6171515462521213,0.8766690949066632,25
su,2.9152542372881354,1.6652356498366658,0.9030126011301014,25
su,2.983050847457627,1.7133197534212103,0.9293702997624524,25
su,3.0508474576271185,1.7614038570057549,0.9557410165975222,25
su,3.1186440677966103,1.809487960590299,0.9821237029919884,25
su,3.1864406779661016,1.8575720641748432,1.0085174195798712,25
su,3.2542372881355934,1.907300532714677,1.0358271243197916,25
su,3.3220338983050848,1.9816944755838455,1.0767651466911383,25
su,3.389830508474576,2.0560884184530135,1.1177671199311698,25
su,3.457627118644068,2.1304823613221826,1.1588262558675098,25
su,3.5254237288135593,2.2048763041913504,1.1999366865776102,25
su,3.593220338983051,2.27927024706052,1.241093314751172,25
su,3.6610169491525424,2.3536641899296877,1.2822916921135783,25
su,3.7288135593220337,2.4280581327988564,1.323527920002147,25
su,3.7966101694915255,2.5024520756680246,1.3647985675568286,25
su,3.864406779661017,2.5768460185371937,1.4061006040121689,25
su,3.9322033898305087,2.5884700721105007,1.4125567038951088,25
su,4.0,2.5884700721105007,1.4125567038951088,25
