config,model,seed,roc_auc,error
low_cost_model,svm,20340517,0.9787868923611112,
low_cost_model,svm,20340518,0.9906684027777778,
low_cost_model,svm,20340519,0.9794921875,
low_cost_model,svm,20340520,0.969509548611111,
low_cost_model,svm,20340521,0.9684244791666666,
low_cost_model,svm,20340522,0.9794921875,
low_cost_model,svm,20340523,0.9831814236111112,
low_cost_model,svm,20340524,0.9892578125,
low_cost_model,svm,20340525,0.9762369791666667,
low_cost_model,svm,20340526,0.996310763888889,
low_cost_model,svm,20340527,0.9790581597222223,
low_cost_model,svm,20340528,0.9950086805555556,
low_cost_model,svm,20340529,0.9941406250000001,
low_cost_model,svm,20340530,0.9898003472222223,
low_cost_model,svm,20340531,0.9942491319444444,
low_cost_model,svm,20340532,0.9731987847222222,
low_cost_model,svm,20340533,0.9918619791666666,
low_cost_model,svm,20340534,0.9929470486111112,
low_cost_model,svm,20340535,0.9866536458333334,
low_cost_model,svm,20340536,0.9702690972222223,
low_cost_model,svm,20340537,0.99560546875,
low_cost_model,svm,20340538,0.9932725694444444,
low_cost_model,svm,20340539,0.994140625,
low_cost_model,svm,20340540,0.9812282986111112,
low_cost_model,svm,20340541,0.9788411458333334,
low_cost_model,svm,20340542,0.9901801215277778,
low_cost_model,svm,20340543,0.9768880208333334,
low_cost_model,svm,20340544,0.9805772569444443,
low_cost_model,svm,20340545,0.9995659722222222,
low_cost_model,svm,20340546,0.9819878472222221,
low_cost_model,svm,20340547,0.970703125,
low_cost_model,svm,20340548,0.9867078993055556,
low_cost_model,svm,20340549,0.9903971354166666,
low_cost_model,svm,20340550,0.9898546006944445,
low_cost_model,svm,20340551,0.9898003472222222,
low_cost_model,svm,20340552,0.9846462673611112,
low_cost_model,svm,20340553,0.9959309895833334,
low_cost_model,svm,20340554,0.990234375,
low_cost_model,svm,20340555,0.9951171875,
low_cost_model,svm,20340556,0.9734700520833333,
low_cost_model,svm,20340557,0.9943576388888888,
low_cost_model,svm,20340558,0.9881727430555555,
low_cost_model,svm,20340559,0.9791666666666666,
low_cost_model,svm,20340560,0.983181423611111,
low_cost_model,svm,20340561,0.9862196180555555,
low_cost_model,svm,20340562,0.99267578125,
low_cost_model,svm,20340563,0.9957682291666666,
low_cost_model,svm,20340564,0.973849826388889,
low_cost_model,svm,20340565,0.9815538194444445,
low_cost_model,svm,20340566,0.9933268229166667,
low_cost_model,svm,20340567,0.981174045138889,
low_cost_model,svm,20340568,0.993869357638889,
low_cost_model,svm,20340569,0.9928385416666667,
low_cost_model,svm,20340570,0.9930013020833333,
low_cost_model,svm,20340571,0.9782986111111112,
low_cost_model,svm,20340572,0.9832899305555555,
low_cost_model,svm,20340573,0.9965277777777778,
low_cost_model,svm,20340574,0.9903971354166666,
low_cost_model,svm,20340575,0.981662326388889,
low_cost_model,svm,20340576,0.9760742187500001,
low_cost_model,svm,20340577,0.9957682291666667,
low_cost_model,svm,20340578,0.9938151041666666,
low_cost_model,svm,20340579,0.9649522569444445,
low_cost_model,svm,20340580,0.9871419270833333,
low_cost_model,svm,20340581,0.9933268229166667,
low_cost_model,svm,20340582,0.9867621527777778,
low_cost_model,svm,20340583,0.9925672743055556,
low_cost_model,svm,20340584,0.9876302083333334,
low_cost_model,svm,20340585,0.9981553819444445,
low_cost_model,svm,20340586,0.9756401909722223,
low_cost_model,svm,20340587,0.9927300347222222,
low_cost_model,svm,20340588,0.9842664930555556,
low_cost_model,svm,20340589,0.9856228298611112,
low_cost_model,svm,20340590,0.98681640625,
low_cost_model,svm,20340591,0.9931098090277777,
low_cost_model,svm,20340592,0.9976128472222223,
low_cost_model,svm,20340593,0.9725477430555556,
low_cost_model,svm,20340594,0.9851345486111112,
low_cost_model,svm,20340595,0.9799262152777778,
low_cost_model,svm,20340596,0.9864908854166666,
low_cost_model,svm,20340597,0.9794921874999999,
low_cost_model,svm,20340598,0.9853515625,
low_cost_model,svm,20340599,0.9788411458333334,
low_cost_model,svm,20340600,0.986328125,
low_cost_model,svm,20340601,0.9889322916666667,
low_cost_model,svm,20340602,0.9905056423611112,
low_cost_model,svm,20340603,0.9886067708333334,
low_cost_model,svm,20340604,0.9926215277777778,
low_cost_model,svm,20340605,0.9913194444444444,
low_cost_model,svm,20340606,0.9832899305555556,
low_cost_model,svm,20340607,0.9944661458333333,
low_cost_model,svm,20340608,0.9883897569444444,
low_cost_model,svm,20340609,0.9945746527777778,
low_cost_model,svm,20340610,0.9844835069444445,
low_cost_model,svm,20340611,0.9983723958333333,
low_cost_model,svm,20340612,0.9815538194444444,
low_cost_model,svm,20340613,0.9907769097222221,
low_cost_model,svm,20340614,0.992458767361111,
low_cost_model,svm,20340615,0.9853515625,
low_cost_model,svm,20340616,0.9767795138888888,
low_cost_model,svm,20340617,0.9778103298611112,
low_cost_model,svm,20340618,0.9893663194444444,
low_cost_model,svm,20340619,0.9814453125,
low_cost_model,svm,20340620,0.9956597222222222,
low_cost_model,svm,20340621,0.9840494791666666,
low_cost_model,svm,20340622,0.9714626736111112,
low_cost_model,svm,20340623,0.991427951388889,
low_cost_model,svm,20340624,0.984592013888889,
low_cost_model,svm,20340625,0.9784071180555556,
low_cost_model,svm,20340626,0.9975043402777778,
low_cost_model,svm,20340627,0.9932725694444444,
low_cost_model,svm,20340628,0.9800347222222222,
low_cost_model,svm,20340629,0.9893663194444444,
low_cost_model,svm,20340630,0.9876302083333334,
low_cost_model,svm,20340631,0.9772677951388888,
low_cost_model,svm,20340632,0.9913194444444444,
low_cost_model,svm,20340633,0.9807942708333334,
low_cost_model,svm,20340634,0.9798177083333334,
low_cost_model,svm,20340635,0.9966362847222222,
low_cost_model,svm,20340636,1.0,
low_cost_model,svm,20340637,0.9796006944444444,
low_cost_model,svm,20340638,0.945095486111111,
low_cost_model,svm,20340639,0.994140625,
low_cost_model,svm,20340640,0.9797092013888888,
low_cost_model,svm,20340641,0.9720052083333333,
low_cost_model,svm,20340642,0.9789496527777779,
low_cost_model,svm,20340643,0.9781901041666666,
low_cost_model,svm,20340644,0.9803059895833334,
low_cost_model,svm,20340645,0.9847547743055556,
low_cost_model,svm,20340646,0.9739040798611112,
low_cost_model,svm,20340647,0.9927300347222223,
low_cost_model,svm,20340648,0.9720052083333334,
low_cost_model,svm,20340649,0.99609375,
low_cost_model,svm,20340650,0.986328125,
low_cost_model,svm,20340651,0.9930013020833334,
low_cost_model,svm,20340652,0.9906684027777779,
low_cost_model,svm,20340653,0.9971788194444444,
low_cost_model,svm,20340654,0.9883897569444444,
low_cost_model,svm,20340655,0.9802517361111112,
low_cost_model,svm,20340656,0.9930555555555556,
low_cost_model,svm,20340657,0.9984809027777778,
low_cost_model,svm,20340658,0.9760199652777778,
low_cost_model,svm,20340659,0.9894748263888888,
low_cost_model,svm,20340660,0.9873046875,
low_cost_model,svm,20340661,0.9599609375,
low_cost_model,svm,20340662,0.993923611111111,
low_cost_model,svm,20340663,0.9580078125,
low_cost_model,svm,20340664,0.9864366319444446,
low_cost_model,svm,20340665,0.9771050347222222,
low_cost_model,svm,20340666,0.98486328125,
low_cost_model,svm,20340667,0.9407552083333334,
low_cost_model,svm,20340668,0.9838324652777779,
low_cost_model,svm,20340669,0.9872504340277778,
low_cost_model,svm,20340670,0.9978298611111112,
low_cost_model,svm,20340671,0.9893120659722222,
low_cost_model,svm,20340672,0.9570312499999999,
low_cost_model,svm,20340673,0.9484592013888888,
low_cost_model,svm,20340674,0.9814453125,
low_cost_model,svm,20340675,0.9982638888888888,
low_cost_model,svm,20340676,0.9767795138888888,
low_cost_model,svm,20340677,0.9881727430555556,
low_cost_model,svm,20340678,0.9926215277777778,
low_cost_model,svm,20340679,0.9874131944444444,
low_cost_model,svm,20340680,0.9902886284722223,
low_cost_model,svm,20340681,0.9729817708333334,
low_cost_model,svm,20340682,0.9909939236111112,
low_cost_model,svm,20340683,0.9909939236111112,
low_cost_model,svm,20340684,0.980685763888889,
low_cost_model,svm,20340685,0.988498263888889,
low_cost_model,svm,20340686,0.9727647569444445,
low_cost_model,svm,20340687,0.9889322916666666,
low_cost_model,svm,20340688,0.9898003472222222,
low_cost_model,svm,20340689,0.9920789930555556,
low_cost_model,svm,20340690,0.9923502604166666,
low_cost_model,svm,20340691,0.9915364583333333,
low_cost_model,svm,20340692,0.9837782118055556,
low_cost_model,svm,20340693,0.9959852430555556,
low_cost_model,svm,20340694,0.9845920138888888,
low_cost_model,svm,20340695,0.9973958333333334,
low_cost_model,svm,20340696,0.9937065972222222,
low_cost_model,svm,20340697,0.9860026041666666,
low_cost_model,svm,20340698,0.9841579861111112,
low_cost_model,svm,20340699,0.9713541666666666,
low_cost_model,svm,20340700,0.9895833333333334,
low_cost_model,svm,20340701,0.9879014756944443,
low_cost_model,svm,20340702,0.98876953125,
low_cost_model,svm,20340703,0.9801432291666667,
low_cost_model,svm,20340704,0.9761284722222222,
low_cost_model,svm,20340705,0.981662326388889,
low_cost_model,svm,20340706,0.9855685763888888,
low_cost_model,svm,20340707,0.990505642361111,
low_cost_model,svm,20340708,0.9837239583333334,
low_cost_model,svm,20340709,0.9809027777777777,
low_cost_model,svm,20340710,0.9927300347222222,
low_cost_model,svm,20340711,0.9928927951388888,
low_cost_model,svm,20340712,0.9844835069444445,
low_cost_model,svm,20340713,0.990505642361111,
low_cost_model,svm,20340714,0.9938151041666666,
low_cost_model,svm,20340715,0.9909939236111112,
low_cost_model,svm,20340716,0.9862196180555556,
low_cost_model,random_forest,20340517,0.9893120659722223,
low_cost_model,random_forest,20340518,0.9881727430555556,
low_cost_model,random_forest,20340519,0.9808485243055556,
low_cost_model,random_forest,20340520,0.9815538194444445,
low_cost_model,random_forest,20340521,0.9853515625,
low_cost_model,random_forest,20340522,0.9939236111111112,
low_cost_model,random_forest,20340523,0.9677191840277778,
low_cost_model,random_forest,20340524,0.9927300347222223,
low_cost_model,random_forest,20340525,0.9779730902777777,
low_cost_model,random_forest,20340526,0.9981553819444445,
low_cost_model,random_forest,20340527,0.9832899305555556,
low_cost_model,random_forest,20340528,0.995334201388889,
low_cost_model,random_forest,20340529,0.9991319444444444,
low_cost_model,random_forest,20340530,0.9967447916666666,
low_cost_model,random_forest,20340531,0.9932725694444444,
low_cost_model,random_forest,20340532,0.9797092013888888,
low_cost_model,random_forest,20340533,0.9844835069444444,
low_cost_model,random_forest,20340534,0.9930013020833334,
low_cost_model,random_forest,20340535,0.9971788194444444,
low_cost_model,random_forest,20340536,0.9798177083333335,
low_cost_model,random_forest,20340537,0.9922960069444445,
low_cost_model,random_forest,20340538,0.9946831597222222,
low_cost_model,random_forest,20340539,0.9879557291666666,
low_cost_model,random_forest,20340540,0.9636501736111112,
low_cost_model,random_forest,20340541,0.9965277777777778,
low_cost_model,random_forest,20340542,0.9872504340277779,
low_cost_model,random_forest,20340543,0.9607204861111112,
low_cost_model,random_forest,20340544,0.9778103298611112,
low_cost_model,random_forest,20340545,0.9984809027777778,
low_cost_model,random_forest,20340546,0.9739583333333335,
low_cost_model,random_forest,20340547,0.9753689236111112,
low_cost_model,random_forest,20340548,0.9889865451388891,
low_cost_model,random_forest,20340549,0.9903971354166666,
low_cost_model,random_forest,20340550,0.9905056423611112,
low_cost_model,random_forest,20340551,0.9864366319444445,
low_cost_model,random_forest,20340552,0.9945203993055556,
low_cost_model,random_forest,20340553,0.9894748263888888,
low_cost_model,random_forest,20340554,0.9915364583333334,
low_cost_model,random_forest,20340555,1.0,
low_cost_model,random_forest,20340556,0.9873589409722223,
low_cost_model,random_forest,20340557,0.9895833333333336,
low_cost_model,random_forest,20340558,0.9933810763888888,
low_cost_model,random_forest,20340559,0.9912109375000001,
low_cost_model,random_forest,20340560,0.9914279513888888,
low_cost_model,random_forest,20340561,0.9755316840277778,
low_cost_model,random_forest,20340562,0.9915907118055556,
low_cost_model,random_forest,20340563,0.998263888888889,
low_cost_model,random_forest,20340564,0.9818793402777778,
low_cost_model,random_forest,20340565,0.9737413194444444,
low_cost_model,random_forest,20340566,0.9954969618055557,
low_cost_model,random_forest,20340567,0.9739040798611112,
low_cost_model,random_forest,20340568,0.9964735243055556,
low_cost_model,random_forest,20340569,0.9975043402777778,
low_cost_model,random_forest,20340570,0.990939670138889,
low_cost_model,random_forest,20340571,0.97900390625,
low_cost_model,random_forest,20340572,0.9804687500000001,
low_cost_model,random_forest,20340573,0.9978298611111112,
low_cost_model,random_forest,20340574,0.996799045138889,
low_cost_model,random_forest,20340575,0.9690755208333334,
low_cost_model,random_forest,20340576,0.9744466145833334,
low_cost_model,random_forest,20340577,0.9981553819444444,
low_cost_model,random_forest,20340578,0.9964192708333333,
low_cost_model,random_forest,20340579,0.9860026041666666,
low_cost_model,random_forest,20340580,0.9821506076388888,
low_cost_model,random_forest,20340581,0.9982096354166666,
low_cost_model,random_forest,20340582,0.9849717881944445,
low_cost_model,random_forest,20340583,0.9988606770833334,
low_cost_model,random_forest,20340584,0.9943576388888888,
low_cost_model,random_forest,20340585,0.9962022569444445,
low_cost_model,random_forest,20340586,0.9755316840277779,
low_cost_model,random_forest,20340587,0.9965277777777778,
low_cost_model,random_forest,20340588,0.9866536458333334,
low_cost_model,random_forest,20340589,0.987738715277778,
low_cost_model,random_forest,20340590,0.9883355034722222,
low_cost_model,random_forest,20340591,0.9852973090277778,
low_cost_model,random_forest,20340592,0.9970703125,
low_cost_model,random_forest,20340593,0.9874131944444444,
low_cost_model,random_forest,20340594,0.9819878472222222,
low_cost_model,random_forest,20340595,0.9935980902777777,
low_cost_model,random_forest,20340596,0.9706488715277778,
low_cost_model,random_forest,20340597,0.9935980902777778,
low_cost_model,random_forest,20340598,0.9884982638888888,
low_cost_model,random_forest,20340599,0.9869791666666666,
low_cost_model,random_forest,20340600,0.9883897569444444,
low_cost_model,random_forest,20340601,0.9838324652777778,
low_cost_model,random_forest,20340602,0.9800347222222221,
low_cost_model,random_forest,20340603,0.9985894097222221,
low_cost_model,random_forest,20340604,0.9926215277777778,
low_cost_model,random_forest,20340605,0.9978298611111112,
low_cost_model,random_forest,20340606,0.9927300347222222,
low_cost_model,random_forest,20340607,0.9975043402777778,
low_cost_model,random_forest,20340608,0.984103732638889,
low_cost_model,random_forest,20340609,0.9950086805555556,
low_cost_model,random_forest,20340610,0.9866536458333333,
low_cost_model,random_forest,20340611,0.989040798611111,
low_cost_model,random_forest,20340612,0.9865451388888888,
low_cost_model,random_forest,20340613,0.9916449652777778,
low_cost_model,random_forest,20340614,0.9958224826388888,
low_cost_model,random_forest,20340615,0.9898546006944444,
low_cost_model,random_forest,20340616,0.9862196180555556,
low_cost_model,random_forest,20340617,0.9933268229166667,
low_cost_model,random_forest,20340618,0.9892578125,
low_cost_model,random_forest,20340619,0.9636501736111112,
low_cost_model,random_forest,20340620,0.9995659722222222,
low_cost_model,random_forest,20340621,0.9817708333333333,
low_cost_model,random_forest,20340622,0.9833984375,
low_cost_model,random_forest,20340623,0.9971788194444444,
low_cost_model,random_forest,20340624,0.9938151041666667,
low_cost_model,random_forest,20340625,0.9649522569444445,
low_cost_model,random_forest,20340626,0.9986979166666667,
low_cost_model,random_forest,20340627,0.9781901041666666,
low_cost_model,random_forest,20340628,0.9856770833333334,
low_cost_model,random_forest,20340629,0.9993489583333333,
low_cost_model,random_forest,20340630,0.9913194444444444,
low_cost_model,random_forest,20340631,0.9775933159722222,
low_cost_model,random_forest,20340632,0.9747721354166666,
low_cost_model,random_forest,20340633,0.9739040798611112,
low_cost_model,random_forest,20340634,0.9825303819444445,
low_cost_model,random_forest,20340635,0.9952256944444444,
low_cost_model,random_forest,20340636,1.0,
low_cost_model,random_forest,20340637,0.9935980902777778,
low_cost_model,random_forest,20340638,0.9844835069444445,
low_cost_model,random_forest,20340639,0.9915907118055556,
low_cost_model,random_forest,20340640,0.9892578125,
low_cost_model,random_forest,20340641,0.9919704861111112,
low_cost_model,random_forest,20340642,0.9784071180555556,
low_cost_model,random_forest,20340643,0.9771050347222221,
low_cost_model,random_forest,20340644,0.9805772569444444,
low_cost_model,random_forest,20340645,0.98486328125,
low_cost_model,random_forest,20340646,0.9892035590277778,
low_cost_model,random_forest,20340647,0.9930013020833334,
low_cost_model,random_forest,20340648,0.9731987847222221,
low_cost_model,random_forest,20340649,0.9925672743055556,
low_cost_model,random_forest,20340650,0.9857855902777779,
low_cost_model,random_forest,20340651,0.9918619791666666,
low_cost_model,random_forest,20340652,0.985568576388889,
low_cost_model,random_forest,20340653,1.0,
low_cost_model,random_forest,20340654,0.9944661458333333,
low_cost_model,random_forest,20340655,0.9931640625,
low_cost_model,random_forest,20340656,0.9865993923611112,
low_cost_model,random_forest,20340657,0.9962022569444445,
low_cost_model,random_forest,20340658,0.98583984375,
low_cost_model,random_forest,20340659,0.9955512152777778,
low_cost_model,random_forest,20340660,0.9822048611111112,
low_cost_model,random_forest,20340661,0.97705078125,
low_cost_model,random_forest,20340662,0.9955512152777778,
low_cost_model,random_forest,20340663,0.983615451388889,
low_cost_model,random_forest,20340664,0.9956597222222222,
low_cost_model,random_forest,20340665,0.9925130208333334,
low_cost_model,random_forest,20340666,0.9767252604166666,
low_cost_model,random_forest,20340667,0.97900390625,
low_cost_model,random_forest,20340668,0.9759114583333334,
low_cost_model,random_forest,20340669,0.9932183159722222,
low_cost_model,random_forest,20340670,0.9985894097222222,
low_cost_model,random_forest,20340671,0.9818250868055556,
low_cost_model,random_forest,20340672,0.988498263888889,
low_cost_model,random_forest,20340673,0.9899088541666667,
low_cost_model,random_forest,20340674,0.9938151041666666,
low_cost_model,random_forest,20340675,0.9986979166666667,
low_cost_model,random_forest,20340676,0.9949001736111112,
low_cost_model,random_forest,20340677,0.9862196180555557,
low_cost_model,random_forest,20340678,0.993923611111111,
low_cost_model,random_forest,20340679,0.9801432291666666,
low_cost_model,random_forest,20340680,0.9894205729166666,
low_cost_model,random_forest,20340681,0.98095703125,
low_cost_model,random_forest,20340682,0.9927300347222222,
low_cost_model,random_forest,20340683,0.9945746527777778,
low_cost_model,random_forest,20340684,0.9905598958333333,
low_cost_model,random_forest,20340685,0.98828125,
low_cost_model,random_forest,20340686,0.9943576388888888,
low_cost_model,random_forest,20340687,0.987087673611111,
low_cost_model,random_forest,20340688,0.9927300347222223,
low_cost_model,random_forest,20340689,0.9925130208333334,
low_cost_model,random_forest,20340690,0.9913736979166667,
low_cost_model,random_forest,20340691,0.9915364583333335,
low_cost_model,random_forest,20340692,0.9915907118055556,
low_cost_model,random_forest,20340693,0.9962022569444445,
low_cost_model,random_forest,20340694,0.994357638888889,
low_cost_model,random_forest,20340695,0.989474826388889,
low_cost_model,random_forest,20340696,0.9787326388888888,
low_cost_model,random_forest,20340697,0.9675021701388888,
low_cost_model,random_forest,20340698,0.9964192708333333,
low_cost_model,random_forest,20340699,0.9674479166666667,
low_cost_model,random_forest,20340700,0.9872504340277779,
low_cost_model,random_forest,20340701,0.989963107638889,
low_cost_model,random_forest,20340702,0.9865451388888888,
low_cost_model,random_forest,20340703,0.9889322916666666,
low_cost_model,random_forest,20340704,0.9788953993055556,
low_cost_model,random_forest,20340705,0.9911024305555556,
low_cost_model,random_forest,20340706,0.9874131944444444,
low_cost_model,random_forest,20340707,0.9824761284722223,
low_cost_model,random_forest,20340708,0.9984809027777778,
low_cost_model,random_forest,20340709,0.9946831597222222,
low_cost_model,random_forest,20340710,0.9916449652777778,
low_cost_model,random_forest,20340711,0.9940863715277778,
low_cost_model,random_forest,20340712,0.9937065972222222,
low_cost_model,random_forest,20340713,0.9855143229166667,
low_cost_model,random_forest,20340714,0.9962022569444445,
low_cost_model,random_forest,20340715,0.9793836805555556,
low_cost_model,random_forest,20340716,0.9826931423611112,
laboratory_model,svm,20340517,0.9967447916666666,
laboratory_model,svm,20340518,0.9959852430555556,
laboratory_model,svm,20340519,0.9937065972222221,
laboratory_model,svm,20340520,0.9928385416666666,
laboratory_model,svm,20340521,0.9838324652777778,
laboratory_model,svm,20340522,0.9959852430555555,
laboratory_model,svm,20340523,0.9877387152777779,
laboratory_model,svm,20340524,0.9916449652777778,
laboratory_model,svm,20340525,0.9918619791666667,
laboratory_model,svm,20340526,0.9794921875,
laboratory_model,svm,20340527,0.9944661458333334,
laboratory_model,svm,20340528,0.9951171875000001,
laboratory_model,svm,20340529,0.994357638888889,
laboratory_model,svm,20340530,0.986328125,
laboratory_model,svm,20340531,0.982638888888889,
laboratory_model,svm,20340532,0.9976128472222222,
laboratory_model,svm,20340533,0.9957682291666667,
laboratory_model,svm,20340534,0.9571397569444444,
laboratory_model,svm,20340535,0.9976128472222221,
laboratory_model,svm,20340536,0.984592013888889,
laboratory_model,svm,20340537,0.9908854166666666,
laboratory_model,svm,20340538,0.9967447916666667,
laboratory_model,svm,20340539,0.9937065972222222,
laboratory_model,svm,20340540,0.9820963541666667,
laboratory_model,svm,20340541,0.9943576388888888,
laboratory_model,svm,20340542,0.9765625,
laboratory_model,svm,20340543,0.9786241319444444,
laboratory_model,svm,20340544,0.994140625,
laboratory_model,svm,20340545,0.9926215277777779,
laboratory_model,svm,20340546,0.9955512152777778,
laboratory_model,svm,20340547,0.9801432291666666,
laboratory_model,svm,20340548,0.9964192708333334,
laboratory_model,svm,20340549,0.9915364583333334,
laboratory_model,svm,20340550,0.9898003472222222,
laboratory_model,svm,20340551,0.9954427083333333,
laboratory_model,svm,20340552,0.9975043402777778,
laboratory_model,svm,20340553,0.9935980902777778,
laboratory_model,svm,20340554,0.9864366319444445,
laboratory_model,svm,20340555,0.9700520833333334,
laboratory_model,svm,20340556,0.9956597222222222,
laboratory_model,svm,20340557,0.9876302083333333,
laboratory_model,svm,20340558,0.9997829861111112,
laboratory_model,svm,20340559,0.9969618055555555,
laboratory_model,svm,20340560,0.9878472222222222,
laboratory_model,svm,20340561,0.9898003472222223,
laboratory_model,svm,20340562,0.9866536458333334,
laboratory_model,svm,20340563,0.9611545138888888,
laboratory_model,svm,20340564,0.982421875,
laboratory_model,svm,20340565,0.9942491319444444,
laboratory_model,svm,20340566,0.9990234375000001,
laboratory_model,svm,20340567,0.9852430555555556,
laboratory_model,svm,20340568,0.9799262152777777,
laboratory_model,svm,20340569,0.993381076388889,
laboratory_model,svm,20340570,0.9979383680555556,
laboratory_model,svm,20340571,0.994357638888889,
laboratory_model,svm,20340572,0.9916449652777778,
laboratory_model,svm,20340573,0.9893663194444444,
laboratory_model,svm,20340574,0.9957682291666666,
laboratory_model,svm,20340575,0.9815538194444445,
laboratory_model,svm,20340576,0.9828559027777778,
laboratory_model,svm,20340577,0.9945746527777778,
laboratory_model,svm,20340578,0.9973958333333333,
laboratory_model,svm,20340579,0.996853298611111,
laboratory_model,svm,20340580,0.9953342013888888,
laboratory_model,svm,20340581,0.997287326388889,
laboratory_model,svm,20340582,0.9940321180555556,
laboratory_model,svm,20340583,0.9940321180555556,
laboratory_model,svm,20340584,0.9957682291666667,
laboratory_model,svm,20340585,1.0,
laboratory_model,svm,20340586,0.9978298611111112,
laboratory_model,svm,20340587,0.9796006944444444,
laboratory_model,svm,20340588,0.9975043402777778,
laboratory_model,svm,20340589,0.9953342013888888,
laboratory_model,svm,20340590,0.9933810763888888,
laboratory_model,svm,20340591,0.9971788194444445,
laboratory_model,svm,20340592,0.9866536458333334,
laboratory_model,svm,20340593,0.9957682291666666,
laboratory_model,svm,20340594,0.9959852430555554,
laboratory_model,svm,20340595,0.9906684027777778,
laboratory_model,svm,20340596,0.9970703124999999,
laboratory_model,svm,20340597,0.9856770833333333,
laboratory_model,svm,20340598,0.9952256944444444,
laboratory_model,svm,20340599,0.9742838541666666,
laboratory_model,svm,20340600,0.9947916666666667,
laboratory_model,svm,20340601,0.9892578125,
laboratory_model,svm,20340602,0.9674479166666667,
laboratory_model,svm,20340603,0.9995659722222222,
laboratory_model,svm,20340604,0.9857855902777779,
laboratory_model,svm,20340605,0.9904513888888888,
laboratory_model,svm,20340606,0.9965277777777779,
laboratory_model,svm,20340607,0.9916449652777778,
laboratory_model,svm,20340608,0.983181423611111,
laboratory_model,svm,20340609,0.993381076388889,
laboratory_model,svm,20340610,0.9771050347222222,
laboratory_model,svm,20340611,0.9927300347222222,
laboratory_model,svm,20340612,0.9950086805555556,
laboratory_model,svm,20340613,0.9988064236111112,
laboratory_model,svm,20340614,0.9935980902777778,
laboratory_model,svm,20340615,0.991970486111111,
laboratory_model,svm,20340616,0.994140625,
laboratory_model,svm,20340617,0.9942491319444444,
laboratory_model,svm,20340618,0.9950086805555555,
laboratory_model,svm,20340619,0.9932725694444444,
laboratory_model,svm,20340620,0.9772135416666665,
laboratory_model,svm,20340621,0.9760199652777777,
laboratory_model,svm,20340622,0.9867621527777778,
laboratory_model,svm,20340623,0.9899088541666666,
laboratory_model,svm,20340624,0.9820963541666667,
laboratory_model,svm,20340625,0.9911024305555556,
laboratory_model,svm,20340626,0.9822048611111112,
laboratory_model,svm,20340627,0.9930555555555555,
laboratory_model,svm,20340628,0.997287326388889,
laboratory_model,svm,20340629,0.9917534722222222,
laboratory_model,svm,20340630,0.9866536458333334,
laboratory_model,svm,20340631,0.9964192708333333,
laboratory_model,svm,20340632,0.9955512152777778,
laboratory_model,svm,20340633,0.9933810763888888,
laboratory_model,svm,20340634,0.9940321180555555,
laboratory_model,svm,20340635,0.9973958333333333,
laboratory_model,svm,20340636,0.9915364583333334,
laboratory_model,svm,20340637,0.9932725694444444,
laboratory_model,svm,20340638,0.9878472222222222,
laboratory_model,svm,20340639,0.984592013888889,
laboratory_model,svm,20340640,0.998046875,
laboratory_model,svm,20340641,0.9983723958333333,
laboratory_model,svm,20340642,0.9799262152777777,
laboratory_model,svm,20340643,0.9934895833333334,
laboratory_model,svm,20340644,0.994140625,
laboratory_model,svm,20340645,0.9933810763888888,
laboratory_model,svm,20340646,0.9938151041666667,
laboratory_model,svm,20340647,0.9903428819444444,
laboratory_model,svm,20340648,0.9976128472222223,
laboratory_model,svm,20340649,0.9920789930555556,
laboratory_model,svm,20340650,0.9835069444444445,
laboratory_model,svm,20340651,0.9835069444444445,
laboratory_model,svm,20340652,0.9580078125,
laboratory_model,svm,20340653,0.9959852430555556,
laboratory_model,svm,20340654,0.9860026041666666,
laboratory_model,svm,20340655,0.991970486111111,
laboratory_model,svm,20340656,0.9942491319444444,
laboratory_model,svm,20340657,0.9926215277777778,
laboratory_model,svm,20340658,0.9943576388888888,
laboratory_model,svm,20340659,0.9934895833333334,
laboratory_model,svm,20340660,0.989040798611111,
laboratory_model,svm,20340661,0.9873046875,
laboratory_model,svm,20340662,0.9924045138888888,
laboratory_model,svm,20340663,0.9956597222222222,
laboratory_model,svm,20340664,0.983181423611111,
laboratory_model,svm,20340665,0.9945746527777779,
laboratory_model,svm,20340666,0.9977213541666666,
laboratory_model,svm,20340667,0.983615451388889,
laboratory_model,svm,20340668,0.982421875,
laboratory_model,svm,20340669,0.9971788194444444,
laboratory_model,svm,20340670,0.9988064236111112,
laboratory_model,svm,20340671,0.9895833333333334,
laboratory_model,svm,20340672,0.9997829861111112,
laboratory_model,svm,20340673,0.9972873263888888,
laboratory_model,svm,20340674,0.9930555555555555,
laboratory_model,svm,20340675,0.9873046875,
laboratory_model,svm,20340676,0.9945746527777778,
laboratory_model,svm,20340677,0.9965277777777778,
laboratory_model,svm,20340678,0.974609375,
laboratory_model,svm,20340679,0.9928385416666666,
laboratory_model,svm,20340680,0.9989149305555556,
laboratory_model,svm,20340681,0.9955512152777777,
laboratory_model,svm,20340682,0.9942491319444444,
laboratory_model,svm,20340683,0.9934895833333333,
laboratory_model,svm,20340684,0.9848090277777778,
laboratory_model,svm,20340685,0.9894748263888888,
laboratory_model,svm,20340686,0.9920789930555555,
laboratory_model,svm,20340687,0.9955512152777777,
laboratory_model,svm,20340688,0.9924045138888888,
laboratory_model,svm,20340689,0.9892578125,
laboratory_model,svm,20340690,0.9966362847222221,
laboratory_model,svm,20340691,0.9964192708333333,
laboratory_model,svm,20340692,0.9865451388888888,
laboratory_model,svm,20340693,0.9962022569444444,
laboratory_model,svm,20340694,0.9940321180555556,
laboratory_model,svm,20340695,0.9889322916666667,
laboratory_model,svm,20340696,0.9901258680555556,
laboratory_model,svm,20340697,0.9903428819444444,
laboratory_model,svm,20340698,0.9868706597222222,
laboratory_model,svm,20340699,0.9927300347222222,
laboratory_model,svm,20340700,0.9934895833333334,
laboratory_model,svm,20340701,0.9977213541666667,
laboratory_model,svm,20340702,0.9966362847222222,
laboratory_model,svm,20340703,0.9823133680555556,
laboratory_model,svm,20340704,0.9992404513888888,
laboratory_model,svm,20340705,0.9950086805555556,
laboratory_model,svm,20340706,0.990451388888889,
laboratory_model,svm,20340707,0.9983723958333334,
laboratory_model,svm,20340708,0.9914279513888888,
laboratory_model,svm,20340709,0.9824218750000001,
laboratory_model,svm,20340710,0.9891493055555557,
laboratory_model,svm,20340711,0.9868706597222222,
laboratory_model,svm,20340712,0.9925130208333334,
laboratory_model,svm,20340713,0.9940321180555555,
laboratory_model,svm,20340714,0.9953342013888888,
laboratory_model,svm,20340715,0.9883897569444445,
laboratory_model,svm,20340716,0.9652777777777778,
full_valid_model,svm,20340517,1.0,
full_valid_model,svm,20340518,0.9993489583333334,
full_valid_model,svm,20340519,1.0,
full_valid_model,svm,20340520,1.0,
full_valid_model,svm,20340521,0.998046875,
full_valid_model,svm,20340522,0.9997829861111112,
full_valid_model,svm,20340523,0.9996744791666667,
full_valid_model,svm,20340524,1.0,
full_valid_model,svm,20340525,1.0,
full_valid_model,svm,20340526,0.9996744791666667,
full_valid_model,svm,20340527,0.999782986111111,
full_valid_model,svm,20340528,1.0,
full_valid_model,svm,20340529,1.0,
full_valid_model,svm,20340530,1.0,
full_valid_model,svm,20340531,1.0,
full_valid_model,svm,20340532,1.0,
full_valid_model,svm,20340533,1.0,
full_valid_model,svm,20340534,0.9996744791666667,
full_valid_model,svm,20340535,1.0,
full_valid_model,svm,20340536,0.9990234375,
full_valid_model,svm,20340537,0.9999999999999999,
full_valid_model,svm,20340538,1.0,
full_valid_model,svm,20340539,1.0,
full_valid_model,svm,20340540,1.0,
full_valid_model,svm,20340541,1.0,
full_valid_model,svm,20340542,1.0,
full_valid_model,svm,20340543,1.0,
full_valid_model,svm,20340544,1.0,
full_valid_model,svm,20340545,1.0,
full_valid_model,svm,20340546,1.0,
full_valid_model,svm,20340547,1.0,
full_valid_model,svm,20340548,1.0,
full_valid_model,svm,20340549,1.0,
full_valid_model,svm,20340550,0.9997829861111112,
full_valid_model,svm,20340551,1.0,
full_valid_model,svm,20340552,1.0,
full_valid_model,svm,20340553,1.0,
full_valid_model,svm,20340554,0.9997829861111112,
full_valid_model,svm,20340555,1.0,
full_valid_model,svm,20340556,0.9995659722222222,
full_valid_model,svm,20340557,1.0,
full_valid_model,svm,20340558,1.0,
full_valid_model,svm,20340559,1.0,
full_valid_model,svm,20340560,0.999782986111111,
full_valid_model,svm,20340561,1.0,
full_valid_model,svm,20340562,1.0,
full_valid_model,svm,20340563,1.0,
full_valid_model,svm,20340564,1.0,
full_valid_model,svm,20340565,1.0,
full_valid_model,svm,20340566,1.0,
full_valid_model,svm,20340567,1.0,
full_valid_model,svm,20340568,1.0,
full_valid_model,svm,20340569,1.0,
full_valid_model,svm,20340570,1.0,
full_valid_model,svm,20340571,0.9998914930555556,
full_valid_model,svm,20340572,1.0,
full_valid_model,svm,20340573,1.0,
full_valid_model,svm,20340574,1.0,
full_valid_model,svm,20340575,1.0,
full_valid_model,svm,20340576,1.0,
full_valid_model,svm,20340577,0.9998914930555556,
full_valid_model,svm,20340578,1.0,
full_valid_model,svm,20340579,1.0,
full_valid_model,svm,20340580,1.0,
full_valid_model,svm,20340581,1.0,
full_valid_model,svm,20340582,1.0,
full_valid_model,svm,20340583,1.0,
full_valid_model,svm,20340584,1.0,
full_valid_model,svm,20340585,1.0,
full_valid_model,svm,20340586,0.9995659722222223,
full_valid_model,svm,20340587,1.0,
full_valid_model,svm,20340588,0.9997829861111112,
full_valid_model,svm,20340589,1.0,
full_valid_model,svm,20340590,1.0,
full_valid_model,svm,20340591,1.0,
full_valid_model,svm,20340592,1.0,
full_valid_model,svm,20340593,1.0,
full_valid_model,svm,20340594,1.0,
full_valid_model,svm,20340595,0.9997829861111112,
full_valid_model,svm,20340596,1.0,
full_valid_model,svm,20340597,1.0,
full_valid_model,svm,20340598,1.0,
full_valid_model,svm,20340599,1.0,
full_valid_model,svm,20340600,1.0,
full_valid_model,svm,20340601,0.9990234375,
full_valid_model,svm,20340602,0.9996744791666667,
full_valid_model,svm,20340603,1.0,
full_valid_model,svm,20340604,1.0,
full_valid_model,svm,20340605,1.0,
full_valid_model,svm,20340606,1.0,
full_valid_model,svm,20340607,0.999782986111111,
full_valid_model,svm,20340608,1.0,
full_valid_model,svm,20340609,1.0,
full_valid_model,svm,20340610,0.9995659722222222,
full_valid_model,svm,20340611,1.0,
full_valid_model,svm,20340612,1.0,
full_valid_model,svm,20340613,1.0,
full_valid_model,svm,20340614,1.0,
full_valid_model,svm,20340615,1.0,
full_valid_model,svm,20340616,1.0,
full_valid_model,svm,20340617,1.0,
full_valid_model,svm,20340618,0.9996744791666667,
full_valid_model,svm,20340619,0.999782986111111,
full_valid_model,svm,20340620,1.0,
full_valid_model,svm,20340621,1.0,
full_valid_model,svm,20340622,1.0,
full_valid_model,svm,20340623,1.0,
full_valid_model,svm,20340624,1.0,
full_valid_model,svm,20340625,0.9989149305555556,
full_valid_model,svm,20340626,1.0,
full_valid_model,svm,20340627,1.0,
full_valid_model,svm,20340628,1.0,
full_valid_model,svm,20340629,1.0,
full_valid_model,svm,20340630,1.0,
full_valid_model,svm,20340631,1.0,
full_valid_model,svm,20340632,1.0,
full_valid_model,svm,20340633,0.9986979166666666,
full_valid_model,svm,20340634,1.0,
full_valid_model,svm,20340635,1.0,
full_valid_model,svm,20340636,1.0,
full_valid_model,svm,20340637,1.0,
full_valid_model,svm,20340638,1.0,
full_valid_model,svm,20340639,1.0,
full_valid_model,svm,20340640,1.0,
full_valid_model,svm,20340641,1.0,
full_valid_model,svm,20340642,1.0,
full_valid_model,svm,20340643,1.0,
full_valid_model,svm,20340644,1.0,
full_valid_model,svm,20340645,1.0,
full_valid_model,svm,20340646,0.9993489583333333,
full_valid_model,svm,20340647,0.9996744791666667,
full_valid_model,svm,20340648,1.0,
full_valid_model,svm,20340649,0.9993489583333333,
full_valid_model,svm,20340650,0.9989149305555556,
full_valid_model,svm,20340651,1.0,
full_valid_model,svm,20340652,0.9996744791666665,
full_valid_model,svm,20340653,1.0,
full_valid_model,svm,20340654,1.0,
full_valid_model,svm,20340655,1.0,
full_valid_model,svm,20340656,1.0,
full_valid_model,svm,20340657,1.0,
full_valid_model,svm,20340658,1.0,
full_valid_model,svm,20340659,1.0,
full_valid_model,svm,20340660,0.9999999999999999,
full_valid_model,svm,20340661,1.0,
full_valid_model,svm,20340662,0.9996744791666667,
full_valid_model,svm,20340663,1.0,
full_valid_model,svm,20340664,0.9994574652777778,
full_valid_model,svm,20340665,1.0,
full_valid_model,svm,20340666,1.0,
full_valid_model,svm,20340667,0.9992404513888888,
full_valid_model,svm,20340668,1.0,
full_valid_model,svm,20340669,1.0,
full_valid_model,svm,20340670,1.0,
full_valid_model,svm,20340671,0.9984809027777778,
full_valid_model,svm,20340672,1.0,
full_valid_model,svm,20340673,0.9995659722222222,
full_valid_model,svm,20340674,0.999782986111111,
full_valid_model,svm,20340675,1.0,
full_valid_model,svm,20340676,1.0,
full_valid_model,svm,20340677,1.0,
full_valid_model,svm,20340678,0.9999999999999999,
full_valid_model,svm,20340679,1.0,
full_valid_model,svm,20340680,0.9997829861111112,
full_valid_model,svm,20340681,1.0,
full_valid_model,svm,20340682,1.0,
full_valid_model,svm,20340683,0.9998914930555556,
full_valid_model,svm,20340684,0.9998914930555556,
full_valid_model,svm,20340685,1.0,
full_valid_model,svm,20340686,1.0,
full_valid_model,svm,20340687,1.0,
full_valid_model,svm,20340688,1.0,
full_valid_model,svm,20340689,1.0,
full_valid_model,svm,20340690,1.0,
full_valid_model,svm,20340691,0.9999999999999999,
full_valid_model,svm,20340692,1.0,
full_valid_model,svm,20340693,1.0,
full_valid_model,svm,20340694,1.0,
full_valid_model,svm,20340695,0.9997829861111112,
full_valid_model,svm,20340696,1.0,
full_valid_model,svm,20340697,1.0,
full_valid_model,svm,20340698,1.0,
full_valid_model,svm,20340699,0.9993489583333334,
full_valid_model,svm,20340700,0.9998914930555556,
full_valid_model,svm,20340701,1.0,
full_valid_model,svm,20340702,1.0,
full_valid_model,svm,20340703,1.0,
full_valid_model,svm,20340704,1.0,
full_valid_model,svm,20340705,1.0,
full_valid_model,svm,20340706,1.0,
full_valid_model,svm,20340707,1.0,
full_valid_model,svm,20340708,1.0,
full_valid_model,svm,20340709,1.0,
full_valid_model,svm,20340710,0.999782986111111,
full_valid_model,svm,20340711,1.0,
full_valid_model,svm,20340712,1.0,
full_valid_model,svm,20340713,1.0,
full_valid_model,svm,20340714,1.0,
full_valid_model,svm,20340715,1.0,
full_valid_model,svm,20340716,0.9996744791666667,
