target,config,model,method,feature,mean_importance,sd_importance,median_importance,positive_in_folds,n_folds,mean_rank,sd_rank,best_rank,worst_rank,top5_frequency,top5_count,kendalls_w_all_features,mean_pairwise_jaccard_top5
best_valid,full_valid_model,svm,permutation,ba,0.01557665201465201,0.017120746697484826,0.010302197802197804,23,25,6.48,6.325345840347388,1.0,23.5,0.6,15,0.4708129230769231,0.3408201058201058
best_valid,full_valid_model,svm,permutation,bgr,0.013572293040293034,0.014121868610456,0.008799999999999985,24,25,6.46,5.937030683206322,1.0,21.0,0.52,13,0.4708129230769231,0.3408201058201058
best_valid,full_valid_model,svm,permutation,sg,0.013421978021978016,0.008993647961326347,0.01333333333333327,24,25,4.32,3.5055907728465208,1.0,18.5,0.8,20,0.4708129230769231,0.3408201058201058
best_valid,full_valid_model,svm,permutation,hemo,0.012031619047619048,0.007879381772436097,0.011666666666666664,24,25,4.8,3.442988043352266,1.0,17.5,0.68,17,0.4708129230769231,0.3408201058201058
best_valid,full_valid_model,svm,permutation,pcv,0.009627106227106226,0.0080056122526118,0.0074666666666666215,24,25,5.96,3.484848155467705,1.0,17.5,0.52,13,0.4708129230769231,0.3408201058201058
best_valid,full_valid_model,svm,permutation,bu,0.009499890109890101,0.012417304060963785,0.0032666666666666343,18,25,9.22,6.808511829565499,1.0,20.0,0.44,11,0.4708129230769231,0.3408201058201058
best_valid,full_valid_model,svm,permutation,sc,0.009299150183150175,0.014221185037187282,0.0025333333333333098,19,25,11.16,7.553586344688639,1.0,24.0,0.36,9,0.4708129230769231,0.3408201058201058
best_valid,full_valid_model,svm,permutation,su,0.007902820512820501,0.015497856349893832,0.00357142857142857,23,25,9.26,5.416256394718896,1.0,23.0,0.2,5,0.4708129230769231,0.3408201058201058
best_valid,full_valid_model,svm,permutation,pot,0.005468183150183148,0.007136185693579459,0.0,10,25,14.1,8.817596044274199,1.0,24.5,0.32,8,0.4708129230769231,0.3408201058201058
best_valid,full_valid_model,svm,permutation,sod,0.004503150183150177,0.004178072163308794,0.0030666666666666507,24,25,10.2,5.11737237261468,1.0,20.0,0.2,5,0.4708129230769231,0.3408201058201058
best_valid,full_valid_model,svm,permutation,wbcc,0.0039753553113553095,0.006164611709826423,0.0008241758241758212,18,25,13.64,7.952358140828418,1.0,23.5,0.16,4,0.4708129230769231,0.3408201058201058
best_valid,full_valid_model,svm,permutation,rbcc,0.0035251208791208704,0.003360547440135051,0.0032280219780219887,20,25,10.92,4.389096338275872,4.5,18.0,0.04,1,0.4708129230769231,0.3408201058201058
best_valid,full_valid_model,svm,permutation,al,0.003094527472527468,0.0036416044068471156,0.001785714285714285,22,25,11.86,5.019794152486069,3.0,21.0,0.08,2,0.4708129230769231,0.3408201058201058
best_valid,full_valid_model,svm,permutation,rbc,0.0025970842490842336,0.002390978293393592,0.002747252747252743,17,25,12.56,4.706644239795483,4.0,20.0,0.04,1,0.4708129230769231,0.3408201058201058
best_valid,full_valid_model,svm,permutation,cad,0.00183041758241757,0.0021754888358112815,0.0017857142857143015,14,25,14.74,3.8408983324217263,7.0,19.0,0.0,0,0.4708129230769231,0.3408201058201058
best_valid,full_valid_model,svm,permutation,htn,0.0017457142857142847,0.0016014593820097608,0.0017857142857142794,16,25,14.34,3.9836122635952744,5.0,19.0,0.04,1,0.4708129230769231,0.3408201058201058
best_valid,full_valid_model,svm,permutation,pcc,0.0014457875457875359,0.0019938387769501153,0.0006666666666666488,14,25,15.68,3.6425723511460046,7.0,20.0,0.0,0,0.4708129230769231,0.3408201058201058
best_valid,full_valid_model,svm,permutation,appet,0.001099619047619039,0.001619771817022393,0.00039999999999998923,13,25,17.08,2.760132847044383,10.0,22.0,0.0,0,0.4708129230769231,0.3408201058201058
best_valid,full_valid_model,svm,permutation,pe,0.00109816849816849,0.0019149862395287144,0.00013333333333332976,13,25,17.38,2.642915057280502,10.0,21.0,0.0,0,0.4708129230769231,0.3408201058201058
best_valid,full_valid_model,svm,permutation,ane,0.0010243076923076827,0.001513381034351293,0.000533333333333319,13,25,17.42,1.9347695814575265,13.0,21.0,0.0,0,0.4708129230769231,0.3408201058201058
best_valid,full_valid_model,svm,permutation,dm,0.0009805128205128142,0.0014168059423578768,0.0,12,25,17.16,2.823709144606316,10.0,23.0,0.0,0,0.4708129230769231,0.3408201058201058
best_valid,full_valid_model,svm,permutation,pc,0.0007321172161172067,0.001137465433351903,0.0,12,25,18.68,2.0252571853141683,12.0,23.0,0.0,0,0.4708129230769231,0.3408201058201058
best_valid,full_valid_model,svm,permutation,bp limit,0.0002728058608058576,0.0006447165266198403,0.0,7,25,19.92,2.8013389655662877,13.0,24.0,0.0,0,0.4708129230769231,0.3408201058201058
best_valid,full_valid_model,svm,permutation,age,0.00018715018315017964,0.0005499481458663652,0.0,5,25,20.48,2.800595174839329,16.0,24.0,0.0,0,0.4708129230769231,0.3408201058201058
best_valid,full_valid_model,svm,permutation,bp (Diastolic),0.0,0.0,0.0,0,25,21.18,3.078419507907697,17.5,25.0,0.0,0,0.4708129230769231,0.3408201058201058
low_cost,low_cost_model,svm,permutation,sg,0.1512027985347985,0.03737527960633852,0.15873333333333334,25,25,1.2,0.5,1.0,3.0,1.0,25,0.6935854545454545,0.673531746031746
low_cost,low_cost_model,svm,permutation,al,0.08139164102564102,0.04485642786638163,0.08331043956043956,25,25,2.4,0.8660254037844386,1.0,5.0,1.0,25,0.6935854545454545,0.673531746031746
low_cost,low_cost_model,svm,permutation,dm,0.049410344322344306,0.033477569419389,0.03859890109890111,25,25,3.28,1.1372481406154653,1.0,7.0,0.96,24,0.6935854545454545,0.673531746031746
low_cost,low_cost_model,svm,permutation,htn,0.040453714285714266,0.03720073926279182,0.02706043956043957,25,25,3.92,1.2884098726725126,1.0,7.0,0.96,24,0.6935854545454545,0.673531746031746
low_cost,low_cost_model,svm,permutation,appet,0.01515849084249083,0.019354568929673632,0.007829670329670335,24,25,6.84,1.624807680927192,4.0,10.0,0.16,4,0.6935854545454545,0.673531746031746
low_cost,low_cost_model,svm,permutation,su,0.011640043956043948,0.014765297157753458,0.005666666666666637,22,25,7.46,2.1011901389450696,3.0,10.0,0.2,5,0.6935854545454545,0.673531746031746
low_cost,low_cost_model,svm,permutation,pe,0.009753860805860791,0.012435565411508294,0.00563186813186814,22,25,7.46,1.5806116959371563,5.0,10.0,0.16,4,0.6935854545454545,0.673531746031746
low_cost,low_cost_model,svm,permutation,cad,0.0095980586080586,0.022031713378575308,0.0035714285714285587,21,25,8.96,2.2634781495153278,2.0,11.0,0.08,2,0.6935854545454545,0.673531746031746
low_cost,low_cost_model,svm,permutation,bp limit,0.008191846153846147,0.010992060389901097,0.006730769230769257,21,25,7.44,2.3818760113266464,2.0,11.0,0.2,5,0.6935854545454545,0.673531746031746
low_cost,low_cost_model,svm,permutation,bp (Diastolic),0.005978512820512807,0.007049266523646503,0.0027472527472527375,17,25,8.34,2.4440403706431146,4.0,11.0,0.2,5,0.6935854545454545,0.673531746031746
low_cost,low_cost_model,svm,permutation,age,0.0035688498168498103,0.007006170824711974,2.7755575615628914e-17,17,25,8.7,1.8596594670351165,5.0,11.0,0.08,2,0.6935854545454545,0.673531746031746
shap_capable,full_valid_model,logreg,coefficient,htn,0.152967255917653,0.013683408192732144,0.1512352161501661,25,25,1.2,0.408248290463863,1.0,2.0,1.0,25,0.9656,0.8274603174603175
shap_capable,full_valid_model,logreg,coefficient,dm,0.14308164009395707,0.012236944958429441,0.14202308948447884,25,25,2.12,0.6658328118479393,1.0,3.0,1.0,25,0.9656,0.8274603174603175
shap_capable,full_valid_model,logreg,coefficient,al,0.1341878143464375,0.016285761594370785,0.13062170265506942,25,25,2.68,0.5567764362830022,1.0,3.0,1.0,25,0.9656,0.8274603174603175
shap_capable,full_valid_model,logreg,coefficient,appet,0.0939724488524981,0.0098940892979005,0.09263073810621424,25,25,4.24,0.5228129047119374,4.0,6.0,0.96,24,0.9656,0.8274603174603175
shap_capable,full_valid_model,logreg,coefficient,bgr,0.08413764732365385,0.010065392213776747,0.0822765190328774,25,25,5.2,0.816496580927726,4.0,7.0,0.72,18,0.9656,0.8274603174603175
shap_capable,full_valid_model,logreg,coefficient,bp limit,0.07386167714148974,0.01352372758236335,0.07076646602745212,25,25,7.32,1.9941581348194697,4.0,12.0,0.2,5,0.9656,0.8274603174603175
shap_capable,full_valid_model,logreg,coefficient,bu,0.0694309795550728,0.009236288489798176,0.06852147182074586,25,25,7.76,1.8092355660149215,5.0,12.0,0.04,1,0.9656,0.8274603174603175
shap_capable,full_valid_model,logreg,coefficient,pe,0.06786672901360377,0.009711369875219079,0.06886917646803864,25,25,8.24,2.0264912204760885,5.0,13.0,0.04,1,0.9656,0.8274603174603175
shap_capable,full_valid_model,logreg,coefficient,su,0.06545079865540489,0.007368369112140997,0.06586665579213241,25,25,8.88,1.7869900204906948,6.0,13.0,0.0,0,0.9656,0.8274603174603175
shap_capable,full_valid_model,logreg,coefficient,pc,0.062215162986060654,0.006146653342345804,0.060827306039778324,25,25,9.56,1.6093476939431082,6.0,13.0,0.0,0,0.9656,0.8274603174603175
shap_capable,full_valid_model,logreg,coefficient,wbcc,0.05464268504642123,0.007706578991382305,0.05325684737451703,25,25,11.44,2.022374841615669,6.0,15.0,0.0,0,0.9656,0.8274603174603175
shap_capable,full_valid_model,logreg,coefficient,age,0.05288725709558508,0.014854230851411205,0.04996866400452268,25,25,11.88,3.3704599092705436,5.0,16.0,0.04,1,0.9656,0.8274603174603175
shap_capable,full_valid_model,logreg,coefficient,rbc,0.05182356117046333,0.0068065623670344085,0.050179588439317434,25,25,12.4,1.6583123951777,9.0,16.0,0.0,0,0.9656,0.8274603174603175
shap_capable,full_valid_model,logreg,coefficient,pcc,0.046723362934114186,0.00542427941471273,0.04601369432728735,25,25,13.72,1.4294521094927712,11.0,17.0,0.0,0,0.9656,0.8274603174603175
shap_capable,full_valid_model,logreg,coefficient,ane,0.044548432772575586,0.004875603058588344,0.04532009726153208,25,25,14.16,1.374772708486752,11.0,16.0,0.0,0,0.9656,0.8274603174603175
shap_capable,full_valid_model,logreg,coefficient,cad,0.038496343078575836,0.005321521162164619,0.03870871905669862,25,25,15.6,1.0801234497346432,13.0,17.0,0.0,0,0.9656,0.8274603174603175
shap_capable,full_valid_model,logreg,coefficient,sc,0.030470658447694598,0.003512974816603723,0.029571501980206236,25,25,17.12,0.725718035235908,15.0,18.0,0.0,0,0.9656,0.8274603174603175
shap_capable,full_valid_model,logreg,coefficient,ba,0.0246536348142392,0.007320136995897261,0.027241886810786754,25,25,18.2,0.6454972243679028,17.0,19.0,0.0,0,0.9656,0.8274603174603175
shap_capable,full_valid_model,logreg,coefficient,bp (Diastolic),0.016388535209772515,0.013881549555170625,0.017820703120086174,21,25,18.56,1.6350331291240963,13.0,20.0,0.0,0,0.9656,0.8274603174603175
shap_capable,full_valid_model,logreg,coefficient,pot,0.007517125617983238,0.007240677051791885,0.009448881008888483,20,25,19.72,0.5416025603090641,18.0,20.0,0.0,0,0.9656,0.8274603174603175
shap_capable,full_valid_model,logreg,coefficient,sod,-0.14197349518145738,0.01862077610887677,-0.14016630853339998,0,25,21.12,0.33166247903553997,21.0,22.0,0.0,0,0.9656,0.8274603174603175
shap_capable,full_valid_model,logreg,coefficient,rbcc,-0.15680427497720945,0.016323291776674558,-0.15270830838760155,0,25,21.88,0.33166247903553997,21.0,22.0,0.0,0,0.9656,0.8274603174603175
shap_capable,full_valid_model,logreg,coefficient,pcv,-0.1878365274335177,0.026187088129172698,-0.1818706920450823,0,25,23.0,0.0,23.0,23.0,0.0,0,0.9656,0.8274603174603175
shap_capable,full_valid_model,logreg,coefficient,sg,-0.2185649787656004,0.03832920517814571,-0.21092674131656494,0,25,24.08,0.27688746209726917,24.0,25.0,0.0,0,0.9656,0.8274603174603175
shap_capable,full_valid_model,logreg,coefficient,hemo,-0.23216368416917757,0.034524724964211495,-0.22544443052666197,0,25,24.92,0.27688746209726917,24.0,25.0,0.0,0,0.9656,0.8274603174603175
shap_capable,full_valid_model,logreg,coefficient_abs,hemo,0.23216368416917757,0.034524724964211495,0.22544443052666197,25,25,1.08,0.2768874620972691,1.0,2.0,1.0,25,0.9629341538461539,0.7560317460317462
shap_capable,full_valid_model,logreg,coefficient_abs,sg,0.2185649787656004,0.03832920517814571,0.21092674131656494,25,25,1.92,0.2768874620972691,1.0,2.0,1.0,25,0.9629341538461539,0.7560317460317462
shap_capable,full_valid_model,logreg,coefficient_abs,pcv,0.1878365274335177,0.026187088129172698,0.1818706920450823,25,25,3.0,0.0,3.0,3.0,1.0,25,0.9629341538461539,0.7560317460317462
shap_capable,full_valid_model,logreg,coefficient_abs,rbcc,0.15680427497720945,0.016323291776674558,0.15270830838760155,25,25,4.6,0.8660254037844386,4.0,6.0,0.76,19,0.9629341538461539,0.7560317460317462
shap_capable,full_valid_model,logreg,coefficient_abs,htn,0.152967255917653,0.013683408192732144,0.1512352161501661,25,25,5.08,0.9539392014169457,4.0,7.0,0.76,19,0.9629341538461539,0.7560317460317462
shap_capable,full_valid_model,logreg,coefficient_abs,dm,0.14308164009395707,0.012236944958429441,0.14202308948447884,25,25,6.44,1.2274635093014648,4.0,8.0,0.28,7,0.9629341538461539,0.7560317460317462
shap_capable,full_valid_model,logreg,coefficient_abs,sod,0.14197349518145738,0.01862077610887677,0.14016630853339998,25,25,6.36,1.036018017861337,4.0,8.0,0.2,5,0.9629341538461539,0.7560317460317462
shap_capable,full_valid_model,logreg,coefficient_abs,al,0.1341878143464375,0.016285761594370785,0.13062170265506942,25,25,7.52,0.714142842854285,6.0,8.0,0.0,0,0.9629341538461539,0.7560317460317462
shap_capable,full_valid_model,logreg,coefficient_abs,appet,0.0939724488524981,0.0098940892979005,0.09263073810621424,25,25,9.24,0.5228129047119374,9.0,11.0,0.0,0,0.9629341538461539,0.7560317460317462
shap_capable,full_valid_model,logreg,coefficient_abs,bgr,0.08413764732365385,0.010065392213776747,0.0822765190328774,25,25,10.2,0.816496580927726,9.0,12.0,0.0,0,0.9629341538461539,0.7560317460317462
shap_capable,full_valid_model,logreg,coefficient_abs,bp limit,0.07386167714148974,0.01352372758236335,0.07076646602745212,25,25,12.32,1.9941581348194697,9.0,17.0,0.0,0,0.9629341538461539,0.7560317460317462
shap_capable,full_valid_model,logreg,coefficient_abs,bu,0.0694309795550728,0.009236288489798176,0.06852147182074586,25,25,12.76,1.8092355660149215,10.0,17.0,0.0,0,0.9629341538461539,0.7560317460317462
shap_capable,full_valid_model,logreg,coefficient_abs,pe,0.06786672901360377,0.009711369875219079,0.06886917646803864,25,25,13.24,2.0264912204760885,10.0,18.0,0.0,0,0.9629341538461539,0.7560317460317462
shap_capable,full_valid_model,logreg,coefficient_abs,su,0.06545079865540489,0.007368369112140997,0.06586665579213241,25,25,13.88,1.7869900204906948,11.0,18.0,0.0,0,0.9629341538461539,0.7560317460317462
shap_capable,full_valid_model,logreg,coefficient_abs,pc,0.062215162986060654,0.006146653342345804,0.060827306039778324,25,25,14.56,1.6093476939431082,11.0,18.0,0.0,0,0.9629341538461539,0.7560317460317462
shap_capable,full_valid_model,logreg,coefficient_abs,wbcc,0.05464268504642123,0.007706578991382305,0.05325684737451703,25,25,16.44,2.0223748416156684,11.0,20.0,0.0,0,0.9629341538461539,0.7560317460317462
shap_capable,full_valid_model,logreg,coefficient_abs,age,0.05288725709558508,0.014854230851411205,0.04996866400452268,25,25,16.88,3.370459909270543,10.0,21.0,0.0,0,0.9629341538461539,0.7560317460317462
shap_capable,full_valid_model,logreg,coefficient_abs,rbc,0.05182356117046333,0.0068065623670344085,0.050179588439317434,25,25,17.4,1.6583123951777,14.0,21.0,0.0,0,0.9629341538461539,0.7560317460317462
shap_capable,full_valid_model,logreg,coefficient_abs,pcc,0.046723362934114186,0.00542427941471273,0.04601369432728735,25,25,18.72,1.4294521094927712,16.0,22.0,0.0,0,0.9629341538461539,0.7560317460317462
shap_capable,full_valid_model,logreg,coefficient_abs,ane,0.044548432772575586,0.004875603058588344,0.04532009726153208,25,25,19.16,1.374772708486752,16.0,21.0,0.0,0,0.9629341538461539,0.7560317460317462
shap_capable,full_valid_model,logreg,coefficient_abs,cad,0.038496343078575836,0.005321521162164619,0.03870871905669862,25,25,20.6,1.0801234497346435,18.0,22.0,0.0,0,0.9629341538461539,0.7560317460317462
shap_capable,full_valid_model,logreg,coefficient_abs,sc,0.030470658447694598,0.003512974816603723,0.029571501980206236,25,25,22.12,0.725718035235908,20.0,23.0,0.0,0,0.9629341538461539,0.7560317460317462
shap_capable,full_valid_model,logreg,coefficient_abs,ba,0.0246536348142392,0.007320136995897261,0.027241886810786754,25,25,23.2,0.6454972243679028,22.0,24.0,0.0,0,0.9629341538461539,0.7560317460317462
shap_capable,full_valid_model,logreg,coefficient_abs,bp (Diastolic),0.017654276515466433,0.012157821914990366,0.017820703120086174,25,25,23.56,1.6350331291240963,18.0,25.0,0.0,0,0.9629341538461539,0.7560317460317462
shap_capable,full_valid_model,logreg,coefficient_abs,pot,0.009639416488426871,0.0038077682824058053,0.009448881008888483,25,25,24.72,0.5416025603090641,23.0,25.0,0.0,0,0.9629341538461539,0.7560317460317462
shap_capable,full_valid_model,logreg,permutation,hemo,0.008244732600732602,0.007365120239183689,0.004933333333333317,24,25,2.48,2.698301935168363,1.0,13.5,0.92,23,0.43051507692307694,0.52744708994709
shap_capable,full_valid_model,logreg,permutation,sg,0.006974996336996338,0.006047488949482518,0.005133333333333328,25,25,2.2,1.3228756555322954,1.0,6.0,0.96,24,0.43051507692307694,0.52744708994709
shap_capable,full_valid_model,logreg,permutation,pcv,0.004982439560439558,0.004562245888646407,0.0041333333333333,23,25,3.88,3.143379285630885,1.0,14.0,0.88,22,0.43051507692307694,0.52744708994709
shap_capable,full_valid_model,logreg,permutation,htn,0.003125230769230767,0.005473372392166818,0.0010666666666666713,14,25,9.42,5.0428992983534116,1.0,15.5,0.24,6,0.43051507692307694,0.52744708994709
shap_capable,full_valid_model,logreg,permutation,dm,0.0026117069597069564,0.00565225693255511,0.0,12,25,10.7,4.894725051862804,1.0,16.5,0.12,3,0.43051507692307694,0.52744708994709
shap_capable,full_valid_model,logreg,permutation,sod,0.0022989450549450504,0.003447032575592823,0.00027472527472527375,17,25,8.2,5.035292113340264,2.0,17.5,0.44,11,0.43051507692307694,0.52744708994709
shap_capable,full_valid_model,logreg,permutation,rbcc,0.002077912087912084,0.002075731487707296,0.0020604395604395752,17,25,8.18,4.5526549030940915,3.0,15.0,0.44,11,0.43051507692307694,0.52744708994709
shap_capable,full_valid_model,logreg,permutation,al,0.0018953553113553072,0.003072730912718934,0.0006666666666666876,13,25,10.42,4.662974730076642,2.0,16.0,0.48,12,0.43051507692307694,0.52744708994709
shap_capable,full_valid_model,logreg,permutation,appet,0.0006939487179487131,0.0015303871093249551,0.0,11,25,12.88,3.1566068280143265,5.0,18.0,0.08,2,0.43051507692307694,0.52744708994709
shap_capable,full_valid_model,logreg,permutation,bgr,0.0004763516483516437,0.0007585658373805127,0.0,11,25,13.2,3.341656275960571,7.0,22.0,0.0,0,0.43051507692307694,0.52744708994709
shap_capable,full_valid_model,logreg,permutation,bu,0.0003857728937728888,0.0007866285418615685,0.0,10,25,14.12,3.2154574583823474,6.0,19.0,0.0,0,0.43051507692307694,0.52744708994709
shap_capable,full_valid_model,logreg,permutation,pe,0.00022561172161171796,0.000504055978561972,0.0,9,25,14.98,2.5959904981849733,9.0,19.5,0.0,0,0.43051507692307694,0.52744708994709
shap_capable,full_valid_model,logreg,permutation,pc,0.0001939340659340634,0.00032763373575427193,0.0,9,25,14.86,2.284549554434455,10.0,19.5,0.0,0,0.43051507692307694,0.52744708994709
shap_capable,full_valid_model,logreg,permutation,rbc,0.0001722783882783856,0.00029388096219140196,0.0,8,25,15.5,2.212653007891959,11.0,21.5,0.0,0,0.43051507692307694,0.52744708994709
shap_capable,full_valid_model,logreg,permutation,ane,0.0001619340659340638,0.000270030809017849,0.0,8,25,15.32,2.7983626164836704,8.5,21.5,0.08,2,0.43051507692307694,0.52744708994709
shap_capable,full_valid_model,logreg,permutation,pcc,0.00014593406593406443,0.00024168439228006516,0.0,9,25,15.34,2.3350588857671233,10.0,19.5,0.0,0,0.43051507692307694,0.52744708994709
shap_capable,full_valid_model,logreg,permutation,cad,0.0001128058608058593,0.00019607788881946926,0.0,8,25,15.92,2.5276800957927144,11.5,22.0,0.0,0,0.43051507692307694,0.52744708994709
shap_capable,full_valid_model,logreg,permutation,su,0.00010747252747252591,0.00015998822842195313,0.0,9,25,15.6,2.9860788111948193,10.0,22.0,0.0,0,0.43051507692307694,0.52744708994709
shap_capable,full_valid_model,logreg,permutation,wbcc,6.448351648351537e-05,0.00012898292234390468,0.0,7,25,16.68,2.6688012290165033,13.5,23.0,0.0,0,0.43051507692307694,0.52744708994709
shap_capable,full_valid_model,logreg,permutation,bp limit,5.9794871794871526e-05,0.0002387906927823082,0.0,4,25,17.12,3.655133376499413,10.0,25.0,0.0,0,0.43051507692307694,0.52744708994709
shap_capable,full_valid_model,logreg,permutation,sc,5.866666666666532e-05,0.00024061649215357877,0.0,3,25,17.3,3.7693942926328807,12.0,23.5,0.0,0,0.43051507692307694,0.52744708994709
shap_capable,full_valid_model,logreg,permutation,age,4.298901098901009e-05,0.00014788353313987957,0.0,4,25,17.24,3.3976707707879332,12.5,24.0,0.36,9,0.43051507692307694,0.52744708994709
shap_capable,full_valid_model,logreg,permutation,ba,3.7333333333333e-05,0.00011234866364235067,0.0,3,25,17.32,3.278337993557101,13.5,23.5,0.0,0,0.43051507692307694,0.52744708994709
shap_capable,full_valid_model,logreg,permutation,pot,5.494505494505475e-06,2.7472527472527374e-05,0.0,1,25,18.0,3.6314597615834874,13.5,24.0,0.0,0,0.43051507692307694,0.52744708994709
shap_capable,full_valid_model,logreg,permutation,bp (Diastolic),0.0,0.0,0.0,0,25,18.14,3.75699347883384,13.5,24.0,0.0,0,0.43051507692307694,0.52744708994709
shap_capable,full_valid_model,logreg,shap,hemo,0.1894204266236722,0.03515018319610404,0.17953656955642533,25,25,1.4,0.5,1.0,2.0,1.0,25,0.9290363076923077,0.8166666666666667
shap_capable,full_valid_model,logreg,shap,sg,0.18859063544859989,0.04433251563298123,0.17713279539781351,25,25,1.72,0.6782329983125268,1.0,3.0,1.0,25,0.9290363076923077,0.8166666666666667
shap_capable,full_valid_model,logreg,shap,pcv,0.15297311919017686,0.03864107970462008,0.14747877094907644,25,25,3.72,1.0999999999999999,2.0,6.0,0.92,23,0.9290363076923077,0.8166666666666667
shap_capable,full_valid_model,logreg,shap,htn,0.146461054066657,0.014688250559245249,0.1457911815833231,25,25,3.52,0.5859465277082315,3.0,5.0,1.0,25,0.9290363076923077,0.8166666666666667
shap_capable,full_valid_model,logreg,shap,dm,0.13282282198021242,0.0153338079822698,0.13200926546921318,25,25,5.24,0.7234178138070235,4.0,7.0,0.76,19,0.9290363076923077,0.8166666666666667
shap_capable,full_valid_model,logreg,shap,al,0.1155835659053392,0.023987143591561844,0.11158420110591734,25,25,6.6,1.3228756555322951,4.0,9.0,0.16,4,0.9290363076923077,0.8166666666666667
shap_capable,full_valid_model,logreg,shap,rbcc,0.10848514012780097,0.016094972171975558,0.10871873877987,25,25,6.88,0.9273618495495703,4.0,8.0,0.04,1,0.9290363076923077,0.8166666666666667
shap_capable,full_valid_model,logreg,shap,sod,0.10514762423886431,0.02412553464135874,0.10314488720413555,25,25,7.04,1.3686976778431872,3.0,9.0,0.12,3,0.9290363076923077,0.8166666666666667
shap_capable,full_valid_model,logreg,shap,appet,0.07441466548235143,0.010752243038112346,0.070412066281933,25,25,9.72,1.1,8.0,13.0,0.0,0,0.9290363076923077,0.8166666666666667
shap_capable,full_valid_model,logreg,shap,bp limit,0.06487627620509956,0.01017284528683245,0.06303744482596763,25,25,10.36,0.9521904571390467,9.0,13.0,0.0,0,0.9290363076923077,0.8166666666666667
shap_capable,full_valid_model,logreg,shap,bgr,0.059642666869818575,0.022881066487396275,0.05850230753568799,25,25,12.12,2.920045661743437,8.0,18.0,0.0,0,0.9290363076923077,0.8166666666666667
shap_capable,full_valid_model,logreg,shap,pc,0.050556283473252535,0.007208921823730658,0.05037223318945254,25,25,12.92,1.891207727000571,10.0,17.0,0.0,0,0.9290363076923077,0.8166666666666667
shap_capable,full_valid_model,logreg,shap,pe,0.05040836737610462,0.014751757665765081,0.04827766555260017,25,25,13.56,2.5670995305986875,9.0,21.0,0.0,0,0.9290363076923077,0.8166666666666667
shap_capable,full_valid_model,logreg,shap,bu,0.046235839411835684,0.017431095928631873,0.04112383299435518,25,25,14.76,2.9194748386196676,9.0,21.0,0.0,0,0.9290363076923077,0.8166666666666667
shap_capable,full_valid_model,logreg,shap,su,0.04346355364354068,0.016489921846178687,0.0396051524127216,25,25,15.72,2.937118769588092,11.0,21.0,0.0,0,0.9290363076923077,0.8166666666666667
shap_capable,full_valid_model,logreg,shap,age,0.04286316532086763,0.01345597071772572,0.04211187866372555,25,25,15.48,3.698197759269597,9.0,22.0,0.0,0,0.9290363076923077,0.8166666666666667
shap_capable,full_valid_model,logreg,shap,wbcc,0.03525548367716428,0.007775722690095673,0.03723357005787334,25,25,17.4,2.327373340628157,13.0,21.0,0.0,0,0.9290363076923077,0.8166666666666667
shap_capable,full_valid_model,logreg,shap,rbc,0.033845660588339724,0.008898101752747705,0.03298339571720669,25,25,17.76,2.3853720883753127,14.0,22.0,0.0,0,0.9290363076923077,0.8166666666666667
shap_capable,full_valid_model,logreg,shap,ane,0.03201230032484262,0.00812979486939565,0.03202725634530025,25,25,18.36,1.997498435543818,14.0,22.0,0.0,0,0.9290363076923077,0.8166666666666667
shap_capable,full_valid_model,logreg,shap,pcc,0.03133552053045192,0.00797231357263319,0.0301578404599582,25,25,18.32,2.3930454794396754,14.0,22.0,0.0,0,0.9290363076923077,0.8166666666666667
shap_capable,full_valid_model,logreg,shap,cad,0.02374261655297386,0.007166691675649043,0.02236332929294302,25,25,20.2,1.9790570145063193,17.0,23.0,0.0,0,0.9290363076923077,0.8166666666666667
shap_capable,full_valid_model,logreg,shap,bp (Diastolic),0.017471171337093055,0.01220815052455648,0.016808766215393428,25,25,21.72,2.791654228828014,14.0,25.0,0.0,0,0.9290363076923077,0.8166666666666667
shap_capable,full_valid_model,logreg,shap,sc,0.01693254738180932,0.008538671386391873,0.01516731382165415,25,25,22.28,1.837570860311696,16.0,25.0,0.0,0,0.9290363076923077,0.8166666666666667
shap_capable,full_valid_model,logreg,shap,ba,0.01041022970018918,0.006449585371233592,0.009736732026030783,23,25,23.44,1.003327796219494,21.0,25.0,0.0,0,0.9290363076923077,0.8166666666666667
shap_capable,full_valid_model,logreg,shap,pot,0.0027369184830761933,0.004142764920486506,0.0,12,25,24.76,0.5228129047119374,23.0,25.0,0.0,0,0.9290363076923077,0.8166666666666667
