config,model,target_mix,n_cases_drawn,n_controls,early_case_fraction,n_distinct_source_cases,max_times_one_patient_used,strata_requested,strata_available,n_monte_carlo_draws,roc_auc,roc_auc_mc_low,roc_auc_mc_high,roc_auc_mc_se,pr_auc,pr_auc_mc_low,pr_auc_mc_high,pr_auc_mc_se,sensitivity,sensitivity_mc_low,sensitivity_mc_high,sensitivity_mc_se
low_cost_model,svm,as sampled (benchmark),128,72,0.1640625,81.86,8,s1:9;s2:12;s3:31;s4:41;s5:35,s1:9;s2:12;s3:31;s4:41;s5:35,1000,0.9932065972222222,0.9838297526041667,0.9996744791666667,0.0001302527828192408,0.9967415494552401,0.9924524502569824,0.9998210877862596,6.041351321674925e-05,0.9684296875,0.9375,0.9921875,0.0004763085924548707
low_cost_model,svm,community screening series,128,72,0.6796875,43.592,16,s1:28;s2:59;s3:41,s1:9;s2:12;s3:31;s4:41;s5:35,1000,0.9889543185763889,0.9812282986111112,0.9957682291666667,0.0001178893973297917,0.9942894920082733,0.9902989886996397,0.9978322260203557,6.157307143738486e-05,0.9380390625,0.8984375,0.9765625,0.0006561240714506524
low_cost_model,svm,early-heavy,128,72,0.796875,38.669,16,s1:51;s2:51;s3:26,s1:9;s2:12;s3:31;s4:41;s5:35,1000,0.9868286675347222,0.9785129123263889,0.9940321180555556,0.0001272895791449253,0.9931370911131666,0.9887462659347287,0.9969087230215827,6.733731981037691e-05,0.92278125,0.875,0.9609375,0.0007403977402814069
low_cost_model,svm,uniform across stages,130,72,0.4,75.234,10,s1:26;s2:26;s3:26;s4:26;s5:26,s1:9;s2:12;s3:31;s4:41;s5:35,1000,0.9904916666666668,0.9810870726495726,0.9973290598290598,0.0001312416843624366,0.995307118787595,0.9908008831946866,0.9986477411477411,6.311169537673308e-05,0.9502538461538462,0.9076923076923077,0.9846153846153847,0.0005898947750812457
low_cost_model,svm,advanced-heavy,128,72,0.0,74.292,8,s3:26;s4:51;s5:51,s1:9;s2:12;s3:31;s4:41;s5:35,1000,0.9941452907986111,0.984592013888889,1.0,0.00013818217381920763,0.9973517748809527,0.9930722635365024,1.0,6.165984134089078e-05,0.9785625,0.953125,1.0,0.0004109724937000993
laboratory_model,svm,as sampled (benchmark),128,72,0.1640625,81.86,8,s1:9;s2:12;s3:31;s4:41;s5:35,s1:9;s2:12;s3:31;s4:41;s5:35,1000,0.9939983723958333,0.9859998914930556,0.9988064236111112,0.00010121239903093098,0.9969304375615721,0.9929997130158804,0.9993337749583288,4.9958317580763884e-05,0.96903125,0.9375,0.9921875,0.0004702012902107095
laboratory_model,svm,community screening series,128,72,0.6796875,43.592,16,s1:28;s2:59;s3:41,s1:9;s2:12;s3:31;s4:41;s5:35,1000,0.9853607855902778,0.9772135416666666,0.9921902126736111,0.00012319025839079218,0.9920703307029105,0.9877562379452866,0.995724552332586,6.492230320581984e-05,0.912296875,0.8671875,0.9533203124999998,0.0007525267577505172
laboratory_model,svm,early-heavy,128,72,0.796875,38.669,16,s1:51;s2:51;s3:26,s1:9;s2:12;s3:31;s4:41;s5:35,1000,0.9839177517361111,0.9761284722222222,0.990234375,0.00011601972658912004,0.991080341380605,0.9869262873493893,0.9945479160938797,6.297244507419311e-05,0.878703125,0.8203125,0.9296875,0.0008728281432444273
laboratory_model,svm,uniform across stages,130,72,0.4,75.234,10,s1:26;s2:26;s3:26;s4:26;s5:26,s1:9;s2:12;s3:31;s4:41;s5:35,1000,0.9902715811965812,0.9831169871794873,0.995940170940171,0.00010517389073884936,0.9948959768991283,0.9911766671955367,0.9977742900081571,5.328572401164588e-05,0.9343000000000001,0.8846153846153846,0.9692307692307692,0.0006532363912640118
laboratory_model,svm,advanced-heavy,128,72,0.0,74.292,8,s3:26;s4:51;s5:51,s1:9;s2:12;s3:31;s4:41;s5:35,1000,0.9967212456597222,0.9899088541666667,1.0,8.662764498725715e-05,0.9984148565651918,0.9951775662251656,1.0,4.140001664246334e-05,0.9905,0.96875,1.0,0.00026979001805356207
full_valid_model,svm,as sampled (benchmark),128,72,0.1640625,81.86,8,s1:9;s2:12;s3:31;s4:41;s5:35,s1:9;s2:12;s3:31;s4:41;s5:35,1000,1.0,1.0,1.0,0.0,1.0,1.0,1.0,0.0,1.0,1.0,1.0,0.0
full_valid_model,svm,community screening series,128,72,0.6796875,43.592,16,s1:28;s2:59;s3:41,s1:9;s2:12;s3:31;s4:41;s5:35,1000,1.0,1.0,1.0,0.0,1.0,1.0,1.0,0.0,1.0,1.0,1.0,0.0
full_valid_model,svm,early-heavy,128,72,0.796875,38.669,16,s1:51;s2:51;s3:26,s1:9;s2:12;s3:31;s4:41;s5:35,1000,1.0,1.0,1.0,0.0,1.0,1.0,1.0,0.0,1.0,1.0,1.0,0.0
full_valid_model,svm,uniform across stages,130,72,0.4,75.234,10,s1:26;s2:26;s3:26;s4:26;s5:26,s1:9;s2:12;s3:31;s4:41;s5:35,1000,1.0,1.0,1.0,0.0,1.0,1.0,1.0,0.0,1.0,1.0,1.0,0.0
full_valid_model,svm,advanced-heavy,128,72,0.0,74.292,8,s3:26;s4:51;s5:51,s1:9;s2:12;s3:31;s4:41;s5:35,1000,1.0,1.0,1.0,0.0,1.0,1.0,1.0,0.0,1.0,1.0,1.0,0.0
