config,model,calibration,operating_point,threshold,tp,fp,tn,fn,sensitivity,specificity,precision,npv,f1,balanced_accuracy,accuracy
leaky_model,ebm,isotonic,prespecified_0.50,0.5,128,0,72,0,1.0,1.0,1.0,1.0,1.0,1.0,1.0
leaky_model,ebm,isotonic,screening_target_sens,0.9980071412148823,119,0,72,9,0.9296875,1.0,1.0,0.8888888888888888,0.9635627530364372,0.96484375,0.955
full_valid_model,svm,sigmoid,prespecified_0.50,0.5,125,0,72,3,0.9765625,1.0,1.0,0.96,0.9881422924901185,0.98828125,0.985
full_valid_model,svm,sigmoid,screening_target_sens,0.8191949596026237,116,0,72,12,0.90625,1.0,1.0,0.8571428571428571,0.9508196721311475,0.953125,0.94
laboratory_model,svm,sigmoid,prespecified_0.50,0.5,124,2,70,4,0.96875,0.9722222222222222,0.9841269841269841,0.9459459459459459,0.9763779527559054,0.9704861111111112,0.97
laboratory_model,svm,sigmoid,screening_target_sens,0.7488358560788001,117,0,72,11,0.9140625,1.0,1.0,0.8674698795180723,0.9551020408163265,0.95703125,0.945
low_cost_plus_urine_micro_model,random_forest,none,prespecified_0.50,0.5,123,0,72,5,0.9609375,1.0,1.0,0.935064935064935,0.9800796812749004,0.98046875,0.975
low_cost_plus_urine_micro_model,random_forest,none,screening_target_sens,0.6706787473957511,116,0,72,12,0.90625,1.0,1.0,0.8571428571428571,0.9508196721311475,0.953125,0.94
low_cost_model,svm,isotonic,prespecified_0.50,0.5,124,0,72,4,0.96875,1.0,1.0,0.9473684210526315,0.9841269841269841,0.984375,0.98
low_cost_model,svm,isotonic,screening_target_sens,0.9672189501168481,118,0,72,10,0.921875,1.0,1.0,0.8780487804878049,0.959349593495935,0.9609375,0.95
clinical_only_model,random_forest,isotonic,prespecified_0.50,0.5,114,1,71,14,0.890625,0.9861111111111112,0.991304347826087,0.8352941176470589,0.9382716049382716,0.9383680555555556,0.925
clinical_only_model,random_forest,isotonic,screening_target_sens,0.41191747939285234,115,1,71,13,0.8984375,0.9861111111111112,0.9913793103448276,0.8452380952380952,0.9426229508196722,0.9422743055555556,0.93
