config,model,calibration,valid,n_features,roc_auc,roc_auc_ci_low,roc_auc_ci_high,pr_auc,pr_auc_ci_low,pr_auc_ci_high,sensitivity,sensitivity_ci_low,sensitivity_ci_high,specificity,specificity_ci_low,specificity_ci_high,precision,precision_ci_low,precision_ci_high,npv,npv_ci_low,npv_ci_high,f1,f1_ci_low,f1_ci_high,balanced_accuracy,balanced_accuracy_ci_low,balanced_accuracy_ci_high,brier,brier_ci_low,brier_ci_high,calibration_slope,calibration_slope_ci_low,calibration_slope_ci_high,calibration_intercept,calibration_intercept_ci_low,calibration_intercept_ci_high,ece,ece_ci_low,ece_ci_high,screening_sensitivity,screening_sensitivity_ci_low,screening_sensitivity_ci_high,screening_specificity,screening_specificity_ci_low,screening_specificity_ci_high,screening_npv,screening_npv_ci_low,screening_npv_ci_high,screening_precision,screening_precision_ci_low,screening_precision_ci_high,screening_threshold,screening_threshold_ci_low,screening_threshold_ci_high,roc_auc_sd_across_repeats
clinical_only_model,dummy,isotonic,True,8,0.47227647569444453,0.39212646484374997,0.5522542317708333,0.6255828458454166,0.589362342738723,0.6735055089485864,1.0,1.0,1.0,0.0,0.0,0.0,0.64,0.64,0.64,,,,0.7804878048780487,0.7804878048780487,0.7804878048780487,0.5,0.5,0.5,0.230477109375,0.230296014453125,0.2306691759765625,-17.740318734697006,-24.1719117580858,21.538564061227323,3.854976351088828e-17,-0.0008953031738044134,0.0008950770801396848,0.0,1.1102230246251565e-16,0.00023125000000001616,1.0,1.0,1.0,0.0,0.0,0.0,,,,0.64,0.64,0.64,0.6366666666666666,0.6366666666666666,0.6366666666666666,0.0
clinical_only_model,dummy,none,True,8,0.47227647569444453,0.3898383246527779,0.5587687174479166,0.6255828458454166,0.5878376258982398,0.6779340527979819,1.0,1.0,1.0,0.0,0.0,0.0,0.64,0.64,0.64,,,,0.7804878048780487,0.7804878048780487,0.7804878048780487,0.5,0.5,0.5,0.230477109375,0.23027566386718754,0.23067063984375002,-17.740318734697006,-24.026900092358286,20.849709773429005,3.854976351088828e-17,-0.0008681696377233574,0.0008408374678377447,0.0,1.1102230246251565e-16,0.00023124999999990514,1.0,1.0,1.0,0.0,0.0,0.0,,,,0.64,0.64,0.64,0.6366666666666667,0.6366666666666667,0.6366666666666667,0.0
clinical_only_model,dummy,sigmoid,True,8,0.47227647569444453,0.3869873046875,0.5524115668402777,0.6255828458454166,0.5854693466605457,0.6746389599292288,1.0,1.0,1.0,0.0,0.0,0.0,0.64,0.64,0.64,,,,0.7804878048780487,0.7804878048780487,0.7804878048780487,0.5,0.5,0.5,0.23047785338932422,0.23029009758327504,0.23068955488707804,-17.946360052737102,-24.121235320940766,22.035043689188765,0.005374925379678826,0.004462407965967342,0.0062597184998540775,0.0012393012896696476,0.0010287712712728106,0.0014434891105982173,1.0,1.0,1.0,0.0,0.0,0.0,,,,0.64,0.64,0.64,0.6346558996314265,0.6346558996314265,0.6346558996314265,0.0
clinical_only_model,ebm,isotonic,True,8,0.9519314236111112,0.9198133680555556,0.9794921875,0.9794209682011878,0.9662675098505148,0.9909301517426683,0.8984375,0.84375,0.9453125,0.9861111111111112,0.9583333333333334,1.0,0.9913793103448276,0.9736842105263158,1.0,0.8452380952380952,0.782608695652174,0.9113924050632911,0.9426229508196722,0.9121153540596367,0.9718875502008032,0.9422743055555556,0.9118923611111112,0.96875,0.05858477395196994,0.035228639160448945,0.08318684710342714,0.6524230171429667,0.5099312545643266,4.839993298788054,0.1687482505846503,-0.38081001618340377,0.5777377317264493,0.040375365175716396,0.02500209097040455,0.0756651479687483,0.8984375,0.84375,0.9453125,0.9861111111111112,0.9583333333333334,1.0,0.8452380952380952,0.782608695652174,0.9113924050632911,0.9913793103448276,0.9736842105263158,1.0,0.47559983680915785,0.47559983680915785,0.47559983680915785,0.004559454833423891
clinical_only_model,ebm,none,True,8,0.9525824652777778,0.9185004340277778,0.9792778862847222,0.9794755207272987,0.9651011742514363,0.9907775159276972,0.9140625,0.859375,0.9609375,0.9861111111111112,0.9583333333333334,1.0,0.9915254237288136,0.9741379310344828,1.0,0.8658536585365854,0.8,0.9342105263157895,0.9512195121951219,0.9205020920502092,0.976,0.9500868055555556,0.9205729166666667,0.974446614583333,0.05768103219568554,0.03547160721835757,0.08361447068364602,0.9439473983696093,0.6688974715665964,1.6386108356666513,0.03016849307558667,-0.5119356904999165,0.4760060271437238,0.03293579830499634,0.020374801305467607,0.06995734938962976,0.9140625,0.859375,0.9609375,0.9861111111111112,0.9583333333333334,1.0,0.8658536585365854,0.8,0.9342105263157895,0.9915254237288136,0.9741379310344828,1.0,0.5163849304072784,0.5163849304072784,0.5163849304072784,0.004485781284486311
clinical_only_model,ebm,sigmoid,True,8,0.9474826388888888,0.9121039496527779,0.9754774305555556,0.9778039146963629,0.9634747746764796,0.9895129678992289,0.875,0.8125,0.9296875,1.0,1.0,1.0,1.0,1.0,1.0,0.8181818181818182,0.75,0.8888888888888888,0.9333333333333333,0.896551724137931,0.9635627530364372,0.9375,0.90625,0.96484375,0.07710679682119173,0.05963252084762808,0.0965537033757815,2.9592068638847637,2.1348078610345835,4.775905971291902,0.040466832807140495,-0.18818774165175708,0.24165985572968793,0.09672419908310498,0.07155372582063678,0.1300962078961678,0.8984375,0.84375,0.9453125,0.9861111111111112,0.9583333333333334,1.0,0.8452380952380952,0.782608695652174,0.9113924050632911,0.9913793103448276,0.9734513274336283,1.0,0.4014993548578644,0.4014993548578644,0.4014993548578644,0.005086621081146687
clinical_only_model,logreg,isotonic,True,8,0.8968098958333335,0.8442925347222223,0.9453152126736111,0.959832235564074,0.9385252856226074,0.9790333698979304,0.875,0.8125,0.9296875,0.9861111111111112,0.9583333333333334,1.0,0.9911504424778761,0.9722222222222222,1.0,0.8160919540229885,0.75,0.8888888888888888,0.9294605809128631,0.8927038626609443,0.9603985926354344,0.9305555555555556,0.8971137152777778,0.9609375,0.07491314796726535,0.04846860471174533,0.10360773373668676,0.8936208051820063,0.5947820150446358,1.4292659709544215,0.105433477668086,-0.39008661977836634,0.4735932244501949,0.06304380726734277,0.03992195827992966,0.09958043774278413,0.8828125,0.8203125,0.9375,0.9444444444444444,0.8888888888888888,0.9861111111111112,0.8192771084337349,0.7499342105263159,0.8961038961038961,0.9658119658119658,0.9327731092436975,0.9915254237288136,0.27107934673463596,0.27107934673463596,0.27107934673463596,0.003284150489405123
clinical_only_model,logreg,none,True,8,0.9058159722222223,0.8579616970486112,0.9482476128472221,0.9623241275318986,0.9429192075324051,0.9797922904229152,0.859375,0.796875,0.9140625,1.0,1.0,1.0,1.0,1.0,1.0,0.8,0.7346938775510204,0.8674698795180723,0.9243697478991597,0.8869565217391304,0.9551020408163265,0.9296875,0.8984375,0.95703125,0.09435424282723791,0.07157096570973946,0.11723648044623115,2.1947813357652732,1.7005565121164408,3.057419109703252,0.40455297178398686,0.21227885279009664,0.5841125215787731,0.13108992299431552,0.0952936178396539,0.1703563507962301,0.875,0.8203125,0.9296875,0.8611111111111112,0.7777777777777778,0.9305555555555556,0.7948717948717948,0.725,0.875,0.9180327868852459,0.873015873015873,0.9586861536377185,0.28043048332269427,0.28043048332269427,0.28043048332269427,0.006994133248449659
clinical_only_model,logreg,sigmoid,True,8,0.9039713541666666,0.8558837890625001,0.9471652560763888,0.9618273762068268,0.942159723483693,0.9793635040727261,0.8671875,0.8046875,0.921875,1.0,1.0,1.0,1.0,1.0,1.0,0.8089887640449438,0.7422680412371134,0.8780487804878049,0.9288702928870293,0.8917748917748918,0.959349593495935,0.93359375,0.90234375,0.9609375,0.09215353890293149,0.07332594137219962,0.11281302561987575,2.3417618619964222,1.7395398973730298,3.419440941602103,0.027796537165894517,-0.1905850995927462,0.22736045793989665,0.11675016486596862,0.10161534183438939,0.16025921631539447,0.8828125,0.828125,0.9375,0.9166666666666666,0.8472222222222222,0.9722222222222222,0.8148148148148148,0.7471229746572496,0.8873630672926446,0.9495798319327731,0.9112903225806451,0.9830544082039596,0.35297706632102693,0.35297706632102693,0.35297706632102693,0.004549696309946139
clinical_only_model,random_forest,isotonic,True,8,0.9535590277777778,0.9213297526041667,0.9799262152777778,0.979608204987315,0.9661048810055198,0.9907358980241423,0.890625,0.8359375,0.9376953124999989,0.9861111111111112,0.9583333333333334,1.0,0.991304347826087,0.9734513274336283,1.0,0.8352941176470589,0.7717391304347826,0.9001973684210516,0.9382716049382716,0.906759742141098,0.967741935483871,0.9383680555555556,0.9079861111111112,0.96875,0.06314454310080027,0.039662055999648616,0.08939543500566294,0.8219618545444523,0.5611812214342141,1.6204275702041444,0.10977543163845989,-0.44842337036213153,0.5294889176507698,0.04578496059856911,0.025578150525907038,0.08209207046869565,0.8984375,0.84375,0.9453125,0.9861111111111112,0.9583333333333334,1.0,0.8452380952380952,0.7802197802197802,0.9113924050632911,0.9913793103448276,0.9736842105263158,1.0,0.41191747939285234,0.41191747939285234,0.41191747939285234,0.0027556278000525148
clinical_only_model,random_forest,none,True,8,0.9474826388888888,0.9149251302083333,0.9754774305555556,0.9771869110712119,0.96280320269209,0.9891911531267611,0.875,0.8203125,0.9296875,1.0,1.0,1.0,1.0,1.0,1.0,0.8181818181818182,0.7578947368421053,0.8888888888888888,0.9333333333333333,0.9012875536480687,0.9635627530364372,0.9375,0.91015625,0.96484375,0.08157500009027899,0.06229022177292902,0.10173351602048684,3.122237275530082,2.4417835875954865,4.619470696401888,0.3159556841899515,0.13214307868412348,0.48737944257535876,0.1026510200633399,0.07718191565166656,0.1400807137879173,0.8984375,0.84375,0.9453125,0.9861111111111112,0.9583333333333334,1.0,0.8452380952380952,0.7802197802197802,0.9113924050632911,0.9913793103448276,0.9736783884489987,1.0,0.331123072003929,0.331123072003929,0.331123072003929,0.006858870641124938
clinical_only_model,random_forest,sigmoid,True,8,0.9481336805555556,0.9162163628472223,0.9751546223958334,0.9773610123007143,0.9637099071863267,0.9890478492442214,0.8828125,0.8203125,0.9375,1.0,1.0,1.0,1.0,1.0,1.0,0.8275862068965517,0.7578947368421053,0.9,0.9377593360995851,0.9012875536480687,0.967741935483871,0.94140625,0.91015625,0.96875,0.06767632991317661,0.04896446302929678,0.08976137395441167,2.2389096934462436,1.709228320354745,3.501773760370177,0.038565463151759245,-0.21083834680792177,0.28597142951601806,0.06498153314934967,0.04201318920930827,0.0944101072503877,0.8984375,0.84375,0.9453125,0.9861111111111112,0.9583333333333334,1.0,0.8452380952380952,0.7802197802197802,0.9113924050632911,0.9913793103448276,0.9734513274336283,1.0,0.36276660649169995,0.36276660649169995,0.36276660649169995,0.006657389614502216
clinical_only_model,svm,isotonic,True,8,0.9431423611111112,0.9065538194444445,0.9729817708333333,0.9763772999013871,0.9610186056754683,0.9886345676969936,0.8984375,0.84375,0.9453125,0.9861111111111112,0.9583333333333334,1.0,0.9913793103448276,0.9736842105263158,1.0,0.8452380952380952,0.7801910299003323,0.9102564102564102,0.9426229508196722,0.9106382978723404,0.968,0.9422743055555556,0.9110243055555556,0.96875,0.05994276061065047,0.03710926735036498,0.08666396931091852,0.8071148616325072,0.5839429441612048,1.3621589766006712,0.07646890204707879,-0.5137141234312596,0.5365171322638704,0.03464592496874528,0.023885317093396162,0.07210873350190587,0.8984375,0.84375,0.9453125,0.9861111111111112,0.9583333333333334,1.0,0.8452380952380952,0.7801910299003323,0.9102564102564102,0.9913793103448276,0.9736842105263158,1.0,0.5731228197045927,0.5731228197045927,0.5731228197045927,0.005139983235359438
clinical_only_model,svm,none,True,8,0.9442274305555556,0.9053792317708333,0.9753716362847221,0.9767198083227688,0.9607257123050711,0.9895531971664904,0.890625,0.828125,0.9453125,0.9861111111111112,0.9583333333333334,1.0,0.991304347826087,0.9732082528957529,1.0,0.8352941176470589,0.7634408602150538,0.9090909090909091,0.9382716049382716,0.9021276595744682,0.967741935483871,0.9383680555555556,0.9040798611111112,0.9657118055555556,0.05964884479938944,0.03781704978675743,0.08545071372735748,1.5358550826157367,1.1665262617985312,2.66687739584347,0.013030625100609325,-0.42267676014847805,0.38010158609184913,0.028582260561954592,0.021458389834595738,0.06341605374035077,0.8984375,0.8359375,0.9453125,0.9861111111111112,0.9583333333333334,1.0,0.8452380952380952,0.7741935483870968,0.9113924050632911,0.9913793103448276,0.9732142857142857,1.0,0.41532441449376173,0.41532441449376173,0.41532441449376173,0.004552671320644674
clinical_only_model,svm,sigmoid,True,8,0.9440104166666666,0.9070041232638889,0.9745008680555556,0.9766124192648981,0.9613050198502252,0.9893761387702369,0.8828125,0.828125,0.9375,1.0,1.0,1.0,1.0,1.0,1.0,0.8275862068965517,0.7659574468085106,0.9,0.9377593360995851,0.905982905982906,0.967741935483871,0.94140625,0.9140625,0.96875,0.06403245290387209,0.04517947260703391,0.08576976544303529,2.1815835691229646,1.6731789643318695,3.7568958146943947,0.05512209002029627,-0.19816091785224033,0.2989111235162849,0.06536749805195863,0.042380676021538735,0.0966383390793781,0.8984375,0.84375,0.9453125,0.9861111111111112,0.9583333333333334,1.0,0.8452380952380952,0.7802197802197802,0.9113924050632911,0.9913793103448276,0.9739130434782609,1.0,0.41209823366066173,0.41209823366066173,0.41209823366066173,0.00844740674556977
clinical_only_model,xgboost,isotonic,True,8,0.9130859375,0.8685953776041667,0.9512830946180555,0.9629990733923941,0.9438312765353396,0.9789991939800635,0.8515625,0.7890625,0.90625,0.9861111111111112,0.9583333333333334,1.0,0.990909090909091,0.9719626168224299,1.0,0.7888888888888889,0.7244897959183674,0.8571428571428571,0.9159663865546219,0.8771929824561403,0.9508196721311475,0.9188368055555556,0.8836805555555556,0.9492404513888888,0.08509987956340442,0.05936077062137804,0.11427115320485651,0.5199340619421629,0.5113575117188852,6.639816998735823,0.1062687820121062,-0.34875884747426883,0.48017093060433175,0.07060033098864368,0.037372952244814905,0.10768422760247474,0.875,0.8125,0.9296875,0.7222222222222222,0.6246527777777784,0.8197916666666647,0.7647058823529411,0.6805416666666667,0.8545527859237536,0.8484848484848485,0.8014692845223196,0.8992441860465116,0.2574975806474685,0.2574975806474685,0.2574975806474685,0.004418344953217252
clinical_only_model,xgboost,none,True,8,0.9169921875,0.8756456163194444,0.9538926866319445,0.9647229353057528,0.9466763096032607,0.9804304600940826,0.8515625,0.7890625,0.9064453124999989,0.9861111111111112,0.9583333333333334,1.0,0.990909090909091,0.9711468446601942,1.0,0.7888888888888889,0.7216494845360825,0.8572767857142849,0.9159663865546219,0.8755095405309997,0.9508196721311475,0.9188368055555556,0.8828016493055556,0.9500868055555556,0.08509932853455236,0.06249120072106774,0.1099314471696819,1.4895513689512683,1.1764086791491073,2.047131578594528,0.11909556373556397,-0.16599462487661176,0.3616844070644409,0.07381790428608657,0.050099114931467896,0.11305678204316631,0.875,0.8203125,0.9296875,0.8611111111111112,0.7777777777777778,0.9305555555555556,0.7948717948717948,0.7241265880217786,0.8714285714285714,0.9180327868852459,0.873015873015873,0.9586776859504132,0.31428012073040007,0.31428012073040007,0.31428012073040007,0.008924984758189081
clinical_only_model,xgboost,sigmoid,True,8,0.9110243055555556,0.8657660590277778,0.9507405598958333,0.9622485227089723,0.9429320327479002,0.979350048928412,0.8515625,0.7890625,0.9140625,0.9861111111111112,0.9583333333333334,1.0,0.990909090909091,0.9719626168224299,1.0,0.7888888888888889,0.7216494845360825,0.8658536585365854,0.9159663865546219,0.8755364806866952,0.9508196721311475,0.9188368055555556,0.8823784722222222,0.9501085069444444,0.08919653699323106,0.06561710120969944,0.11409791899674132,1.436385765862412,1.2034891330262603,1.8088514433343994,0.044839215278090774,-0.2144867455903636,0.29250087417601794,0.09033209142790903,0.06555334661131872,0.13361072466618842,0.8671875,0.8046875,0.921875,0.7361111111111112,0.625,0.8333333333333334,0.7571428571428571,0.6764705882352942,0.8461538461538461,0.8538461538461538,0.8059701492537313,0.9032258064516129,0.33846421989597375,0.33846421989597375,0.33846421989597375,0.005487169466797494
full_valid_model,dummy,isotonic,True,25,0.47227647569444453,0.39322374131944443,0.55133056640625,0.6255828458454166,0.5898940416026265,0.6740703582814892,1.0,1.0,1.0,0.0,0.0,0.0,0.64,0.64,0.64,,,,0.7804878048780487,0.7804878048780487,0.7804878048780487,0.5,0.5,0.5,0.230477109375,0.230293820703125,0.23066239765625002,-17.740318734697006,-24.074107198757275,20.551409142348014,3.854976351088828e-17,-0.0008959820831443272,0.0008421940217665019,0.0,1.1102230246251565e-16,0.00023750000000000436,1.0,1.0,1.0,0.0,0.0,0.0,,,,0.64,0.64,0.64,0.6366666666666666,0.6366666666666666,0.6366666666666666,0.0
full_valid_model,dummy,none,True,25,0.47227647569444453,0.39043918185763893,0.5571384006076389,0.6255828458454166,0.5879976527092337,0.6760290930647406,1.0,1.0,1.0,0.0,0.0,0.0,0.64,0.64,0.64,,,,0.7804878048780487,0.7804878048780487,0.7804878048780487,0.5,0.5,0.5,0.230477109375,0.23027987265625005,0.2306704517578125,-17.740318734697006,-23.88293543235358,21.414899627664976,3.854976351088828e-17,-0.0008410364487368677,0.0008950771559890348,0.0,1.1102230246251565e-16,0.00022499999999992247,1.0,1.0,1.0,0.0,0.0,0.0,,,,0.64,0.64,0.64,0.6366666666666667,0.6366666666666667,0.6366666666666667,0.0
full_valid_model,dummy,sigmoid,True,25,0.47227647569444453,0.3918185763888889,0.5548787434895832,0.6255828458454166,0.5893886641080845,0.6754482193776806,1.0,1.0,1.0,0.0,0.0,0.0,0.64,0.64,0.64,,,,0.7804878048780487,0.7804878048780487,0.7804878048780487,0.5,0.5,0.5,0.23047785338932422,0.2302895660574543,0.2306679070737001,-17.946360052737102,-24.07381452986122,20.87285124978117,0.005374925379678826,0.004543550021116828,0.00623291880747491,0.0012393012896696476,0.0010474884881912505,0.0014373016008731865,1.0,1.0,1.0,0.0,0.0,0.0,,,,0.64,0.64,0.64,0.6346558996314265,0.6346558996314265,0.6346558996314265,0.0
full_valid_model,ebm,isotonic,True,25,0.9996744791666667,0.9984809027777777,1.0,0.9998168870802147,0.9991443677713363,1.0,0.9921875,0.9765625,1.0,0.9861111111111112,0.9583333333333334,1.0,0.9921875,0.9767441860465116,1.0,0.9861111111111112,0.958904109589041,1.0,0.9921875,0.9803921568627452,1.0,0.9891493055555556,0.9713541666666667,1.0,0.008052227658628477,0.002180816801128358,0.01674825453991859,1.701550723821146,1.1401972998321779,2.541362042312282,0.043581053091081436,-0.8818623626326646,0.9045271575255073,0.021885937971172394,0.011130112526012292,0.03565956917183502,0.890625,0.8359375,0.9453125,1.0,1.0,1.0,0.8372093023255814,0.7741935483870968,0.9113924050632911,1.0,1.0,1.0,0.9756251387675188,0.9756251387675188,0.9756251387675188,0.0003379429579513812
full_valid_model,ebm,none,True,25,0.9994574652777778,0.9977213541666666,1.0,0.9996923831119606,0.9987222750239018,1.0,0.984375,0.9609375,1.0,0.9861111111111112,0.9583333333333334,1.0,0.9921259842519685,0.9761904761904762,1.0,0.9726027397260274,0.9315068493150684,1.0,0.988235294117647,0.9721115537848606,1.0,0.9852430555555556,0.9635416666666667,1.0,0.009457410016811435,0.0013071745207226492,0.021991580086658667,0.933962898279602,0.6211917339585598,1.2156815949782138,0.4730415227375063,-1.4597118412688597,1.8264109682622442,0.01565815803391517,0.006141650696739313,0.03202122311533678,0.9140625,0.859375,0.9609375,1.0,1.0,1.0,0.8674698795180723,0.8,0.935064935064935,1.0,1.0,1.0,0.9965512468613994,0.9965512468613994,0.9965512468613994,0.00022500478899009548
full_valid_model,ebm,sigmoid,True,25,0.9996744791666667,0.9986979166666666,1.0,0.9998168870802147,0.9992674588865995,1.0,0.984375,0.9609375,1.0,0.9861111111111112,0.9583333333333334,1.0,0.9921259842519685,0.9763779527559056,1.0,0.9726027397260274,0.9342105263157895,1.0,0.988235294117647,0.9727626459143969,1.0,0.9852430555555556,0.9665798611111112,1.0,0.02000242791902472,0.01380010603034219,0.026996113659530637,4.731435545528263,3.402127455090073,9.320442843819386,0.05243417919089092,-0.14803471604792334,0.23185543157272087,0.08801994388389081,0.07713894963330682,0.10407928401939164,0.90625,0.8515625,0.953125,1.0,1.0,1.0,0.8571428571428571,0.7912087912087912,0.9230769230769231,1.0,1.0,1.0,0.7477722693636696,0.7477722693636696,0.7477722693636696,0.0004380778914537072
full_valid_model,logreg,isotonic,True,25,0.9997829861111112,0.9990234375,1.0,0.9998784028282461,0.9994604895260075,1.0,0.984375,0.9609375,1.0,0.9861111111111112,0.9583333333333334,1.0,0.9921259842519685,0.9761904761904762,1.0,0.9726027397260274,0.9342105263157895,1.0,0.988235294117647,0.9727626459143969,1.0,0.9852430555555556,0.9665581597222223,1.0,0.007851246640075346,0.0006503240980258629,0.016749556963074477,1.249006354893521,0.8963461466124789,1.482247480911007,0.17136226165860186,-1.2408791483532375,1.3095667130275301,0.016731096845051176,0.006041311420841157,0.029885106230009725,0.9140625,0.8671875,0.9609375,1.0,1.0,1.0,0.8674698795180723,0.8089887640449438,0.935064935064935,1.0,1.0,1.0,0.9831878832866144,0.9831878832866144,0.9831878832866144,9.705156152344354e-05
full_valid_model,logreg,none,True,25,0.9997829861111112,0.9989149305555556,1.0,0.9998784028282461,0.9993933600847972,1.0,0.8515625,0.7890625,0.9064453124999989,1.0,1.0,1.0,1.0,1.0,1.0,0.7912087912087912,0.7272727272727273,0.8574010327022361,0.919831223628692,0.8820960698689956,0.9509267313482764,0.92578125,0.89453125,0.9532226562499995,0.09298467966509176,0.08038677873157608,0.10530042017381869,12.813940270330178,9.494741405550487,15.705460534683224,0.6555562296717381,0.5683681428663401,0.7369133952796199,0.26638067995987763,0.2477475361779221,0.2851966246728552,0.8984375,0.84375,0.9455078124999989,1.0,1.0,1.0,0.8470588235294118,0.782608695652174,0.9116845180136303,1.0,1.0,1.0,0.45997560018274264,0.45997560018274264,0.45997560018274264,1.2412670766236366e-16
full_valid_model,logreg,sigmoid,True,25,0.9997829861111112,0.9990234375,1.0,0.9998784028282461,0.9994604895260075,1.0,0.984375,0.9609375,1.0,1.0,1.0,1.0,1.0,1.0,1.0,0.972972972972973,0.935064935064935,1.0,0.9921259842519685,0.9800796812749004,1.0,0.9921875,0.98046875,1.0,0.02242424292200741,0.015991510811880952,0.03050731197805704,4.670566580257131,3.480998428394413,5.75639885989203,0.0457077317604927,-0.159355354737921,0.23309859894905216,0.09884189605540085,0.08486394506338685,0.11477822267074629,0.9140625,0.8671875,0.9609375,1.0,1.0,1.0,0.8674698795180723,0.8089887640449438,0.935064935064935,1.0,1.0,1.0,0.7003186822082665,0.7003186822082665,0.7003186822082665,1.2412670766236366e-16
full_valid_model,random_forest,isotonic,True,25,0.9993489583333331,0.997610134548611,1.0,0.9996327528197723,0.998640316432778,1.0,0.9921875,0.9765625,1.0,0.9722222222222222,0.9305555555555556,1.0,0.9844961240310077,0.9618320610687023,1.0,0.9859154929577465,0.9571428571428572,1.0,0.9883268482490272,0.9729729729729729,1.0,0.9822048611111112,0.9574652777777778,1.0,0.008597351531215148,0.0018534904464010257,0.01811244428105118,1.3422599672701319,0.8275996845240613,6.731164844562698,-0.15786025313181032,-1.418816124034452,1.0442702732861078,0.017182635300783792,0.0075136650967451805,0.03142204367500272,0.9296875,0.8828125,0.96875,1.0,1.0,1.0,0.8888888888888888,0.8275862068965517,0.9473684210526315,1.0,1.0,1.0,0.9885130254591212,0.9885130254591212,0.9885130254591212,0.00035987682187015404
full_valid_model,random_forest,none,True,25,0.9995659722222223,0.9980468750000001,1.0,0.9997548831119607,0.9989138533124542,1.0,1.0,1.0,1.0,0.9861111111111112,0.9583333333333334,1.0,0.9922480620155039,0.9770992366412213,1.0,1.0,1.0,1.0,0.9961089494163424,0.9884169884169884,1.0,0.9930555555555556,0.9791666666666667,1.0,0.016834838262796713,0.011408327253548076,0.023382933129766425,4.4888015675462345,3.14629541773373,6.304585999974781,0.2619721316630748,0.07737467799236213,0.45200885520682127,0.07949367732908035,0.07054592622022454,0.09555622657728466,0.9140625,0.8671875,0.9609375,1.0,1.0,1.0,0.8674698795180723,0.8089887640449438,0.935064935064935,1.0,1.0,1.0,0.7866519823595661,0.7866519823595661,0.7866519823595661,0.00017829510335454628
full_valid_model,random_forest,sigmoid,True,25,0.9994574652777778,0.9978298611111112,1.0,0.9996923831119606,0.9987991602327074,1.0,1.0,1.0,1.0,0.9722222222222222,0.9305555555555556,1.0,0.9846153846153847,0.9624060150375939,1.0,1.0,1.0,1.0,0.9922480620155039,0.9808429118773946,1.0,0.9861111111111112,0.9652777777777778,1.0,0.011783668315921697,0.005891710899577767,0.019619342763006045,2.7219031762126553,2.0795346101960335,3.613419149378348,0.012791657345146326,-0.21759056068464122,0.22994311930779368,0.057714891855962944,0.05210292068781443,0.07162668864039369,0.9296875,0.8828125,0.96875,1.0,1.0,1.0,0.8888888888888888,0.8275862068965517,0.9473684210526315,1.0,1.0,1.0,0.8910323653756922,0.8910323653756922,0.8910323653756922,0.0001455773422852005
full_valid_model,svm,isotonic,True,25,1.0,1.0,1.0,1.0,1.0,1.0,1.0,1.0,1.0,1.0,1.0,1.0,1.0,1.0,1.0,1.0,1.0,1.0,1.0,1.0,1.0,1.0,1.0,1.0,0.0035769305399438317,0.000805116020742181,0.007141434099821625,,,,0.3114131782696174,-0.7541477380514013,1.196511856519058,0.012456488297044151,0.0053721330523302715,0.021354979769493555,0.921875,0.875,0.96875,1.0,1.0,1.0,0.8780487804878049,0.8181818181818182,0.9473684210526315,1.0,1.0,1.0,0.9886329641494322,0.9886329641494322,0.9886329641494322,4.852578076170315e-05
full_valid_model,svm,none,True,25,1.0,0.9999999999999999,1.0,1.0,1.0,1.0,0.9765625,0.9453125,1.0,1.0,1.0,1.0,1.0,1.0,1.0,0.96,0.9113924050632911,1.0,0.9881422924901185,0.9718875502008032,1.0,0.98828125,0.97265625,1.0,0.006946092730178056,0.0021314546444797054,0.013324994764084571,,,,0.2567405138547538,-0.2805748477626565,0.672712670928897,0.02683977323414162,0.017172246931933415,0.03861469079586347,0.9453125,0.90625,0.984375,1.0,1.0,1.0,0.9113924050632911,0.8571428571428571,0.972972972972973,1.0,1.0,1.0,0.8819816505651267,0.8819816505651267,0.8819816505651267,0.0
full_valid_model,svm,sigmoid,True,25,1.0,0.9999999999999999,1.0,1.0,1.0,1.0,0.9765625,0.9453125,1.0,1.0,1.0,1.0,1.0,1.0,1.0,0.96,0.9113924050632911,1.0,0.9881422924901185,0.9718875502008032,1.0,0.98828125,0.97265625,1.0,0.013784547614680098,0.008345778732401648,0.020548299820203522,,,,0.0457235287431947,-0.1615369451046388,0.24405687549989213,0.07276512884088085,0.060976060324183644,0.08620453432487704,0.90625,0.8515625,0.953125,1.0,1.0,1.0,0.8571428571428571,0.7912087912087912,0.9230769230769231,1.0,1.0,1.0,0.8191949596026237,0.8191949596026237,0.8191949596026237,0.0
full_valid_model,xgboost,isotonic,True,25,0.9970703125,0.9922932942708333,0.999782986111111,0.9984206296607845,0.995876345864534,0.9998784028282461,0.984375,0.9609375,1.0,0.9583333333333334,0.9027777777777778,1.0,0.9767441860465116,0.9473684210526315,1.0,0.971830985915493,0.9305555555555556,1.0,0.980544747081712,0.9612403100775193,0.9961089494163424,0.9713541666666667,0.9427083333333333,0.9930555555555556,0.02029929123986675,0.006854702877299961,0.037687708908863915,0.9652081392006797,0.6977962684841048,2.573668314580317,-0.21373132529623878,-1.2377799468912312,0.871587422462503,0.015835497113934262,0.011336683963115457,0.04221437870741213,0.921875,0.875,0.9609375,1.0,1.0,1.0,0.8780487804878049,0.8181818181818182,0.935064935064935,1.0,1.0,1.0,0.9451900935173034,0.9451900935173034,0.9451900935173034,0.0003379429579513741
full_valid_model,xgboost,none,True,25,0.9979383680555556,0.9944661458333334,1.0,0.9988743678341252,0.997016762487887,1.0,0.984375,0.9609375,1.0,0.9583333333333334,0.9027777777777778,1.0,0.9767441860465116,0.9477611940298507,1.0,0.971830985915493,0.9315068493150684,1.0,0.980544747081712,0.9615384615384616,0.996078431372549,0.9713541666666667,0.9435763888888888,0.9930555555555556,0.018686968623480314,0.006312643923559165,0.034024605162902066,1.2815107994820563,1.0533750647671645,3.270500119065559,0.0543779417801976,-0.5791738450269391,0.6786220748221717,0.021453193309483996,0.0159315495257849,0.04282614086321554,0.8984375,0.84375,0.953125,1.0,1.0,1.0,0.8470588235294118,0.782608695652174,0.9230769230769231,1.0,1.0,1.0,0.9086464667320251,0.9086464667320251,0.9086464667320251,0.0019389070652714062
full_valid_model,xgboost,sigmoid,True,25,0.9966362847222222,0.9918619791666666,0.9996744791666667,0.9982006047775083,0.9957679621564403,0.9998187725360577,0.984375,0.9609375,1.0,0.9583333333333334,0.9027777777777778,1.0,0.9767441860465116,0.9477611940298507,1.0,0.971830985915493,0.9324324324324325,1.0,0.980544747081712,0.9644268774703557,0.996078431372549,0.9713541666666667,0.9435763888888888,0.9930555555555556,0.023868940473253396,0.010484988590888169,0.03968567251939881,1.5670184028240415,1.3214061708796687,3.420154257197243,0.005903093891722769,-0.28366346219416355,0.26089480891026595,0.0651483420005011,0.05256512991869913,0.08603144985707979,0.9296875,0.8828125,0.96875,1.0,1.0,1.0,0.8888888888888888,0.8275862068965517,0.9473684210526315,1.0,1.0,1.0,0.9074804943781717,0.9074804943781717,0.9074804943781717,0.004733191820077889
laboratory_model,dummy,isotonic,True,14,0.47227647569444453,0.38671739366319446,0.55333251953125,0.6255828458454166,0.5875539243467469,0.6767230966108475,1.0,1.0,1.0,0.0,0.0,0.0,0.64,0.64,0.64,,,,0.7804878048780487,0.7804878048780487,0.7804878048780487,0.5,0.5,0.5,0.230477109375,0.23028232480468747,0.23068076660156253,-17.740318734697006,-23.84822671343318,21.800902861874057,3.854976351088828e-17,-0.0008688492535334218,0.0008950780540392616,0.0,1.1102230246251565e-16,0.0002312500000001272,1.0,1.0,1.0,0.0,0.0,0.0,,,,0.64,0.64,0.64,0.6366666666666666,0.6366666666666666,0.6366666666666666,0.0
laboratory_model,dummy,none,True,14,0.47227647569444453,0.3906765407986111,0.5544786241319445,0.6255828458454166,0.588506287612302,0.6745343610051542,1.0,1.0,1.0,0.0,0.0,0.0,0.64,0.64,0.64,,,,0.7804878048780487,0.7804878048780487,0.7804878048780487,0.5,0.5,0.5,0.230477109375,0.23028682265625003,0.23067923164062504,-17.740318734697006,-24.172904725071458,20.10187513139928,3.854976351088828e-17,-0.000895303354508822,0.0008408375818437909,0.0,1.1102230246251565e-16,0.00023124999999990514,1.0,1.0,1.0,0.0,0.0,0.0,,,,0.64,0.64,0.64,0.6366666666666667,0.6366666666666667,0.6366666666666667,0.0
laboratory_model,dummy,sigmoid,True,14,0.47227647569444453,0.39023708767361115,0.5546400282118056,0.6255828458454166,0.5888245244719389,0.676234715076752,1.0,1.0,1.0,0.0,0.0,0.0,0.64,0.64,0.64,,,,0.7804878048780487,0.7804878048780487,0.7804878048780487,0.5,0.5,0.5,0.23047785338932422,0.23028997858014777,0.2306670835885925,-17.946360052737102,-24.180930012348835,22.058820153879772,0.005374925379678826,0.004516724963355502,0.00620678790584575,0.0012393012896696476,0.0010413009784661087,0.0014312687788912805,1.0,1.0,1.0,0.0,0.0,0.0,,,,0.64,0.64,0.64,0.6346558996314265,0.6346558996314265,0.6346558996314265,0.0
laboratory_model,ebm,isotonic,True,14,0.992404513888889,0.9830729166666667,0.9981553819444444,0.9958877484730733,0.9908329187701608,0.9990240524405928,0.96875,0.9375,0.9921875,0.9305555555555556,0.8611111111111112,0.9861111111111112,0.9612403100775194,0.9253731343283582,0.991869918699187,0.9436619718309859,0.8904109589041096,0.9859154929577465,0.9649805447470817,0.9402390438247011,0.9844961240310077,0.9496527777777778,0.9110243055555556,0.9782986111111112,0.03348263900467685,0.018411908331801417,0.05275114262266572,1.1495357123788368,0.8727486550554848,2.0017867450487796,-0.03492815106219336,-0.6794403830190292,0.5466605914077036,0.0244065612401891,0.023739811547828372,0.05825443418004922,0.90625,0.8515625,0.953125,0.9861111111111112,0.9444444444444444,1.0,0.8554216867469879,0.7911960132890365,0.922077922077922,0.9914529914529915,0.967741935483871,1.0,0.8534059982152321,0.8534059982152321,0.8534059982152321,0.004443389184500145
laboratory_model,ebm,none,True,14,0.9896918402777778,0.9792751736111112,0.9973985460069444,0.9945180999230914,0.9891649350033012,0.9986071262223818,0.96875,0.9375,0.9921875,0.9305555555555556,0.875,0.9861111111111112,0.9612403100775194,0.9312844979448033,0.9919354838709677,0.9436619718309859,0.8918918918918919,0.9857142857142858,0.9649805447470817,0.9416342412451363,0.9844961240310077,0.9496527777777778,0.9162326388888888,0.9782986111111112,0.03862998386929631,0.018626229264009708,0.06210820113694549,0.7188850822949472,0.5792421864487383,1.1952944571997732,-0.06743760575736256,-1.181397632788714,1.0235692298004795,0.036725690964900914,0.022077559145205518,0.06706896522823384,0.890625,0.8359375,0.9453125,0.9722222222222222,0.9305555555555556,1.0,0.8333333333333334,0.7701149425287356,0.9066666666666666,0.9827586206896551,0.9576271186440678,1.0,0.948176467078481,0.948176467078481,0.948176467078481,0.00606310163680377
laboratory_model,ebm,sigmoid,True,14,0.9933810763888888,0.9852403428819444,0.9986979166666666,0.9963854930824068,0.9920502459475926,0.9992650280195776,0.96875,0.9375,0.9921875,0.9166666666666666,0.8472222222222222,0.9722222222222222,0.9538461538461539,0.9191176470588235,0.984375,0.9428571428571428,0.8873239436619719,0.9857142857142858,0.9612403100775193,0.9348533262326365,0.9842519685039369,0.9427083333333333,0.9045030381944444,0.9752604166666667,0.04197895276078533,0.02979048629161723,0.05635982677716666,2.311072478024423,1.8276491674139674,3.8649838516592565,0.003366460228985747,-0.21267080964350182,0.20852980422499978,0.0797361660396512,0.07026967975186582,0.10870398456429951,0.9140625,0.859375,0.9609375,0.9861111111111112,0.9583333333333334,1.0,0.8658536585365854,0.797752808988764,0.9342105263157895,0.9915254237288136,0.9743589743589743,1.0,0.7110880121646806,0.7110880121646806,0.7110880121646806,0.0007771703376505882
laboratory_model,logreg,isotonic,True,14,0.9937065972222222,0.9852430555555556,0.9989149305555556,0.9967427522341787,0.9925876794521044,0.9994196811371161,0.953125,0.9140625,0.984375,0.9444444444444444,0.875,0.9861111111111112,0.9682539682539683,0.9337988366988587,0.9920634920634921,0.918918918918919,0.8589743589743589,0.9714285714285714,0.9606299212598425,0.9338391699092089,0.9806949806949806,0.9487847222222222,0.9123263888888888,0.9782986111111112,0.029075276597530966,0.013816592452891584,0.048277848245096344,0.6572251580314525,0.4862211406250484,7.845323237457749,0.03450681369713313,-1.0606474714082117,1.039010696859208,0.022615160803371052,0.018040625563921636,0.05417453303187844,0.9140625,0.859375,0.953125,1.0,1.0,1.0,0.8674698795180723,0.8,0.9230769230769231,1.0,1.0,1.0,0.9503358979426514,0.9503358979426514,0.9503358979426514,0.0034322343391755008
laboratory_model,logreg,none,True,14,0.9938151041666666,0.9858940972222223,0.9989149305555556,0.9967922390706045,0.9928503505363525,0.9994193171454628,0.8359375,0.765625,0.8984375,1.0,1.0,1.0,1.0,1.0,1.0,0.7741935483870968,0.7058823529411765,0.8470588235294118,0.9106382978723404,0.8672566371681416,0.9465020576131687,0.91796875,0.8828125,0.94921875,0.11090872781981904,0.09883506046372402,0.12364581257351391,7.583704507179113,5.986035017730235,13.063745673073896,0.5817242726751809,0.49900832176139864,0.6611963306543285,0.2570003645348088,0.2316410373860532,0.28381426308886687,0.890625,0.8359375,0.9453125,1.0,1.0,1.0,0.8372093023255814,0.7741935483870968,0.9113924050632911,1.0,1.0,1.0,0.47340228743762497,0.47340228743762497,0.47340228743762497,0.0031657261334739964
laboratory_model,logreg,sigmoid,True,14,0.994900173611111,0.988064236111111,0.9992404513888888,0.9972930874856148,0.99378904326558,0.9995678090230661,0.953125,0.9140625,0.984375,0.9722222222222222,0.9305555555555556,1.0,0.9838709677419355,0.96,1.0,0.9210526315789473,0.8625,0.9726027397260274,0.9682539682539683,0.9435483870967741,0.988235294117647,0.9626736111111112,0.9331597222222222,0.9861111111111112,0.0383137892139898,0.02732360038895387,0.05120059934175306,2.6462276523039017,2.0475698961255473,4.825457715374432,0.03384765234027977,-0.20184364030445168,0.2486451646203148,0.07951478734948236,0.07463234388548656,0.10973006142454819,0.921875,0.875,0.9609375,1.0,1.0,1.0,0.8780487804878049,0.8181818181818182,0.935064935064935,1.0,1.0,1.0,0.6821062100967141,0.6821062100967141,0.6821062100967141,0.00039422530652311597
laboratory_model,random_forest,isotonic,True,14,0.9927300347222222,0.9847005208333334,0.9982638888888888,0.9961320335515018,0.9920119304079406,0.9990368760042523,0.953125,0.9140625,0.984375,0.9305555555555556,0.875,0.9861111111111112,0.9606299212598425,0.928557142857143,0.9918032786885246,0.9178082191780822,0.8607594936708861,0.971830985915493,0.9568627450980391,0.9311740890688258,0.9803921568627452,0.9418402777777778,0.9070963541666667,0.9743923611111112,0.03507991050105865,0.017486869705506437,0.05480101402041102,0.8827379239468998,0.6633153229954065,1.5081667669998586,-0.036409117729730836,-0.9882601811464551,0.6972023347396299,0.03219655650448517,0.02213739346225409,0.06300302910995581,0.8984375,0.84375,0.9453125,1.0,1.0,1.0,0.8470588235294118,0.782608695652174,0.9113924050632911,1.0,1.0,1.0,0.9204390256160717,0.9204390256160717,0.9204390256160717,0.004578395199829734
laboratory_model,random_forest,none,True,14,0.9942491319444444,0.9875189887152778,0.9986979166666667,0.9969053944644266,0.9933393600470842,0.9992824378385794,0.953125,0.9140625,0.984375,0.9583333333333334,0.9027777777777778,1.0,0.976,0.9457364341085271,1.0,0.92,0.8589743589743589,0.9722222222222222,0.9644268774703557,0.9387557348520803,0.984375,0.9557291666666667,0.9223090277777778,0.9822048611111112,0.03283188724205681,0.019763997316082325,0.048629060850573544,1.7175954239452833,1.3966647395494527,2.792459099790054,0.15963466709618432,-0.1818644237466188,0.49855541128522074,0.0537443658192389,0.045882437651560824,0.08243831220199956,0.8984375,0.84375,0.9453125,1.0,1.0,1.0,0.8470588235294118,0.782608695652174,0.9113924050632911,1.0,1.0,1.0,0.7836412249204059,0.7836412249204059,0.7836412249204059,0.000984816344437496
laboratory_model,random_forest,sigmoid,True,14,0.9930555555555556,0.9854600694444445,0.998263888888889,0.9963247294318149,0.992389851060617,0.9990814332025717,0.953125,0.9140625,0.984375,0.9444444444444444,0.8888888888888888,0.9861111111111112,0.9682539682539683,0.937984496124031,0.992,0.918918918918919,0.8589743589743589,0.971830985915493,0.9606299212598425,0.9349570133632371,0.980544747081712,0.9487847222222222,0.9153645833333333,0.9774305555555556,0.03524948513033235,0.02018697216989715,0.05201414750865739,1.5478118085916621,1.3267805807986086,2.232390347853577,0.01608708255402143,-0.27568648052798733,0.32877023805726313,0.05875793045837631,0.054734537142703495,0.08965228533970462,0.921875,0.875,0.96875,1.0,1.0,1.0,0.8780487804878049,0.8181818181818182,0.9473684210526315,1.0,1.0,1.0,0.8546871182076332,0.8546871182076332,0.8546871182076332,0.0009962568516612318
laboratory_model,svm,isotonic,True,14,0.9939236111111112,0.9856743706597222,0.9993489583333333,0.9968929874934903,0.992834990324795,0.9996365691488186,0.96875,0.9375,0.9921875,0.9722222222222222,0.9305555555555556,1.0,0.9841269841269841,0.9609375,1.0,0.9459459459459459,0.8961038961038961,0.9861111111111112,0.9763779527559054,0.9561752988047808,0.9921875,0.9704861111111112,0.9427083333333333,0.9921875,0.026554276718984724,0.011120213258080686,0.04570030952697577,0.7046238772815266,0.5040949868407119,3.9497807190573697,-0.04499030494672388,-1.1683338943653911,0.9257842617383281,0.030307955188771787,0.021049674632285777,0.057608246098660096,0.9140625,0.8669921875000004,0.9609375,1.0,1.0,1.0,0.8674698795180723,0.8087640449438206,0.935064935064935,1.0,1.0,1.0,0.9692564192042303,0.9692564192042303,0.9692564192042303,0.0034530108176020415
laboratory_model,svm,none,True,14,0.9951171875,0.9884955512152778,0.9992404513888888,0.9973952493891751,0.9939344565575771,0.9995830242104005,0.96875,0.9375,0.9921875,0.9722222222222222,0.9305555555555556,1.0,0.9841269841269841,0.9606299212598425,1.0,0.9459459459459459,0.8947368421052632,0.9863013698630136,0.9763779527559054,0.9558143505194868,0.9921875,0.9704861111111112,0.9418402777777778,0.9921875,0.02757735259554642,0.013542610481939195,0.04545536951092553,1.4833842051145436,1.1587564958054208,2.6413108517550743,0.37983775407202097,-0.03502067530060287,0.814777980234963,0.03848842153638899,0.03149699831239969,0.06480773115358227,0.9296875,0.8828125,0.96875,0.9861111111111112,0.9583333333333334,1.0,0.8875,0.8255813953488372,0.9473684210526315,0.9916666666666667,0.9745762711864406,1.0,0.7252953004259368,0.7252953004259368,0.7252953004259368,0.0013441290899780063
laboratory_model,svm,sigmoid,True,14,0.9952256944444444,0.9889295789930556,0.9993516710069444,0.9974822551387418,0.9942476135370845,0.9996512657100964,0.96875,0.9375,0.9921875,0.9722222222222222,0.9305555555555556,1.0,0.9841269841269841,0.9606299212598425,1.0,0.9459459459459459,0.8961038961038961,0.9863013698630136,0.9763779527559054,0.9558232931726908,0.9921875,0.9704861111111112,0.9427083333333333,0.9921875,0.030760585447212455,0.019261522789181577,0.04374142891753432,2.1264942562307514,1.704102194061502,4.137697735680365,0.023204806611459704,-0.226692720563093,0.2810691662046247,0.06432576241461398,0.05819889990879325,0.08930080710155856,0.9140625,0.859375,0.9609375,1.0,1.0,1.0,0.8674698795180723,0.8,0.935064935064935,1.0,1.0,1.0,0.7488358560788001,0.7488358560788001,0.7488358560788001,0.0005843277785519016
laboratory_model,xgboost,isotonic,True,14,0.9858940972222222,0.9721137152777778,0.9959852430555556,0.9926932271504022,0.9858028121377966,0.9978259299957829,0.953125,0.9140625,0.984375,0.9166666666666666,0.8472222222222222,0.9722222222222222,0.953125,0.9178950173942318,0.9841301087364078,0.9166666666666666,0.8571428571428571,0.9710144927536232,0.953125,0.9260700389105059,0.9767441860465116,0.9348958333333333,0.8984157986111111,0.9704861111111112,0.04125835135234185,0.021911025937535866,0.063565229219477,0.899904037261595,0.6854993131056494,1.4793586455390935,-0.08899998869015065,-0.8475752099411715,0.5911259113216875,0.03297366665134907,0.02533534358863402,0.06687023218354302,0.9140625,0.8671875,0.9609375,0.9722222222222222,0.9305555555555556,1.0,0.8641975308641975,0.8,0.9315068493150684,0.9831932773109243,0.9590163934426229,1.0,0.866907594949007,0.866907594949007,0.866907594949007,0.004833798655281692
laboratory_model,xgboost,none,True,14,0.9881727430555556,0.9762342664930554,0.9969618055555557,0.9937584406154938,0.987517641897796,0.9984462140395981,0.9609375,0.921875,0.9921875,0.9027777777777778,0.8333333333333334,0.9583333333333334,0.9461538461538461,0.9097744360902256,0.9765625,0.9285714285714286,0.8701298701298701,0.9850746268656716,0.9534883720930233,0.9266409266409266,0.9769230769230769,0.9318576388888888,0.8910590277777778,0.9657335069444444,0.04055189603814733,0.021272846857694087,0.06175850926222319,1.0133604289084401,0.8328081014455466,1.5019603600478169,-0.20515409683818142,-0.8193802473388615,0.436400631542727,0.0235365918517346,0.02040781894672839,0.06013318819306728,0.9140625,0.859375,0.9609375,0.9861111111111112,0.9583333333333334,1.0,0.8658536585365854,0.8,0.9342105263157895,0.9915254237288136,0.9736783884489987,1.0,0.911430652141571,0.911430652141571,0.911430652141571,0.0026467688623373173
laboratory_model,xgboost,sigmoid,True,14,0.9845920138888888,0.9695041232638888,0.9962022569444444,0.992325369289901,0.9850095038318559,0.9980235945567454,0.9609375,0.921875,0.9921875,0.9027777777777778,0.8333333333333334,0.9722222222222222,0.9461538461538461,0.9090909090909091,0.9838741935483871,0.9285714285714286,0.871396103896104,0.9846153846153847,0.9534883720930233,0.9266409266409266,0.9769230769230769,0.9318576388888888,0.8923394097222223,0.9683159722222222,0.04489197832787477,0.025405636533977705,0.06602835138135986,1.4295114463336434,1.1867737331954034,2.106080968176449,0.0035115760192789267,-0.2638902057672729,0.2907103998127872,0.06496540088333352,0.04974374251225581,0.09609619598607369,0.921875,0.875,0.96875,0.9722222222222222,0.9305555555555556,1.0,0.875,0.8117647058823529,0.9459459459459459,0.9833333333333333,0.9590163934426229,1.0,0.8900173967575398,0.8900173967575398,0.8900173967575398,0.006338421805630089
leaky_model,dummy,isotonic,False,28,0.47227647569444453,0.3909505208333333,0.5536634657118056,0.6255828458454166,0.5885863862647184,0.6761113305688597,1.0,1.0,1.0,0.0,0.0,0.0,0.64,0.64,0.64,,,,0.7804878048780487,0.7804878048780487,0.7804878048780487,0.5,0.5,0.5,0.230477109375,0.23028318671875,0.23067016542968752,-17.740318734697006,-23.953371139288663,21.758370879833024,3.854976351088828e-17,-0.0008681694595568485,0.0008415166082731915,0.0,6.2499999998744116e-06,0.00023749999999989058,1.0,1.0,1.0,0.0,0.0,0.0,,,,0.64,0.64,0.64,0.6366666666666666,0.6366666666666666,0.6366666666666666,0.0
leaky_model,dummy,none,False,28,0.47227647569444453,0.3923448350694444,0.5554578993055556,0.6255828458454166,0.5879539030608322,0.6769321453973146,1.0,1.0,1.0,0.0,0.0,0.0,0.64,0.64,0.64,,,,0.7804878048780487,0.7804878048780487,0.7804878048780487,0.5,0.5,0.5,0.230477109375,0.23028229140625,0.2306698162109375,-17.740318734697006,-24.064587497890376,20.834214159856995,3.854976351088828e-17,-0.0008410366812444307,0.0008137175779640106,0.0,6.093749999880602e-06,0.00021874999999993704,1.0,1.0,1.0,0.0,0.0,0.0,,,,0.64,0.64,0.64,0.6366666666666667,0.6366666666666667,0.6366666666666667,0.0
leaky_model,dummy,sigmoid,False,28,0.47227647569444453,0.39349772135416666,0.5512166341145833,0.6255828458454166,0.589615133033431,0.6751086661472416,1.0,1.0,1.0,0.0,0.0,0.0,0.64,0.64,0.64,,,,0.7804878048780487,0.7804878048780487,0.7804878048780487,0.5,0.5,0.5,0.23047785338932422,0.23029285031186095,0.2306621063417732,-17.946360052737102,-23.87405041785042,21.484413016736077,0.005374925379678826,0.004516053462702489,0.006259721363256791,0.0012393012896696476,0.0010411462907229832,0.0014434891105982173,1.0,1.0,1.0,0.0,0.0,0.0,,,,0.64,0.64,0.64,0.6346558996314265,0.6346558996314265,0.6346558996314265,0.0
leaky_model,ebm,isotonic,False,28,1.0,0.9999999999999999,1.0,1.0,1.0,1.0,1.0,1.0,1.0,1.0,1.0,1.0,1.0,1.0,1.0,1.0,1.0,1.0,1.0,1.0,1.0,1.0,1.0,1.0,1.244548138553042e-05,3.1044240575429924e-06,2.437247971615099e-05,,,,0.2062641059280369,-0.39963937421283585,0.8011875444954545,0.0008469889234482852,0.0004103434152317405,0.0013719294245019711,0.9296875,0.8828125,0.96875,1.0,1.0,1.0,0.8888888888888888,0.8275862068965517,0.9473684210526315,1.0,1.0,1.0,0.9980071412148823,0.9980071412148823,0.9980071412148823,0.0
leaky_model,ebm,none,False,28,1.0,0.9999999999999999,1.0,1.0,1.0,1.0,1.0,1.0,1.0,1.0,1.0,1.0,1.0,1.0,1.0,1.0,1.0,1.0,1.0,1.0,1.0,1.0,1.0,1.0,1.2670214149080504e-11,5.9944587254865296e-12,2.149096294984428e-11,,,,0.24287530110077818,0.07868362122684364,0.4080645191428639,1.7127202682556167e-06,1.3093370216227857e-06,2.154111686551188e-06,0.921875,0.875,0.96875,1.0,1.0,1.0,0.8780487804878049,0.8181818181818182,0.9473684210526315,1.0,1.0,1.0,0.9999951567529551,0.9999951567529551,0.9999951567529551,0.0
leaky_model,ebm,sigmoid,False,28,1.0,0.9999999999999999,1.0,1.0,1.0,1.0,1.0,1.0,1.0,1.0,1.0,1.0,1.0,1.0,1.0,1.0,1.0,1.0,1.0,1.0,1.0,1.0,1.0,1.0,0.0028225274360249835,0.0025809781044233582,0.003086214649139996,,,,0.03139803882881517,-0.022769703346734727,0.08530985969123847,0.04827202205476769,0.04584724311597626,0.050904626586452964,0.9609375,0.921875,0.9921875,1.0,1.0,1.0,0.935064935064935,0.8780487804878049,0.9863013698630136,1.0,1.0,1.0,0.9125644857951575,0.9125644857951575,0.9125644857951575,0.0
leaky_model,logreg,isotonic,False,28,0.9996744791666667,0.9984809027777778,1.0,0.9998210877862596,0.9991898148148148,1.0,0.9921875,0.9765625,1.0,1.0,1.0,1.0,1.0,1.0,1.0,0.9863013698630136,0.96,1.0,0.996078431372549,0.9881422924901185,1.0,0.99609375,0.98828125,1.0,0.005157004675194719,0.0004696062800882154,0.01321134598541346,1.426311492956901,1.0345714174084624,3.5952658240349606,0.26073467752961793,-0.770423457847028,1.4792338682001578,0.010180685135248217,0.004806143442392184,0.021185177765396832,0.90625,0.8515625,0.953125,1.0,1.0,1.0,0.8571428571428571,0.7912087912087912,0.9230769230769231,1.0,1.0,1.0,0.9911566157990882,0.9911566157990882,0.9911566157990882,0.0001237169515081784
leaky_model,logreg,none,False,28,1.0,0.9999999999999999,1.0,1.0,1.0,1.0,0.9296875,0.8828125,0.96875,1.0,1.0,1.0,1.0,1.0,1.0,0.8888888888888888,0.8275862068965517,0.9473684210526315,0.9635627530364372,0.9377593360995851,0.9841269841269841,0.96484375,0.94140625,0.984375,0.06023484408433759,0.05134356689441446,0.07048739791280206,,,,0.7115330635925204,0.6259640047577008,0.7936589072298906,0.2038496257026026,0.18828968434929647,0.22040552195800736,0.9140625,0.8669921875000004,0.9609375,1.0,1.0,1.0,0.8674698795180723,0.8087640449438206,0.935064935064935,1.0,1.0,1.0,0.5421155401059872,0.5421155401059872,0.5421155401059872,5.9431701118168575e-05
leaky_model,logreg,sigmoid,False,28,0.9998914930555556,0.9993489583333334,1.0,0.9999394379844961,0.9996421755725191,1.0,0.9921875,0.9765625,1.0,1.0,1.0,1.0,1.0,1.0,1.0,0.9863013698630136,0.96,1.0,0.996078431372549,0.9881422924901185,1.0,0.99609375,0.98828125,1.0,0.014013988620778272,0.009467676118198917,0.02031565902830943,6.270839544987705,4.40887637548871,8.934626015174343,0.03668583847774774,-0.13641404504501775,0.21124610385055848,0.0744727374033297,0.06536484505284954,0.08764632855659317,0.9140625,0.8671875,0.9609375,1.0,1.0,1.0,0.8674698795180723,0.8089887640449438,0.935064935064935,1.0,1.0,1.0,0.7986508103490655,0.7986508103490655,0.7986508103490655,0.0
leaky_model,random_forest,isotonic,False,28,1.0,1.0,1.0,1.0,1.0,1.0,1.0,1.0,1.0,1.0,1.0,1.0,1.0,1.0,1.0,1.0,1.0,1.0,1.0,1.0,1.0,1.0,1.0,1.0,0.0005014579500845067,0.000177738518194693,0.0009086481418966663,,,,-0.01604282155014644,-0.7126620336056376,0.6282297341180368,0.0054610538735164055,0.002767416967788153,0.008609486803808573,0.9296875,0.8828125,0.96875,1.0,1.0,1.0,0.8888888888888888,0.8275862068965517,0.9473684210526315,1.0,1.0,1.0,0.9927177148755476,0.9927177148755476,0.9927177148755476,0.0
leaky_model,random_forest,none,False,28,1.0,0.9999999999999999,1.0,1.0,1.0,1.0,1.0,1.0,1.0,1.0,1.0,1.0,1.0,1.0,1.0,1.0,1.0,1.0,1.0,1.0,1.0,1.0,1.0,1.0,0.007189421551865822,0.004937033408580823,0.009768067280523042,,,,0.09401359575175249,-0.10198348855307293,0.2876069263494709,0.05318380664574117,0.04445966101107204,0.06244392749518034,0.9140625,0.8671875,0.9609375,1.0,1.0,1.0,0.8674698795180723,0.8089887640449438,0.935064935064935,1.0,1.0,1.0,0.8564510069179737,0.8564510069179737,0.8564510069179737,0.0
leaky_model,random_forest,sigmoid,False,28,1.0,0.9999999999999999,1.0,1.0,1.0,1.0,1.0,1.0,1.0,1.0,1.0,1.0,1.0,1.0,1.0,1.0,1.0,1.0,1.0,1.0,1.0,1.0,1.0,1.0,0.00434883825170284,0.003161640601873969,0.005755913532670666,,,,0.01742763745178254,-0.09659889196259017,0.13153457525430182,0.05163953209344568,0.046625141125636045,0.057223975652722775,0.953125,0.9140625,0.984375,1.0,1.0,1.0,0.9230769230769231,0.8674698795180723,0.972972972972973,1.0,1.0,1.0,0.9118466907147955,0.9118466907147955,0.9118466907147955,0.0
leaky_model,svm,isotonic,False,28,1.0,1.0,1.0,1.0,1.0,1.0,1.0,1.0,1.0,1.0,1.0,1.0,1.0,1.0,1.0,1.0,1.0,1.0,1.0,1.0,1.0,1.0,1.0,1.0,0.002326458089969031,0.0005540177561115924,0.004568556914734827,,,,0.04001847165693487,-0.9198506989083842,0.9808746120495306,0.009928554888829742,0.004211103091748057,0.017009354177459548,0.921875,0.875,0.96875,1.0,1.0,1.0,0.8780487804878049,0.8181818181818182,0.9473684210526315,1.0,1.0,1.0,0.9933803756948953,0.9933803756948953,0.9933803756948953,0.0
leaky_model,svm,none,False,28,1.0,0.9999999999999999,1.0,1.0,1.0,1.0,1.0,1.0,1.0,1.0,1.0,1.0,1.0,1.0,1.0,1.0,1.0,1.0,1.0,1.0,1.0,1.0,1.0,1.0,0.0025132490674016107,0.0008464896551023122,0.004729009188732844,,,,-0.014868467036126128,-0.4225782151618732,0.4048707680427244,0.018135091614779268,0.012356963850170006,0.025057415213576725,0.921875,0.875,0.9609375,1.0,1.0,1.0,0.8780487804878049,0.8181818181818182,0.935064935064935,1.0,1.0,1.0,0.962966497696784,0.962966497696784,0.962966497696784,0.0
leaky_model,svm,sigmoid,False,28,1.0,0.9999999999999999,1.0,1.0,1.0,1.0,1.0,1.0,1.0,1.0,1.0,1.0,1.0,1.0,1.0,1.0,1.0,1.0,1.0,1.0,1.0,1.0,1.0,1.0,0.007691185300450546,0.004792635477050205,0.011393745538189896,,,,0.0272111654175318,-0.1420929211695572,0.19779212713893363,0.058821923063219705,0.050784233104981244,0.06832549866030901,0.9140625,0.859375,0.9609375,1.0,1.0,1.0,0.8674698795180723,0.8,0.935064935064935,1.0,1.0,1.0,0.8900939399688546,0.8900939399688546,0.8900939399688546,0.0
leaky_model,xgboost,isotonic,False,28,1.0,0.9999999999999999,1.0,1.0,1.0,1.0,1.0,1.0,1.0,1.0,1.0,1.0,1.0,1.0,1.0,1.0,1.0,1.0,1.0,1.0,1.0,1.0,1.0,1.0,1.1534869717800011e-05,1.6553099599266357e-06,2.524709549759673e-05,,,,-0.4552558753559031,-1.0339421002435558,0.31767903685454246,0.0006763350628116577,0.0002899361890708836,0.001219991080007617,0.8984375,0.84375,0.9453125,1.0,1.0,1.0,0.8470588235294118,0.782608695652174,0.9113924050632911,1.0,1.0,1.0,0.9997737312316894,0.9997737312316894,0.9997737312316894,0.0
leaky_model,xgboost,none,False,28,1.0,0.9999999999999999,1.0,1.0,1.0,1.0,1.0,1.0,1.0,1.0,1.0,1.0,1.0,1.0,1.0,1.0,1.0,1.0,1.0,1.0,1.0,1.0,1.0,1.0,0.0003138085693180922,0.0002490552169243733,0.0003929237973859052,,,,-0.031883809614066456,-0.09732699766975614,0.03654514196520379,0.015293425095267633,0.014311332400026772,0.016416576738469284,0.9453125,0.8984375,0.984375,1.0,1.0,1.0,0.9113924050632911,0.8470588235294118,0.972972972972973,1.0,1.0,1.0,0.9779969644546509,0.9779969644546509,0.9779969644546509,0.0
leaky_model,xgboost,sigmoid,False,28,1.0,0.9999999999999999,1.0,1.0,1.0,1.0,1.0,1.0,1.0,1.0,1.0,1.0,1.0,1.0,1.0,1.0,1.0,1.0,1.0,1.0,1.0,1.0,1.0,1.0,0.002210853630489705,0.0021573001215614545,0.0022794301974067522,,,,0.025174573909118966,0.013210544969699619,0.03551582912951318,0.04531204972960047,0.04488823054292313,0.045834292041768816,1.0,1.0,1.0,1.0,1.0,1.0,1.0,1.0,1.0,1.0,1.0,1.0,0.9508390459342939,0.9508390459342939,0.9508390459342939,0.0
low_cost_model,dummy,isotonic,True,11,0.47227647569444453,0.3920884874131944,0.5525865342881944,0.6255828458454166,0.5888386908480207,0.6750149038783717,1.0,1.0,1.0,0.0,0.0,0.0,0.64,0.64,0.64,,,,0.7804878048780487,0.7804878048780487,0.7804878048780487,0.5,0.5,0.5,0.230477109375,0.2302838916015625,0.23066866640625,-17.740318734697006,-23.94508061039194,20.895138548214078,3.854976351088828e-17,-0.0008681695052028691,0.0008408378212580718,0.0,6.093749999880602e-06,0.00023749999999989334,1.0,1.0,1.0,0.0,0.0,0.0,,,,0.64,0.64,0.64,0.6366666666666666,0.6366666666666666,0.6366666666666666,0.0
low_cost_model,dummy,none,True,11,0.47227647569444453,0.3902913411458333,0.5562798394097221,0.6255828458454166,0.5890662125057472,0.6762186892511729,1.0,1.0,1.0,0.0,0.0,0.0,0.64,0.64,0.64,,,,0.7804878048780487,0.7804878048780487,0.7804878048780487,0.5,0.5,0.5,0.230477109375,0.230279939453125,0.23066565,-17.740318734697006,-23.919437708845468,20.33924634775217,3.854976351088828e-17,-0.0008688495844244159,0.000867957571287711,0.0,1.1102230246251565e-16,0.00023124999999990514,1.0,1.0,1.0,0.0,0.0,0.0,,,,0.64,0.64,0.64,0.6366666666666667,0.6366666666666667,0.6366666666666667,0.0
low_cost_model,dummy,sigmoid,True,11,0.47227647569444453,0.39078233506944443,0.5589219835069444,0.6255828458454166,0.5889881291388683,0.6770372774544833,1.0,1.0,1.0,0.0,0.0,0.0,0.64,0.64,0.64,,,,0.7804878048780487,0.7804878048780487,0.7804878048780487,0.5,0.5,0.5,0.23047785338932422,0.23028007263664266,0.2306728593810759,-17.946360052737102,-24.067556922157213,22.235855096667322,0.005374925379678826,0.004463085927848654,0.006206115542245982,0.0012393012896696476,0.001028925959015936,0.0014311140911481557,1.0,1.0,1.0,0.0,0.0,0.0,,,,0.64,0.64,0.64,0.6346558996314265,0.6346558996314265,0.6346558996314265,0.0
low_cost_model,ebm,isotonic,True,11,0.9866536458333334,0.9693983289930557,0.998263888888889,0.9941236825017332,0.9869232248513724,0.9990998920442167,0.9609375,0.921875,0.9921875,0.9861111111111112,0.9583333333333334,1.0,0.9919354838709677,0.975609756097561,1.0,0.9342105263157895,0.8780487804878049,0.9861111111111112,0.9761904761904763,0.9554655870445343,0.9921875,0.9735243055555556,0.9509548611111112,0.9921875,0.02758784089029255,0.012271524536374348,0.046983940060579994,1.0085800384006167,0.6560800129055774,1.9654864634683633,0.13090353514976238,-0.5308031474734557,0.7107731368346917,0.030542448044301652,0.01906601384343493,0.054694122747540444,0.921875,0.875,0.9609375,1.0,1.0,1.0,0.8780487804878049,0.8181818181818182,0.935064935064935,1.0,1.0,1.0,0.8489635470263831,0.8489635470263831,0.8489635470263831,0.002497605012535314
low_cost_model,ebm,none,True,11,0.9875217013888888,0.9734130859375001,0.9982638888888888,0.9942100789481751,0.9879631386810586,0.9991148785196893,0.9609375,0.921875,0.9921875,1.0,1.0,1.0,1.0,1.0,1.0,0.935064935064935,0.8780487804878049,0.9863013698630136,0.9800796812749004,0.959349593495935,0.996078431372549,0.98046875,0.9609375,0.99609375,0.026958400650449344,0.009438185788459024,0.04691482556945815,0.8127601064501371,0.6065575700215522,1.6163179375177374,0.5911403875104029,-0.3302805911206276,1.4232404386106365,0.033582772132902526,0.018195373398915846,0.056527306852042804,0.8984375,0.84375,0.9453125,1.0,1.0,1.0,0.8470588235294118,0.782608695652174,0.9113924050632911,1.0,1.0,1.0,0.9544334188277338,0.9544334188277338,0.9544334188277338,0.004884921901616583
low_cost_model,ebm,sigmoid,True,11,0.9880642361111112,0.9741726345486111,0.9977213541666666,0.9943782287864182,0.9879135690025981,0.9988115357382771,0.953125,0.9140625,0.984375,1.0,1.0,1.0,1.0,1.0,1.0,0.9230769230769231,0.8674698795180723,0.972972972972973,0.976,0.9551020408163265,0.9921259842519685,0.9765625,0.95703125,0.9921875,0.04356734112725711,0.03129714985646605,0.0589102339187782,3.1691805422427746,2.391314252098901,5.131042999532108,0.06575834152885521,-0.1439302242047617,0.2655126192442204,0.09983952951973665,0.0793771798438344,0.12082953890425463,0.9140625,0.8671875,0.9609375,1.0,1.0,1.0,0.8674698795180723,0.8089887640449438,0.935064935064935,1.0,1.0,1.0,0.6031917737291111,0.6031917737291111,0.6031917737291111,0.0018081958734784223
low_cost_model,logreg,isotonic,True,11,0.9837239583333333,0.9672309027777778,0.9963107638888888,0.9925085766328406,0.9850352196519749,0.9982996542732261,0.953125,0.9140625,0.984375,1.0,1.0,1.0,1.0,1.0,1.0,0.9230769230769231,0.8674698795180723,0.972972972972973,0.976,0.9551020408163265,0.9921259842519685,0.9765625,0.95703125,0.9921875,0.02791771612809397,0.010734032342317276,0.04966893666412462,0.9574299504647075,0.7082631366926441,1.758055716906962,0.3467161369159479,-0.5861162732452746,1.0179284136591042,0.02158982298319461,0.008425886985793373,0.04715114671140464,0.9375,0.890625,0.9765625,1.0,1.0,1.0,0.9,0.8372093023255814,0.96,1.0,1.0,1.0,0.9300888453904702,0.9300888453904702,0.9300888453904702,0.0026659937645369313
low_cost_model,logreg,none,True,11,0.9888237847222222,0.9736328125,0.9989176432291667,0.9949290458527814,0.988488727885631,0.9994345077232596,0.9375,0.890625,0.9765625,1.0,1.0,1.0,1.0,1.0,1.0,0.9,0.8372093023255814,0.96,0.967741935483871,0.9421487603305785,0.9881422924901185,0.96875,0.9453125,0.98828125,0.04123905554748629,0.025199550548294276,0.059693276726869096,3.2563316723047744,2.266985197453256,10.746763824901917,0.4846445933407701,0.2458233384030327,0.7126031906731548,0.07312973313175251,0.055828978398241046,0.09955859285410595,0.9140625,0.859375,0.9609375,1.0,1.0,1.0,0.8674698795180723,0.8,0.935064935064935,1.0,1.0,1.0,0.6004031240292413,0.6004031240292413,0.6004031240292413,0.003843888179688788
low_cost_model,logreg,sigmoid,True,11,0.9814453125,0.9624565972222222,0.9956624348958334,0.9916152570209036,0.9831590280690837,0.998127304502668,0.953125,0.9140625,0.984375,1.0,1.0,1.0,1.0,1.0,1.0,0.9230769230769231,0.8674698795180723,0.972972972972973,0.976,0.9551020408163265,0.9921259842519685,0.9765625,0.95703125,0.9921875,0.04162248603578794,0.027850996285854718,0.05926377641682219,3.0456702877678308,2.3765796500541327,4.79236052945708,0.06121023079803281,-0.17017646934578134,0.2930486708266865,0.08349826035564908,0.06079354170073041,0.10680998189844103,0.9140625,0.859375,0.9609375,1.0,1.0,1.0,0.8674698795180723,0.8,0.935064935064935,1.0,1.0,1.0,0.6252924814832157,0.6252924814832157,0.6252924814832157,0.0035405534977027624
low_cost_model,random_forest,isotonic,True,11,0.9900173611111112,0.977756076388889,0.9986979166666667,0.9952759603153014,0.9896849622307362,0.9993303571428571,0.96875,0.9375,0.9921875,1.0,1.0,1.0,1.0,1.0,1.0,0.9473684210526315,0.9,0.9863013698630136,0.9841269841269841,0.967741935483871,0.996078431372549,0.984375,0.96875,0.99609375,0.02353069775032229,0.008100068868658019,0.04226355798648107,0.8421872456970407,0.6248095551263796,1.462637216400546,0.1459195820489393,-0.8921091582712458,0.992381553614723,0.02950931703213899,0.014106608321327126,0.05159027219705588,0.921875,0.875,0.9609375,1.0,1.0,1.0,0.8780487804878049,0.8181818181818182,0.935064935064935,1.0,1.0,1.0,0.9553057582834288,0.9553057582834288,0.9553057582834288,0.00713644572538858
low_cost_model,random_forest,none,True,11,0.9920789930555556,0.9805745442708332,0.9992404513888888,0.9962370596629181,0.9911035074370251,0.9995854163226218,0.9609375,0.921875,0.9921875,1.0,1.0,1.0,1.0,1.0,1.0,0.935064935064935,0.8780487804878049,0.9863013698630136,0.9800796812749004,0.959349593495935,0.996078431372549,0.98046875,0.9609375,0.99609375,0.0300754227346847,0.016787006416771836,0.0470067272439772,2.2174924576448634,1.7897895923081417,3.347696545113514,0.2988599122606914,0.03963498234284325,0.5640032155886247,0.06281948912061985,0.049007481275398536,0.0838566889783266,0.921875,0.875,0.96875,1.0,1.0,1.0,0.8780487804878049,0.8181818181818182,0.9473684210526315,1.0,1.0,1.0,0.6942703032710316,0.6942703032710316,0.6942703032710316,0.0028875388063684653
low_cost_model,random_forest,sigmoid,True,11,0.9888237847222222,0.9743896484375,0.998263888888889,0.9947839668588261,0.9883327658722059,0.9991319444444444,0.96875,0.9375,0.9921875,1.0,1.0,1.0,1.0,1.0,1.0,0.9473684210526315,0.9,0.9863013698630136,0.9841269841269841,0.967741935483871,0.996078431372549,0.984375,0.96875,0.99609375,0.02631655662416416,0.013181076300842955,0.04402953795936193,1.9342851607908451,1.5781969927106938,2.764091881764653,0.05547892979628208,-0.2080408247058627,0.33147561351086413,0.05775427693916393,0.04440606682104332,0.07553136953977747,0.9140625,0.8669921875000004,0.9609375,1.0,1.0,1.0,0.8674698795180723,0.8087640449438206,0.935064935064935,1.0,1.0,1.0,0.8051573518810383,0.8051573518810383,0.8051573518810383,0.005802332127734412
low_cost_model,svm,isotonic,True,11,0.9932725694444445,0.9833957248263889,0.9996744791666666,0.9967742437956668,0.9921880286583197,0.9998210877862596,0.96875,0.9375,0.9921875,1.0,1.0,1.0,1.0,1.0,1.0,0.9473684210526315,0.9,0.9863013698630136,0.9841269841269841,0.967741935483871,0.996078431372549,0.984375,0.96875,0.99609375,0.019172094992059966,0.006435300645356063,0.03579056897558287,1.2570741692922407,0.8435611326468841,3.292967847725981,0.06349928221281032,-0.8288629314414653,0.7471843731936181,0.009964898426285108,0.008901001642923113,0.03313835133521687,0.921875,0.875,0.96875,1.0,1.0,1.0,0.8780487804878049,0.8181818181818182,0.9473684210526315,1.0,1.0,1.0,0.9672189501168481,0.9672189501168481,0.9672189501168481,0.003916033514023125
low_cost_model,svm,none,True,11,0.9908854166666667,0.9785156250000001,0.9993489583333334,0.9957508402085797,0.9902169186243115,0.9996501865671642,0.96875,0.9375,0.9921875,1.0,1.0,1.0,1.0,1.0,1.0,0.9473684210526315,0.9,0.9863013698630136,0.9841269841269841,0.967741935483871,0.996078431372549,0.984375,0.96875,0.99609375,0.021044378973145726,0.008667975565328365,0.036979272452629885,2.226822348411145,1.7016249339072367,5.495147820906703,-0.09399257362269293,-0.6243293456350942,0.3538160706165966,0.024570630253404113,0.01761670612269427,0.0418959586650768,0.921875,0.875,0.9609375,1.0,1.0,1.0,0.8780487804878049,0.8181818181818182,0.935064935064935,1.0,1.0,1.0,0.907234324918486,0.907234324918486,0.907234324918486,0.0029818687564787264
low_cost_model,svm,sigmoid,True,11,0.9906684027777778,0.9785101996527777,0.9996744791666666,0.9956684115118974,0.9902021523631094,0.9998210877862596,0.96875,0.9375,0.9921875,1.0,1.0,1.0,1.0,1.0,1.0,0.9473684210526315,0.9,0.9863013698630136,0.9841269841269841,0.967741935483871,0.996078431372549,0.984375,0.96875,0.99609375,0.02849605317861963,0.016297705934946338,0.04199449833480882,3.439242044059088,2.6022808249901677,9.325206636601624,0.005122111148935103,-0.2362801195933074,0.23456294828603957,0.0713897246322841,0.052880593600115676,0.09006662837810508,0.9140625,0.859375,0.9609375,1.0,1.0,1.0,0.8674698795180723,0.8,0.935064935064935,1.0,1.0,1.0,0.7618257972346183,0.7618257972346183,0.7618257972346183,0.003287151575455966
low_cost_model,xgboost,isotonic,True,11,0.9869791666666666,0.9738471137152778,0.9971788194444444,0.9937285029035139,0.9876553363193578,0.9985977564102564,0.953125,0.9140625,0.984375,0.9861111111111112,0.9583333333333334,1.0,0.991869918699187,0.9754098360655737,1.0,0.922077922077922,0.8658536585365854,0.972972972972973,0.9721115537848606,0.9508196721311475,0.9921259842519685,0.9696180555555556,0.9448567708333334,0.9891493055555556,0.030515981485741608,0.013993477865872983,0.049526072777339884,1.1136302697840155,0.8272258347883708,1.8425548163855054,0.13079195195143317,-0.5574273583360911,0.7653574208309499,0.025917610217576978,0.016419899971741116,0.052194142731984895,0.9140625,0.859375,0.9609375,1.0,1.0,1.0,0.8674698795180723,0.8,0.935064935064935,1.0,1.0,1.0,0.8842815867066384,0.8842815867066384,0.8842815867066384,0.004091265815435826
low_cost_model,xgboost,none,True,11,0.9860026041666667,0.9717854817708335,0.9968532986111109,0.9932744103246076,0.9867171379891263,0.9984733071810682,0.953125,0.9140625,0.984375,1.0,1.0,1.0,1.0,1.0,1.0,0.9230769230769231,0.8674698795180723,0.972972972972973,0.976,0.9551020408163265,0.9921259842519685,0.9765625,0.95703125,0.9921875,0.03533139748303198,0.020793877573530174,0.053324418048884485,2.024361748795665,1.6181518044300676,3.18978328647911,0.19805377953141967,-0.13757668635816453,0.5288714918414154,0.059219309794250975,0.044713532651797776,0.08483507192940447,0.9140625,0.859375,0.9609375,1.0,1.0,1.0,0.8674698795180723,0.8,0.935064935064935,1.0,1.0,1.0,0.703469511270523,0.703469511270523,0.703469511270523,0.003540844458256963
low_cost_model,xgboost,sigmoid,True,11,0.9860026041666667,0.9710286458333334,0.996853298611111,0.9933147653451131,0.9866064766047845,0.9984468199245518,0.953125,0.9140625,0.984375,1.0,1.0,1.0,1.0,1.0,1.0,0.9230769230769231,0.8674698795180723,0.972972972972973,0.976,0.9551020408163265,0.9921259842519685,0.9765625,0.95703125,0.9921875,0.03439543373829099,0.019594680819049772,0.051394036768452375,2.0231204121540243,1.6672375069828147,2.990449761188464,0.054000063425402006,-0.22341956669622373,0.3051050639501645,0.06322385526581356,0.05292092165438982,0.08874301157560355,0.9140625,0.8671875,0.9609375,1.0,1.0,1.0,0.8674698795180723,0.8089887640449438,0.935064935064935,1.0,1.0,1.0,0.7672031537582973,0.7672031537582973,0.7672031537582973,0.0038800526700808777
low_cost_plus_urine_micro_model,dummy,isotonic,True,15,0.47227647569444453,0.3895358615451389,0.5562703450520833,0.6255828458454166,0.5880504990904173,0.6781966355047332,1.0,1.0,1.0,0.0,0.0,0.0,0.64,0.64,0.64,,,,0.7804878048780487,0.7804878048780487,0.7804878048780487,0.5,0.5,0.5,0.230477109375,0.2302780810546875,0.23067090195312503,-17.740318734697006,-23.822863880938048,21.205083660280163,3.854976351088828e-17,-0.0009224364129306131,0.0008679575889397075,0.0,6.2499999998744116e-06,0.00023125000000001893,1.0,1.0,1.0,0.0,0.0,0.0,,,,0.64,0.64,0.64,0.6366666666666666,0.6366666666666666,0.6366666666666666,0.0
low_cost_plus_urine_micro_model,dummy,none,True,15,0.47227647569444453,0.3900702582465278,0.5537122938368055,0.6255828458454166,0.5876215332655861,0.6746906883969371,1.0,1.0,1.0,0.0,0.0,0.0,0.64,0.64,0.64,,,,0.7804878048780487,0.7804878048780487,0.7804878048780487,0.5,0.5,0.5,0.230477109375,0.23028559902343745,0.23067480937499998,-17.740318734697006,-23.826271761636292,21.1846501091736,3.854976351088828e-17,-0.0008953022566303341,0.000922197594557254,0.0,1.1102230246251565e-16,0.00023140625000012043,1.0,1.0,1.0,0.0,0.0,0.0,,,,0.64,0.64,0.64,0.6366666666666667,0.6366666666666667,0.6366666666666667,0.0
low_cost_plus_urine_micro_model,dummy,sigmoid,True,15,0.47227647569444453,0.38903130425347227,0.5516886393229165,0.6255828458454166,0.5880137940522198,0.674042199425157,1.0,1.0,1.0,0.0,0.0,0.0,0.64,0.64,0.64,,,,0.7804878048780487,0.7804878048780487,0.7804878048780487,0.5,0.5,0.5,0.23047785338932422,0.23028807460967843,0.2306726830121323,-17.946360052737102,-24.027945634917042,19.02720304152448,0.005374925379678826,0.004543551550847632,0.00617997640602421,0.0012393012896696476,0.0010474884881912505,0.0014250812691661387,1.0,1.0,1.0,0.0,0.0,0.0,,,,0.64,0.64,0.64,0.6346558996314265,0.6346558996314265,0.6346558996314265,0.0
low_cost_plus_urine_micro_model,ebm,isotonic,True,15,0.9876844618055557,0.9699964735243056,0.9993489583333334,0.9945425737385423,0.9871842027654757,0.9996394908386188,0.96875,0.9375,0.9921875,0.9861111111111112,0.9583333333333334,1.0,0.992,0.9758064516129032,1.0,0.9466666666666667,0.8961038961038961,0.9863013698630136,0.9802371541501976,0.96,0.996078431372549,0.9774305555555556,0.9548611111111112,0.99609375,0.024775850246177348,0.009855591431081159,0.04416672498559086,0.7755607191314692,0.4916913614936833,3.3450716878380184,0.13749839566033953,-0.5420621976007718,0.7736520239451988,0.029894561643903757,0.021766383091424608,0.054946276313102525,0.9140625,0.8671875,0.9609375,1.0,1.0,1.0,0.8674698795180723,0.8089887640449438,0.935064935064935,1.0,1.0,1.0,0.8752461359709451,0.8752461359709451,0.8752461359709451,0.0025844818989240906
low_cost_plus_urine_micro_model,ebm,none,True,15,0.9895833333333334,0.9753689236111112,0.9988064236111112,0.9952162705503611,0.9890665724339341,0.9993817446043165,0.9609375,0.921875,0.9921875,1.0,1.0,1.0,1.0,1.0,1.0,0.935064935064935,0.8780487804878049,0.9863013698630136,0.9800796812749004,0.959349593495935,0.996078431372549,0.98046875,0.9609375,0.99609375,0.02372192900242871,0.008350451170474775,0.04363007321011374,0.8293689458091075,0.5854616242739689,1.913393762274237,0.49362266857284287,-0.34737513599179076,1.3405420542509436,0.028827805530120154,0.016329166829358702,0.05228990410390694,0.8828125,0.8203125,0.9375,1.0,1.0,1.0,0.8275862068965517,0.7578947368421053,0.9,1.0,1.0,1.0,0.965570008305686,0.965570008305686,0.965570008305686,0.00510017267589101
low_cost_plus_urine_micro_model,ebm,sigmoid,True,15,0.9898003472222222,0.9769883897569444,0.9985894097222222,0.9952610539206677,0.9895187160724432,0.9992796985815603,0.953125,0.9140625,0.984375,1.0,1.0,1.0,1.0,1.0,1.0,0.9230769230769231,0.8674698795180723,0.972972972972973,0.976,0.9551020408163265,0.9921259842519685,0.9765625,0.95703125,0.9921875,0.04285976909154317,0.03142514261857834,0.05663228870365786,3.475644066404749,2.4976845897863065,6.126763607860672,0.06383734830272424,-0.14996403158130983,0.27372955778138935,0.10721868635059636,0.08500174140323559,0.13033959538228754,0.90625,0.8515625,0.953125,1.0,1.0,1.0,0.8571428571428571,0.7912087912087912,0.9230769230769231,1.0,1.0,1.0,0.605961216326022,0.605961216326022,0.605961216326022,0.0029362107482063518
low_cost_plus_urine_micro_model,logreg,isotonic,True,15,0.9841579861111112,0.9680962456597222,0.9963134765625,0.9926765119781109,0.9855107325884729,0.9983612980216241,0.953125,0.9140625,0.984375,1.0,1.0,1.0,1.0,1.0,1.0,0.9230769230769231,0.8674698795180723,0.972972972972973,0.976,0.9551020408163265,0.9921259842519685,0.9765625,0.95703125,0.9921875,0.026086956755218726,0.009209942934753627,0.0460892747018162,1.1881543570224884,0.9126346986542114,2.0729508016300584,0.3266433339044971,-0.5057899301480335,0.9556503696172737,0.03596640593038355,0.01832799580847397,0.059365783480991,0.9296875,0.8828125,0.96875,1.0,1.0,1.0,0.8888888888888888,0.8275862068965517,0.9473684210526315,1.0,1.0,1.0,0.9122721518955441,0.9122721518955441,0.9122721518955441,0.003882706890474615
low_cost_plus_urine_micro_model,logreg,none,True,15,0.9868706597222222,0.9717854817708333,0.9971788194444444,0.9938169405166811,0.9871217890330055,0.9985599573130957,0.9140625,0.859375,0.9609375,1.0,1.0,1.0,1.0,1.0,1.0,0.8674698795180723,0.8,0.935064935064935,0.9551020408163265,0.9243697478991597,0.9800796812749004,0.95703125,0.9296875,0.98046875,0.04993816365425865,0.03411213226007661,0.0696633111269649,3.8058104075665002,2.8720775017634113,7.584397513699802,0.5405850902517214,0.35228309104362404,0.7337947184030554,0.10038624126027386,0.07977882757486278,0.12740506198319393,0.9140625,0.859375,0.9609375,1.0,1.0,1.0,0.8674698795180723,0.8,0.935064935064935,1.0,1.0,1.0,0.5056422340813809,0.5056422340813809,0.5056422340813809,0.0029572870496715276
low_cost_plus_urine_micro_model,logreg,sigmoid,True,15,0.981662326388889,0.9633246527777778,0.9959852430555555,0.9917521486615528,0.983740041790022,0.9982481060606061,0.953125,0.9140625,0.984375,1.0,1.0,1.0,1.0,1.0,1.0,0.9230769230769231,0.8674698795180723,0.972972972972973,0.976,0.9551020408163265,0.9921259842519685,0.9765625,0.95703125,0.9921875,0.04244520757560622,0.02824179302282686,0.05835825061996722,3.1787274628686846,2.4029392844791397,5.57624460173503,0.06034176940308931,-0.16307741351180235,0.28750412556511035,0.09386281305821541,0.06918590066361086,0.11698640780333953,0.921875,0.875,0.9609375,1.0,1.0,1.0,0.8780487804878049,0.8181818181818182,0.935064935064935,1.0,1.0,1.0,0.598059519333468,0.598059519333468,0.598059519333468,0.004492960610975963
low_cost_plus_urine_micro_model,random_forest,isotonic,True,15,0.9906684027777778,0.9778618706597222,0.9991319444444444,0.99559193192691,0.9897884924447337,0.9995404411764706,0.96875,0.9375,0.9921875,1.0,1.0,1.0,1.0,1.0,1.0,0.9473684210526315,0.9,0.9863013698630136,0.9841269841269841,0.967741935483871,0.996078431372549,0.984375,0.96875,0.99609375,0.021850950209804057,0.007364680343225089,0.04047099098452794,0.9377210168454321,0.6799521984239003,1.6205285841696075,0.06079267253023834,-0.9617080585877551,0.8924364895392758,0.019710633901538058,0.010946349680295333,0.044341805559158926,0.9375,0.890625,0.9765625,1.0,1.0,1.0,0.9,0.8372093023255814,0.96,1.0,1.0,1.0,0.9498496793988577,0.9498496793988577,0.9498496793988577,0.005456723507239668
low_cost_plus_urine_micro_model,random_forest,none,True,15,0.9918619791666667,0.9798149956597223,0.9993516710069444,0.9961720184420161,0.9909211716129623,0.9996515893277971,0.9609375,0.921875,0.9921875,1.0,1.0,1.0,1.0,1.0,1.0,0.935064935064935,0.8780487804878049,0.9863013698630136,0.9800796812749004,0.959349593495935,0.996078431372549,0.98046875,0.9609375,0.99609375,0.03344466806427167,0.020937269373376206,0.04927640975882644,2.849190032054272,2.233816334563351,4.519584110201959,0.2528942993957726,0.0309729548736423,0.48926690147442703,0.08429452113759812,0.06764283395966933,0.10747838995575525,0.90625,0.8515625,0.953125,1.0,1.0,1.0,0.8571428571428571,0.7912087912087912,0.9230769230769231,1.0,1.0,1.0,0.6706787473957511,0.6706787473957511,0.6706787473957511,0.003382607188161417
low_cost_plus_urine_micro_model,random_forest,sigmoid,True,15,0.9909939236111112,0.9795979817708333,0.9989149305555555,0.9956585657999815,0.9904497523593769,0.9994338768115942,0.96875,0.9375,0.9921875,1.0,1.0,1.0,1.0,1.0,1.0,0.9473684210526315,0.9,0.9863013698630136,0.9841269841269841,0.967741935483871,0.996078431372549,0.984375,0.96875,0.99609375,0.026089962691737648,0.013106044898097474,0.042538699863722225,2.146780812534853,1.7451585867113955,3.124277593134999,0.04909384561533267,-0.19545802604071788,0.3057031829460533,0.05919608382999931,0.04309466023083559,0.07719343707293269,0.9140625,0.859375,0.9609375,1.0,1.0,1.0,0.8674698795180723,0.8,0.935064935064935,1.0,1.0,1.0,0.7878031205941268,0.7878031205941268,0.7878031205941268,0.005639752167932319
low_cost_plus_urine_micro_model,svm,isotonic,True,15,0.9908854166666666,0.9771023220486111,0.9997829861111112,0.9958407073419474,0.9898670989794699,0.9998798076923077,0.9609375,0.921875,0.9921875,1.0,1.0,1.0,1.0,1.0,1.0,0.935064935064935,0.8780487804878049,0.9863013698630136,0.9800796812749004,0.959349593495935,0.996078431372549,0.98046875,0.9609375,0.99609375,0.021089959242769015,0.006508071607949375,0.03890950780081123,1.1124284384272147,0.7856106649948306,2.5662143533984763,0.24793684225841553,-0.6625048459957495,0.9048441323738448,0.015049577565559084,0.008793457225286475,0.03743813140397562,0.921875,0.8671875,0.9609375,1.0,1.0,1.0,0.8780487804878049,0.8089887640449438,0.935064935064935,1.0,1.0,1.0,0.9640417314773141,0.9640417314773141,0.9640417314773141,0.0046963893916808835
low_cost_plus_urine_micro_model,svm,none,True,15,0.990017361111111,0.975802951388889,0.9998914930555556,0.9955236077691798,0.9895065113743504,0.9999394379844961,0.9609375,0.921875,0.9921875,1.0,1.0,1.0,1.0,1.0,1.0,0.935064935064935,0.8780487804878049,0.9863013698630136,0.9800796812749004,0.959349593495935,0.996078431372549,0.98046875,0.9609375,0.99609375,0.023964673655137377,0.009361741973930858,0.04201765600121042,2.245254190059724,1.480173950652031,10.10705325705794,0.03840309757264619,-0.4932784264724676,0.4571627913169869,0.029458004136161984,0.017702096107081088,0.05047675710809501,0.9140625,0.859375,0.9609375,1.0,1.0,1.0,0.8674698795180723,0.8,0.935064935064935,1.0,1.0,1.0,0.8702995419143739,0.8702995419143739,0.8702995419143739,0.006968393356066218
low_cost_plus_urine_micro_model,svm,sigmoid,True,15,0.989474826388889,0.9754747178819446,0.9998914930555556,0.9953020720598845,0.9892114082014458,0.9999394379844961,0.9609375,0.921875,0.9921875,1.0,1.0,1.0,1.0,1.0,1.0,0.935064935064935,0.8780487804878049,0.9863013698630136,0.9800796812749004,0.959349593495935,0.996078431372549,0.98046875,0.9609375,0.99609375,0.03225148626388131,0.019620622802743386,0.04776036909538737,3.641878569219395,2.466102784641566,11.687173253526502,0.04039049644465517,-0.2060161708669907,0.2653517334218506,0.0710175397467989,0.051616843908117535,0.0914879961720615,0.921875,0.875,0.9609375,1.0,1.0,1.0,0.8780487804878049,0.8181818181818182,0.935064935064935,1.0,1.0,1.0,0.7174650075343593,0.7174650075343593,0.7174650075343593,0.00476263913541936
low_cost_plus_urine_micro_model,xgboost,isotonic,True,15,0.9873046875,0.972873263888889,0.9970703125,0.9938382948534785,0.9870864221635499,0.9985286852354259,0.953125,0.9140625,0.984375,0.9861111111111112,0.9583333333333334,1.0,0.991869918699187,0.9754098360655737,1.0,0.922077922077922,0.8658536585365854,0.972972972972973,0.9721115537848606,0.9482071713147411,0.9921259842519685,0.9696180555555556,0.9453016493055556,0.9891493055555556,0.031018706316020977,0.0144596165881699,0.05112302100971379,1.1135016734728942,0.8452640502511365,1.8399440012731865,0.13838681158569516,-0.5244061115943751,0.749749306055638,0.02927537269424652,0.017781940055487198,0.05509282707769306,0.921875,0.875,0.9609375,1.0,1.0,1.0,0.8780487804878049,0.8181818181818182,0.935064935064935,1.0,1.0,1.0,0.8632764123380184,0.8632764123380184,0.8632764123380184,0.005180283353788891
low_cost_plus_urine_micro_model,xgboost,none,True,15,0.9866536458333333,0.9723307291666667,0.9969618055555556,0.993608721139799,0.9870439004237636,0.9985166139240507,0.953125,0.9140625,0.984375,1.0,1.0,1.0,1.0,1.0,1.0,0.9230769230769231,0.8674698795180723,0.972972972972973,0.976,0.9551020408163265,0.9921259842519685,0.9765625,0.95703125,0.9921875,0.035206279471750354,0.020098809620132926,0.05257453288204655,1.9991736271045089,1.5876946374115308,3.1824874788926953,0.20293114599138054,-0.1543115311747974,0.5212885776425403,0.05780477275419975,0.04330703856619069,0.08358867149250583,0.921875,0.875,0.9609375,1.0,1.0,1.0,0.8780487804878049,0.8181818181818182,0.935064935064935,1.0,1.0,1.0,0.6999750995635986,0.6999750995635986,0.6999750995635986,0.003980260426832863
low_cost_plus_urine_micro_model,xgboost,sigmoid,True,15,0.9871961805555556,0.9736328125,0.9970703125,0.9938464199075286,0.9874702710123238,0.9985719755932149,0.953125,0.9140625,0.984375,0.9861111111111112,0.9583333333333334,1.0,0.991869918699187,0.9754098360655737,1.0,0.922077922077922,0.8658536585365854,0.972972972972973,0.9721115537848606,0.9508196721311475,0.9921259842519685,0.9696180555555556,0.9440104166666667,0.9891493055555556,0.03458798244823592,0.01979328648553992,0.051609234849625076,2.0070369013048905,1.6412511226819724,3.079745310460689,0.0587791304967516,-0.1909043617889238,0.32543912139981257,0.060414370372887036,0.05197868031121349,0.087345388779708,0.9140625,0.859375,0.9533203124999989,1.0,1.0,1.0,0.8674698795180723,0.8,0.9233766233766217,1.0,1.0,1.0,0.7567485708938044,0.7567485708938044,0.7567485708938044,0.004359123851692524
